case,rho,design,parent_n,replicate,observed_n,A,B,C,D,train_n,validation_n,true_membership,logE_true,distance_to_threshold,prediction,arithmetic,method,resolved_bin_L1_Q,bright_probability_RMSE_Q,bright_probability_RMSE_P_reference,record_law_TV,invisible_mass,true_invisible_mass,Q_mass_resolved,seconds,iterations,score,status,tail_feasible,min_mean_loglik_gain,invisible_drift
rho0.55_N1000_r000,0.55,shallow,1000,0,762,373,188,201,238,380,382,True,-291.05724950389043,294.0529817774444,stratumwise_add_one,float64 evaluation; not a rational certificate,D_completion,0.305329116319679,0.007675334051258252,0.009328217341933587,0.15618936949230072,0.1425369565965509,0.1712581898853389,0.6557974051797312,0.007226225999943381,52,7.698049539899294e-08,score_tolerance_reached_not_global_certificate,True,0.0,0.0
rho0.55_N1000_r000,0.55,shallow,1000,0,762,373,188,201,238,380,382,True,-291.05724950389043,294.0529817774444,stratumwise_add_one,float64 evaluation; not a rational certificate,no_D_ablation,0.3560977221241758,0.023515248455140417,0.05326068551625494,0.1780188752307576,0.0,0.1712581898853389,0.7578562828528519,0.006231651999996757,63,9.793278676895056e-08,score_tolerance_reached_not_global_certificate,,1.7763568394002505e-15,0.1425369565965509
rho0.55_N1000_r000,0.55,shallow,1000,0,762,373,188,201,238,380,382,True,-291.05724950389043,294.0529817774444,stratumwise_add_one,float64 evaluation; not a rational certificate,A_only_histogram,0.6290994897849929,0.16129421808556413,0.19051826381751555,0.4188629017861756,0.0,0.1712581898853389,1.0,0.0,0,0.0,deliberately_uncorrected_histogram,,,
rho0.55_N1000_r000,0.55,deep,1000,0,816,494,154,168,184,411,405,True,-303.1989068941359,306.1946391676899,stratumwise_add_one,float64 evaluation; not a rational certificate,D_completion,0.4584850484496294,0.006245254134525209,0.006165192976688718,0.18568064798429862,0.033279071736023486,0.020462128659449963,0.909637064745049,0.010845162000009623,52,7.591857725481746e-08,score_tolerance_reached_not_global_certificate,True,3.828839467701073e-10,0.0
rho0.55_N1000_r000,0.55,deep,1000,0,816,494,154,168,184,411,405,True,-303.1989068941359,306.1946391676899,stratumwise_add_one,float64 evaluation; not a rational certificate,no_D_ablation,0.5481157676734556,0.03708477057661671,0.04011047971761123,0.20802471085587343,0.0,0.020462128659449963,0.9471158769033767,0.006757697000011831,63,9.793278654690596e-08,score_tolerance_reached_not_global_certificate,,7.034373084024992e-13,0.033279071736023486
rho0.55_N1000_r000,0.55,deep,1000,0,816,494,154,168,184,411,405,True,-303.1989068941359,306.1946391676899,stratumwise_add_one,float64 evaluation; not a rational certificate,A_only_histogram,0.6477480904715516,0.10648968326713991,0.10938085445448784,0.3315846119997584,0.0,0.020462128659449963,1.0,0.0,0,0.0,deliberately_uncorrected_histogram,,,
rho0.55_N1000_r001,0.55,shallow,1000,1,745,343,195,207,255,362,383,True,-306.88640759225893,309.8821398658129,stratumwise_add_one,float64 evaluation; not a rational certificate,D_completion,0.33877341795114413,0.009645227430067642,0.005977771819374574,0.17956911797371872,0.14253695659655094,0.1712581898853389,0.626624852878482,0.00778396700002304,57,7.930937533194767e-08,score_tolerance_reached_not_global_certificate,True,4.598343927852966e-10,2.7755575615628914e-17
rho0.55_N1000_r001,0.55,shallow,1000,1,745,343,195,207,255,362,383,True,-306.88640759225893,309.8821398658129,stratumwise_add_one,float64 evaluation; not a rational certificate,no_D_ablation,0.39632925734170105,0.017273926669939817,0.04674499569587606,0.201265556716474,0.0,0.1712581898853389,0.7394944035196332,0.012341433999949913,103,9.786367138886476e-08,score_tolerance_reached_not_global_certificate,,4.874318726422189e-10,0.1425369565965509
rho0.55_N1000_r001,0.55,shallow,1000,1,745,343,195,207,255,362,383,True,-306.88640759225893,309.8821398658129,stratumwise_add_one,float64 evaluation; not a rational certificate,A_only_histogram,0.6654150730177315,0.15497196812296096,0.18432260862804647,0.42892803246114863,0.0,0.1712581898853389,1.0,0.0,0,0.0,deliberately_uncorrected_histogram,,,
rho0.55_N1000_r001,0.55,deep,1000,1,805,466,164,175,195,390,415,True,-330.65957567814536,333.65530795169934,stratumwise_add_one,float64 evaluation; not a rational certificate,D_completion,0.5005931605477805,0.01125480225336116,0.012579277409445817,0.2111753647337508,0.033279071736023486,0.020462128659449963,0.8819272747077099,0.008722248000026411,57,7.915176589133056e-08,score_tolerance_reached_not_global_certificate,True,4.827880317748168e-10,0.0
rho0.55_N1000_r001,0.55,deep,1000,1,805,466,164,175,195,390,415,True,-330.65957567814536,333.65530795169934,stratumwise_add_one,float64 evaluation; not a rational certificate,no_D_ablation,0.5759008889519612,0.029445093961270343,0.03245243110166765,0.22972634708275821,0.0,0.020462128659449963,0.9297344910529645,0.01114454300000034,103,9.786367161090936e-08,score_tolerance_reached_not_global_certificate,,4.511013784735951e-10,0.033279071736023486
rho0.55_N1000_r001,0.55,deep,1000,1,805,466,164,175,195,390,415,True,-330.65957567814536,333.65530795169934,stratumwise_add_one,float64 evaluation; not a rational certificate,A_only_histogram,0.664643821652195,0.09551295477770594,0.09840766716134568,0.3392221508414168,0.0,0.020462128659449963,1.0,0.0,0,0.0,deliberately_uncorrected_histogram,,,
rho0.55_N1000_r002,0.55,shallow,1000,2,744,380,167,197,256,382,362,True,-324.4276506618521,327.4233829354061,stratumwise_add_one,float64 evaluation; not a rational certificate,D_completion,0.2956226879921817,0.007410833781876962,0.010726914364732248,0.161552109294666,0.1425369565965509,0.1712581898853389,0.6853714928545742,0.004559750999987955,33,9.120921617977729e-08,score_tolerance_reached_not_global_certificate,True,5.9676708019651414e-12,2.7755575615628914e-17
rho0.55_N1000_r002,0.55,shallow,1000,2,744,380,167,197,256,382,362,True,-324.4276506618521,327.4233829354061,stratumwise_add_one,float64 evaluation; not a rational certificate,no_D_ablation,0.3351934137302268,0.024326791733817223,0.05423060777173617,0.18209401075294238,0.0,0.1712581898853389,0.7693735664206364,0.0056059109999750945,35,7.71472463689804e-08,score_tolerance_reached_not_global_certificate,,1.922018100231071e-12,0.1425369565965509
rho0.55_N1000_r002,0.55,shallow,1000,2,744,380,167,197,256,382,362,True,-324.4276506618521,327.4233829354061,stratumwise_add_one,float64 evaluation; not a rational certificate,A_only_histogram,0.5616730696612064,0.14138031026050854,0.17101863390526253,0.3712063592505397,0.0,0.1712581898853389,1.0,0.0,0,0.0,deliberately_uncorrected_histogram,,,
rho0.55_N1000_r002,0.55,deep,1000,2,794,491,134,169,206,411,383,True,-351.499672072003,354.495404345557,stratumwise_add_one,float64 evaluation; not a rational certificate,D_completion,0.4250751230758423,0.008572872893746478,0.0066782280456435025,0.18593717194067544,0.033279071736023486,0.020462128659449963,0.8986795863114513,0.004774656999984472,35,9.046292301425257e-08,score_tolerance_reached_not_global_certificate,True,2.3437127794068147e-09,0.0
rho0.55_N1000_r002,0.55,deep,1000,2,794,491,134,169,206,411,383,True,-351.499672072003,354.495404345557,stratumwise_add_one,float64 evaluation; not a rational certificate,no_D_ablation,0.5206949070130692,0.038592346532589715,0.041630263046686745,0.2095781995670568,0.0,0.020462128659449963,0.9402826586928886,0.006179886000040824,35,7.71472463689804e-08,score_tolerance_reached_not_global_certificate,,4.857154678461484e-10,0.033279071736023486
rho0.55_N1000_r002,0.55,deep,1000,2,794,491,134,169,206,411,383,True,-351.499672072003,354.495404345557,stratumwise_add_one,float64 evaluation; not a rational certificate,A_only_histogram,0.581666878796603,0.09705934567419731,0.10001557336237489,0.289830313045527,0.0,0.020462128659449963,1.0000000000000002,0.0,0,0.0,deliberately_uncorrected_histogram,,,
rho0.55_N1000_r003,0.55,shallow,1000,3,761,353,214,194,239,380,381,True,-323.7200667876868,326.7157990612408,stratumwise_add_one,float64 evaluation; not a rational certificate,D_completion,0.35955711020077485,0.008821905612147542,0.008334215794520794,0.18222294538552725,0.1425369565965509,0.1712581898853389,0.6407393363274292,0.007523172999981398,55,9.06926689402794e-08,score_tolerance_reached_not_global_certificate,True,9.517897581190482e-11,0.0
rho0.55_N1000_r003,0.55,shallow,1000,3,761,353,214,194,239,380,381,True,-323.7200667876868,326.7157990612408,stratumwise_add_one,float64 evaluation; not a rational certificate,no_D_ablation,0.4003358775378867,0.022281137060927513,0.051878020592915644,0.19843088665139497,0.0,0.1712581898853389,0.7550825998862262,0.007891303999940646,71,8.51304766680272e-08,score_tolerance_reached_not_global_certificate,,7.986544758864511e-11,0.1425369565965509
rho0.55_N1000_r003,0.55,shallow,1000,3,761,353,214,194,239,380,381,True,-323.7200667876868,326.7157990612408,stratumwise_add_one,float64 evaluation; not a rational certificate,A_only_histogram,0.6882217715045672,0.1632162374837747,0.19236767917645053,0.4413106882025538,0.0,0.1712581898853389,1.0,0.0,0,0.0,deliberately_uncorrected_histogram,,,
rho0.55_N1000_r003,0.55,deep,1000,3,807,467,184,156,193,408,399,True,-320.60431863375277,323.60005090730675,stratumwise_add_one,float64 evaluation; not a rational certificate,D_completion,0.5459825968751986,0.007440660523609684,0.007725535934309522,0.20832488501785767,0.033279071736023486,0.020462128659449963,0.9200523860509846,0.011051304999909917,70,9.527559329997523e-08,score_tolerance_reached_not_global_certificate,True,2.6066881986253065e-10,0.0
rho0.55_N1000_r003,0.55,deep,1000,3,807,467,184,156,193,408,399,True,-320.60431863375277,323.60005090730675,stratumwise_add_one,float64 evaluation; not a rational certificate,no_D_ablation,0.611995310030884,0.03762447019305997,0.04064464602052027,0.22676280566114018,0.0,0.020462128659449963,0.9603363614521331,0.010344755000005534,71,8.51304766680272e-08,score_tolerance_reached_not_global_certificate,,2.348157224218994e-10,0.033279071736023486
rho0.55_N1000_r003,0.55,deep,1000,3,807,467,184,156,193,408,399,True,-320.60431863375277,323.60005090730675,stratumwise_add_one,float64 evaluation; not a rational certificate,A_only_histogram,0.693990053000026,0.10826226672551086,0.11114393316413655,0.34699978643820917,0.0,0.020462128659449963,1.0000000000000002,0.0,0,0.0,deliberately_uncorrected_histogram,,,
rho0.55_N1000_r004,0.55,shallow,1000,4,756,380,183,193,244,374,382,True,-314.2159086129885,317.2116408865425,stratumwise_add_one,float64 evaluation; not a rational certificate,D_completion,0.3193868393126517,0.006867152405136587,0.008996579442005269,0.1640539863529773,0.14253695659655094,0.1712581898853389,0.6925973054133562,0.006515368999998827,42,8.958970973195853e-08,score_tolerance_reached_not_global_certificate,True,1.1972645097557688e-12,2.7755575615628914e-17
rho0.55_N1000_r004,0.55,shallow,1000,4,756,380,183,193,244,374,382,True,-314.2159086129885,317.2116408865425,stratumwise_add_one,float64 evaluation; not a rational certificate,no_D_ablation,0.3590997306728565,0.021890823683011606,0.05140331554618331,0.18671837260184132,0.0,0.1712581898853389,0.7867732570368025,0.006308145000048171,55,9.888251750744814e-08,score_tolerance_reached_not_global_certificate,,4.440892098500626e-15,0.1425369565965509
rho0.55_N1000_r004,0.55,shallow,1000,4,756,380,183,193,244,374,382,True,-314.2159086129885,317.2116408865425,stratumwise_add_one,float64 evaluation; not a rational certificate,A_only_histogram,0.5773052806608069,0.14071496805911676,0.1702564398026235,0.38504872699592996,0.0,0.1712581898853389,1.0000000000000002,0.0,0,0.0,deliberately_uncorrected_histogram,,,
rho0.55_N1000_r004,0.55,deep,1000,4,802,483,152,167,198,402,400,True,-328.3260552107168,331.32178748427077,stratumwise_add_one,float64 evaluation; not a rational certificate,D_completion,0.4759987335340892,0.006954282553343041,0.005771051862456681,0.18839751332453375,0.033279071736023486,0.020462128659449963,0.9080036062807741,0.011009963999981665,82,8.761240582897158e-08,score_tolerance_reached_not_global_certificate,True,1.0615242018729987e-10,0.0
rho0.55_N1000_r004,0.55,deep,1000,4,802,483,152,167,198,402,400,True,-328.3260552107168,331.32178748427077,stratumwise_add_one,float64 evaluation; not a rational certificate,no_D_ablation,0.5613304434496142,0.03712330699503763,0.040138055360685,0.2118962872289382,0.0,0.020462128659449963,0.949775712500666,0.009429048000015428,81,8.513428562118008e-08,score_tolerance_reached_not_global_certificate,,1.2683187833317788e-10,0.033279071736023486
rho0.55_N1000_r004,0.55,deep,1000,4,802,483,152,167,198,402,400,True,-328.3260552107168,331.32178748427077,stratumwise_add_one,float64 evaluation; not a rational certificate,A_only_histogram,0.6346780936734894,0.10058099416136967,0.10352864812140018,0.3137845199771008,0.0,0.020462128659449963,0.9999999999999999,0.0,0,0.0,deliberately_uncorrected_histogram,,,
rho0.55_N1000_r005,0.55,shallow,1000,5,719,357,207,155,281,340,379,True,-318.82526459580146,321.82099686935544,stratumwise_add_one,float64 evaluation; not a rational certificate,D_completion,0.3160206934005591,0.014482836490619976,0.01083197056959648,0.16913491619840615,0.1425369565965509,0.1712581898853389,0.6730645337940657,0.009086574000093606,66,9.218566416730305e-08,score_tolerance_reached_not_global_certificate,True,1.2709833185908792e-10,2.7755575615628914e-17
rho0.55_N1000_r005,0.55,shallow,1000,5,719,357,207,155,281,340,379,True,-318.82526459580146,321.82099686935544,stratumwise_add_one,float64 evaluation; not a rational certificate,no_D_ablation,0.3615726618316888,0.019153744031616,0.0448778407107823,0.18430796769104946,0.0,0.1712581898853389,0.7700162719742258,0.00804713399998036,65,9.07070523137321e-08,score_tolerance_reached_not_global_certificate,,1.5898971028605047e-10,0.1425369565965509
rho0.55_N1000_r005,0.55,shallow,1000,5,719,357,207,155,281,340,379,True,-318.82526459580146,321.82099686935544,stratumwise_add_one,float64 evaluation; not a rational certificate,A_only_histogram,0.5956119717418837,0.1307921454872003,0.16032191274628682,0.38982596132898323,0.0,0.1712581898853389,0.9999999999999999,0.0,0,0.0,deliberately_uncorrected_histogram,,,
rho0.55_N1000_r005,0.55,deep,1000,5,781,474,176,131,219,373,408,True,-346.78945215863234,349.7851844321863,stratumwise_add_one,float64 evaluation; not a rational certificate,D_completion,0.45584789910164747,0.015190330745736348,0.016158045146951665,0.1908628754279068,0.033279071736023486,0.020462128659449963,0.8935689103123536,0.015421867999975802,108,9.600454682820621e-08,score_tolerance_reached_not_global_certificate,True,1.1034817504196326e-10,0.0
rho0.55_N1000_r005,0.55,deep,1000,5,781,474,176,131,219,373,408,True,-346.78945215863234,349.7851844321863,stratumwise_add_one,float64 evaluation; not a rational certificate,no_D_ablation,0.5483216412645726,0.027848964773619086,0.03055561547005326,0.21161397066205756,0.0,0.020462128659449963,0.9468893889389325,0.013777818999983538,106,9.830965974622075e-08,score_tolerance_reached_not_global_certificate,,1.4364864853178005e-10,0.033279071736023486
rho0.55_N1000_r005,0.55,deep,1000,5,781,474,176,131,219,373,408,True,-346.78945215863234,349.7851844321863,stratumwise_add_one,float64 evaluation; not a rational certificate,A_only_histogram,0.6122965349912594,0.08271951841408727,0.08564166500310212,0.3058948081767977,0.0,0.020462128659449963,1.0,0.0,0,0.0,deliberately_uncorrected_histogram,,,
rho0.55_N1000_r006,0.55,shallow,1000,6,737,355,166,216,263,343,394,True,-337.0269281493902,340.02266042294417,stratumwise_add_one,float64 evaluation; not a rational certificate,D_completion,0.2966360750044328,0.00681562089480357,0.0051100789061254885,0.16231322199186848,0.1425369565965509,0.1712581898853389,0.6499617598250431,0.006846366999980091,52,9.405571636233243e-08,score_tolerance_reached_not_global_certificate,True,1.301247998242161e-10,0.0
rho0.55_N1000_r006,0.55,shallow,1000,6,737,355,166,216,263,343,394,True,-337.0269281493902,340.02266042294417,stratumwise_add_one,float64 evaluation; not a rational certificate,no_D_ablation,0.35296618002210506,0.021597246294224142,0.05100393143427188,0.1782355340655573,0.0,0.1712581898853389,0.7656940711007321,0.006413709999947059,53,9.948677326399036e-08,score_tolerance_reached_not_global_certificate,,9.759482111348916e-11,0.1425369565965509
rho0.55_N1000_r006,0.55,shallow,1000,6,737,355,166,216,263,343,394,True,-337.0269281493902,340.02266042294417,stratumwise_add_one,float64 evaluation; not a rational certificate,A_only_histogram,0.6052866752401007,0.14398201649241443,0.17363411400888926,0.4024653943926797,0.0,0.1712581898853389,1.0,0.0,0,0.0,deliberately_uncorrected_histogram,,,
rho0.55_N1000_r006,0.55,deep,1000,6,794,480,137,177,206,374,420,True,-354.83194832987647,357.82768060343045,stratumwise_add_one,float64 evaluation; not a rational certificate,D_completion,0.4793245566941445,0.00920799611406771,0.01061601114093252,0.19649326333180525,0.033279071736023486,0.020462128659449963,0.9228062367993195,0.010811281999963285,78,8.530677833762406e-08,score_tolerance_reached_not_global_certificate,True,1.1213607820081961e-10,0.0
rho0.55_N1000_r006,0.55,deep,1000,6,794,480,137,177,206,374,420,True,-354.83194832987647,357.82768060343045,stratumwise_add_one,float64 evaluation; not a rational certificate,no_D_ablation,0.5461314665126228,0.03396166506841802,0.03696082361513343,0.21073622720230384,0.0,0.020462128659449963,0.9612540866500843,0.008133691000011822,76,9.595863104117086e-08,score_tolerance_reached_not_global_certificate,,1.652384895578507e-10,0.033279071736023486
rho0.55_N1000_r006,0.55,deep,1000,6,794,480,137,177,206,374,420,True,-354.83194832987647,357.82768060343045,stratumwise_add_one,float64 evaluation; not a rational certificate,A_only_histogram,0.6361568571290818,0.08827493665130033,0.091216676019882,0.31906343124967745,0.0,0.020462128659449963,1.0,0.0,0,0.0,deliberately_uncorrected_histogram,,,
rho0.55_N1000_r007,0.55,shallow,1000,7,738,365,192,181,262,387,351,True,-284.7910815592201,287.7868138327741,stratumwise_add_one,float64 evaluation; not a rational certificate,D_completion,0.30684532575075063,0.00926888532746405,0.011750832659950004,0.16467988153508023,0.1425369565965509,0.1712581898853389,0.6905496075289173,0.00760778799997297,46,8.35310486290541e-08,score_tolerance_reached_not_global_certificate,True,4.39648317751562e-14,2.7755575615628914e-17
rho0.55_N1000_r007,0.55,shallow,1000,7,738,365,192,181,262,387,351,True,-284.7910815592201,287.7868138327741,stratumwise_add_one,float64 evaluation; not a rational certificate,no_D_ablation,0.3557149598338586,0.025772590514549824,0.055404502898749416,0.18969361560636944,0.0,0.1712581898853389,0.7847912297834142,0.005609827000057521,51,8.408598484166419e-08,score_tolerance_reached_not_global_certificate,,5.329070518200751e-15,0.1425369565965509
rho0.55_N1000_r007,0.55,shallow,1000,7,738,365,192,181,262,387,351,True,-284.7910815592201,287.7868138327741,stratumwise_add_one,float64 evaluation; not a rational certificate,A_only_histogram,0.5733967443574329,0.15015110996772008,0.1795156943331558,0.3953811407403146,0.0,0.1712581898853389,1.0,0.0,0,0.0,deliberately_uncorrected_histogram,,,
rho0.55_N1000_r007,0.55,deep,1000,7,789,481,153,155,211,407,382,True,-311.6549258745571,314.65065814811106,stratumwise_add_one,float64 evaluation; not a rational certificate,D_completion,0.45975648917690315,0.007152138552938029,0.0061888827600465966,0.19378718010297782,0.033279071736023486,0.020462128659449963,0.9371727053135979,0.009210865999989437,67,8.401239587967352e-08,score_tolerance_reached_not_global_certificate,True,2.8673774465914903e-10,0.0
rho0.55_N1000_r007,0.55,deep,1000,7,789,481,153,155,211,407,382,True,-311.6549258745571,314.65065814811106,stratumwise_add_one,float64 evaluation; not a rational certificate,no_D_ablation,0.5560635280407498,0.03942893839794377,0.04244537716719526,0.21621445463053576,0.0,0.020462128659449963,0.9705483114782278,0.00941377599997395,66,8.384184391196925e-08,score_tolerance_reached_not_global_certificate,,3.5414338128703093e-10,0.033279071736023486
rho0.55_N1000_r007,0.55,deep,1000,7,789,481,153,155,211,407,382,True,-311.6549258745571,314.65065814811106,stratumwise_add_one,float64 evaluation; not a rational certificate,A_only_histogram,0.6195138604379243,0.09919187095553303,0.10210166769000631,0.31869102818947,0.0,0.020462128659449963,1.0,0.0,0,0.0,deliberately_uncorrected_histogram,,,
rho0.55_N1000_r008,0.55,shallow,1000,8,760,368,206,186,240,372,388,True,-321.0101124104239,324.0058446839779,stratumwise_add_one,float64 evaluation; not a rational certificate,D_completion,0.3002373829191352,0.007862104456567685,0.010775694632114575,0.16699225034589357,0.1425369565965509,0.1712581898853389,0.7090248486454125,0.007906347000016467,49,8.06105091262572e-08,score_tolerance_reached_not_global_certificate,True,6.274980535181385e-13,0.0
rho0.55_N1000_r008,0.55,shallow,1000,8,760,368,206,186,240,372,388,True,-321.0101124104239,324.0058446839779,stratumwise_add_one,float64 evaluation; not a rational certificate,no_D_ablation,0.35602246132049103,0.02526672095909308,0.054915828902687217,0.18042740370697774,0.0,0.1712581898853389,0.8094113113013964,0.006050045000051796,59,8.298799447636895e-08,score_tolerance_reached_not_global_certificate,,1.1546319456101628e-14,0.1425369565965509
rho0.55_N1000_r008,0.55,shallow,1000,8,760,368,206,186,240,372,388,True,-321.0101124104239,324.0058446839779,stratumwise_add_one,float64 evaluation; not a rational certificate,A_only_histogram,0.5820807421908791,0.15181311271182285,0.1810588757974849,0.38816363872090476,0.0,0.1712581898853389,1.0,0.0,0,0.0,deliberately_uncorrected_histogram,,,
rho0.55_N1000_r008,0.55,deep,1000,8,808,461,180,167,192,394,414,True,-345.01057236258805,348.00630463614203,stratumwise_add_one,float64 evaluation; not a rational certificate,D_completion,0.4957423436847697,0.006018345586375889,0.005024572465462682,0.193041831822213,0.033279071736023486,0.020462128659449963,0.8983242340337023,0.007116112999938196,52,8.270756052747902e-08,score_tolerance_reached_not_global_certificate,True,9.183294125136854e-10,0.0
rho0.55_N1000_r008,0.55,deep,1000,8,808,461,180,167,192,394,414,True,-345.01057236258805,348.00630463614203,stratumwise_add_one,float64 evaluation; not a rational certificate,no_D_ablation,0.6065985816573982,0.040008281089492274,0.04302861293813945,0.2097163982705555,0.0,0.020462128659449963,0.9528146958920399,0.007125127999984215,59,8.298799447636895e-08,score_tolerance_reached_not_global_certificate,,1.375877189957464e-11,0.033279071736023486
rho0.55_N1000_r008,0.55,deep,1000,8,808,461,180,167,192,394,414,True,-345.01057236258805,348.00630463614203,stratumwise_add_one,float64 evaluation; not a rational certificate,A_only_histogram,0.6782004937887149,0.11311960217797352,0.11603513662995442,0.3257794535989989,0.0,0.020462128659449963,1.0,0.0,0,0.0,deliberately_uncorrected_histogram,,,
rho0.55_N1000_r009,0.55,shallow,1000,9,755,368,210,177,245,374,381,True,-288.89326686015715,291.88899913371114,stratumwise_add_one,float64 evaluation; not a rational certificate,D_completion,0.2963319383080969,0.009835562801286779,0.00668236265032233,0.16576815131666858,0.14253695659655094,0.1712581898853389,0.6711096701391212,0.006464896000011322,46,9.747205673939963e-08,score_tolerance_reached_not_global_certificate,True,1.7763568394002505e-15,2.7755575615628914e-17
rho0.55_N1000_r009,0.55,shallow,1000,9,755,368,210,177,245,374,381,True,-288.89326686015715,291.88899913371114,stratumwise_add_one,float64 evaluation; not a rational certificate,no_D_ablation,0.3407870141533988,0.01842438259560657,0.04694182374734346,0.18147039919800567,0.0,0.1712581898853389,0.780506107405565,0.0053715860000238536,51,9.863447836266914e-08,score_tolerance_reached_not_global_certificate,,2.6645352591003757e-15,0.1425369565965509
rho0.55_N1000_r009,0.55,shallow,1000,9,755,368,210,177,245,374,381,True,-288.89326686015715,291.88899913371114,stratumwise_add_one,float64 evaluation; not a rational certificate,A_only_histogram,0.600760702943896,0.14036649410686533,0.1698198046624739,0.40661502793653687,0.0,0.1712581898853389,1.0,0.0,0,0.0,deliberately_uncorrected_histogram,,,
rho0.55_N1000_r009,0.55,deep,1000,9,805,476,172,157,195,401,404,True,-294.1030417312778,297.0987740048318,stratumwise_add_one,float64 evaluation; not a rational certificate,D_completion,0.4844978796399373,0.00822013745186068,0.009225154811657114,0.20045330113334608,0.033279071736023486,0.020462128659449963,0.913556116573155,0.01322267099999408,92,9.349968103441208e-08,score_tolerance_reached_not_global_certificate,True,1.0806378014649454e-10,0.0
rho0.55_N1000_r009,0.55,deep,1000,9,805,476,172,157,195,401,404,True,-294.1030417312778,297.0987740048318,stratumwise_add_one,float64 evaluation; not a rational certificate,no_D_ablation,0.5361036647752568,0.032198149014805694,0.03514973457467806,0.21276906613755503,0.0,0.020462128659449963,0.9484521781231272,0.009650574000033885,91,8.697458708795125e-08,score_tolerance_reached_not_global_certificate,,1.2636469648441562e-10,0.033279071736023486
rho0.55_N1000_r009,0.55,deep,1000,9,805,476,172,157,195,401,404,True,-294.1030417312778,297.0987740048318,stratumwise_add_one,float64 evaluation; not a rational certificate,A_only_histogram,0.6660445833795302,0.09612814089728161,0.09905563038653344,0.33751337712278906,0.0,0.020462128659449963,1.0,0.0,0,0.0,deliberately_uncorrected_histogram,,,
rho0.55_N1000_r010,0.55,shallow,1000,10,767,365,206,196,233,367,400,True,-328.9273719175499,331.9231041911039,stratumwise_add_one,float64 evaluation; not a rational certificate,D_completion,0.29732681647216397,0.008103529704792965,0.005218580457745399,0.1622317957697405,0.1425369565965509,0.1712581898853389,0.6507932196285614,0.011220174000072802,74,8.429504132116544e-08,score_tolerance_reached_not_global_certificate,True,-8.881784197001252e-16,2.7755575615628914e-17
rho0.55_N1000_r010,0.55,shallow,1000,10,767,365,206,196,233,367,400,True,-328.9273719175499,331.9231041911039,stratumwise_add_one,float64 evaluation; not a rational certificate,no_D_ablation,0.33430891147840364,0.019317720799141548,0.04870153115849822,0.17911079916678452,0.0,0.1712581898853389,0.7683269584739345,0.008482705000005808,84,9.286662328022999e-08,score_tolerance_reached_not_global_certificate,,0.0,0.1425369565965509
rho0.55_N1000_r010,0.55,shallow,1000,10,767,365,206,196,233,367,400,True,-328.9273719175499,331.9231041911039,stratumwise_add_one,float64 evaluation; not a rational certificate,A_only_histogram,0.610137960539642,0.14916801745235383,0.17842308844064417,0.3961985799100303,0.0,0.1712581898853389,1.0,0.0,0,0.0,deliberately_uncorrected_histogram,,,
rho0.55_N1000_r010,0.55,deep,1000,10,816,480,164,172,184,390,426,True,-337.4563155457203,340.4520478192743,stratumwise_add_one,float64 evaluation; not a rational certificate,D_completion,0.45855320463193533,0.00739029484745281,0.008641761784807241,0.1918924800624051,0.033279071736023486,0.020462128659449963,0.9023702709416854,0.01236100300002363,73,9.989232008887057e-08,score_tolerance_reached_not_global_certificate,True,1.8545787128232405e-10,0.0
rho0.55_N1000_r010,0.55,deep,1000,10,816,480,164,172,184,390,426,True,-337.4563155457203,340.4520478192743,stratumwise_add_one,float64 evaluation; not a rational certificate,no_D_ablation,0.5218173835613784,0.03407255514082616,0.03708045411796758,0.20469334477161602,0.0,0.020462128659449963,0.9516798370591296,0.009898358999976153,84,9.286662350227459e-08,score_tolerance_reached_not_global_certificate,,1.5479173498533783e-11,0.033279071736023486
rho0.55_N1000_r010,0.55,deep,1000,10,816,480,164,172,184,390,426,True,-337.4563155457203,340.4520478192743,stratumwise_add_one,float64 evaluation; not a rational certificate,A_only_histogram,0.6279396174277592,0.09902336145787675,0.10191679494469658,0.3148507783099805,0.0,0.020462128659449963,1.0,0.0,0,0.0,deliberately_uncorrected_histogram,,,
rho0.55_N1000_r011,0.55,shallow,1000,11,758,362,199,197,242,393,365,True,-271.6072335075915,274.6029657811455,stratumwise_add_one,float64 evaluation; not a rational certificate,D_completion,0.2600730429893576,0.00653925348861574,0.009040111374529541,0.14551425606573587,0.1425369565965509,0.1712581898853389,0.6582500928390047,0.007457787000021199,47,9.548490248024764e-08,score_tolerance_reached_not_global_certificate,True,1.1451106729509775e-10,0.0
rho0.55_N1000_r011,0.55,shallow,1000,11,758,362,199,197,242,393,365,True,-271.6072335075915,274.6029657811455,stratumwise_add_one,float64 evaluation; not a rational certificate,no_D_ablation,0.31167552315450103,0.027312871505576233,0.05723486695580069,0.16849882855446685,0.0,0.1712581898853389,0.7682992838562913,0.0060735089999752745,55,9.640058507009996e-08,score_tolerance_reached_not_global_certificate,,7.757350317660894e-12,0.1425369565965509
rho0.55_N1000_r011,0.55,shallow,1000,11,758,362,199,197,242,393,365,True,-271.6072335075915,274.6029657811455,stratumwise_add_one,float64 evaluation; not a rational certificate,A_only_histogram,0.5876352148111266,0.15379303499791355,0.18325733404138014,0.3973386151822253,0.0,0.1712581898853389,1.0,0.0,0,0.0,deliberately_uncorrected_histogram,,,
rho0.55_N1000_r011,0.55,deep,1000,11,808,467,175,166,192,419,389,True,-294.9482739769585,297.9440062505125,stratumwise_add_one,float64 evaluation; not a rational certificate,D_completion,0.4067390938444243,0.005143463684972673,0.004857885892361791,0.17092133718809457,0.033279071736023486,0.020462128659449963,0.8800331277053368,0.008042416999956004,59,9.93153232436928e-08,score_tolerance_reached_not_global_certificate,True,2.7118129963810134e-10,0.0
rho0.55_N1000_r011,0.55,deep,1000,11,808,467,175,166,192,419,389,True,-294.9482739769585,297.9440062505125,stratumwise_add_one,float64 evaluation; not a rational certificate,no_D_ablation,0.5040345453766574,0.04162976880617997,0.0446679974811323,0.1965752566582079,0.0,0.020462128659449963,0.9294440116137147,0.00675502299998243,59,7.800460144480326e-08,score_tolerance_reached_not_global_certificate,,2.5553781313192303e-10,0.033279071736023486
rho0.55_N1000_r011,0.55,deep,1000,11,808,467,175,166,192,419,389,True,-294.9482739769585,297.9440062505125,stratumwise_add_one,float64 evaluation; not a rational certificate,A_only_histogram,0.6121835258630834,0.10714961497652564,0.11008484622065269,0.3168399540285566,0.0,0.020462128659449963,1.0,0.0,0,0.0,deliberately_uncorrected_histogram,,,
rho0.55_N1000_r012,0.55,shallow,1000,12,786,385,210,191,214,378,408,True,-343.23026880845356,346.22600108200754,stratumwise_add_one,float64 evaluation; not a rational certificate,D_completion,0.260801706265493,0.008127428207936846,0.005210295550842175,0.14301358993331362,0.14253695659655094,0.1712581898853389,0.657460975315675,0.005613752000044769,38,9.868704408374108e-08,score_tolerance_reached_not_global_certificate,True,0.0,2.7755575615628914e-17
rho0.55_N1000_r012,0.55,shallow,1000,12,786,385,210,191,214,378,408,True,-343.23026880845356,346.22600108200754,stratumwise_add_one,float64 evaluation; not a rational certificate,no_D_ablation,0.30267074707641056,0.01417765043706797,0.0434614544713433,0.17253141340001543,0.0,0.1712581898853389,0.744234821613045,0.004965237999954297,41,8.887107361132962e-08,score_tolerance_reached_not_global_certificate,,2.6645352591003757e-15,0.1425369565965509
rho0.55_N1000_r012,0.55,shallow,1000,12,786,385,210,191,214,378,408,True,-343.23026880845356,346.22600108200754,stratumwise_add_one,float64 evaluation; not a rational certificate,A_only_histogram,0.5464041100385338,0.13926207569767926,0.1686013461725795,0.36843598098381375,0.0,0.1712581898853389,1.0,0.0,0,0.0,deliberately_uncorrected_histogram,,,
rho0.55_N1000_r012,0.55,deep,1000,12,833,499,175,159,167,403,430,True,-350.3632822445454,353.3590145180994,stratumwise_add_one,float64 evaluation; not a rational certificate,D_completion,0.46445241747135346,0.005376683818178298,0.005933418423111943,0.18454636768915972,0.033279071736023486,0.020462128659449963,0.8950059866157687,0.013300537000077384,91,9.16369403535837e-08,score_tolerance_reached_not_global_certificate,True,1.0544276562995947e-10,0.0
rho0.55_N1000_r012,0.55,deep,1000,12,833,499,175,159,167,403,430,True,-350.3632822445454,353.3590145180994,stratumwise_add_one,float64 evaluation; not a rational certificate,no_D_ablation,0.5473277909369781,0.029811003687160758,0.032824237708500965,0.20919478931417906,0.0,0.020462128659449963,0.9376211141079261,0.009834524999973837,90,8.783248994781445e-08,score_tolerance_reached_not_global_certificate,,1.2356604628394052e-10,0.033279071736023486
rho0.55_N1000_r012,0.55,deep,1000,12,833,499,175,159,167,403,430,True,-350.3632822445454,353.3590145180994,stratumwise_add_one,float64 evaluation; not a rational certificate,A_only_histogram,0.6254191040071548,0.0948614991726767,0.09777022483415518,0.29555525121811665,0.0,0.020462128659449963,1.0,0.0,0,0.0,deliberately_uncorrected_histogram,,,
rho0.55_N1000_r013,0.55,shallow,1000,13,748,339,191,218,252,400,348,True,-266.6122999138911,269.6080321874451,stratumwise_add_one,float64 evaluation; not a rational certificate,D_completion,0.33676902523294083,0.021200714128214608,0.01358334421711453,0.1923621581478693,0.1425369565965509,0.1712581898853389,0.6072754866089387,0.00701212100000248,53,9.349535483071282e-08,score_tolerance_reached_not_global_certificate,True,-1.3322676295501878e-15,0.0
rho0.55_N1000_r013,0.55,shallow,1000,13,748,339,191,218,252,400,348,True,-266.6122999138911,269.6080321874451,stratumwise_add_one,float64 evaluation; not a rational certificate,no_D_ablation,0.3605289840808324,0.008979819081889766,0.03290414425635678,0.2089676996068451,0.0,0.1712581898853389,0.7129844202618565,0.006532114000037836,63,8.62253048961037e-08,score_tolerance_reached_not_global_certificate,,1.3322676295501878e-15,0.1425369565965509
rho0.55_N1000_r013,0.55,shallow,1000,13,748,339,191,218,252,400,348,True,-266.6122999138911,269.6080321874451,stratumwise_add_one,float64 evaluation; not a rational certificate,A_only_histogram,0.623368001942712,0.14373626976547724,0.17295892177295547,0.4150616357669728,0.0,0.1712581898853389,0.9999999999999999,0.0,0,0.0,deliberately_uncorrected_histogram,,,
rho0.55_N1000_r013,0.55,deep,1000,13,798,473,160,165,202,422,376,True,-287.12747344087495,290.12320571442893,stratumwise_add_one,float64 evaluation; not a rational certificate,D_completion,0.49994159128692206,0.01726636245294173,0.01847989553157951,0.2147472624746017,0.033279071736023486,0.020462128659449963,0.9158192701305523,0.011606342000050063,88,9.808448887958449e-08,score_tolerance_reached_not_global_certificate,True,2.6410784670360954e-10,0.0
rho0.55_N1000_r013,0.55,deep,1000,13,798,473,160,165,202,422,376,True,-287.12747344087495,290.12320571442893,stratumwise_add_one,float64 evaluation; not a rational certificate,no_D_ablation,0.5499302894073294,0.019288159748354433,0.022101773667530505,0.23298491924702777,0.0,0.020462128659449963,0.9514685394172491,0.009897727999941708,87,9.146231216838885e-08,score_tolerance_reached_not_global_certificate,,3.113793667353093e-10,0.033279071736023486
rho0.55_N1000_r013,0.55,deep,1000,13,798,473,160,165,202,422,376,True,-287.12747344087495,290.12320571442893,stratumwise_add_one,float64 evaluation; not a rational certificate,A_only_histogram,0.6310377355961011,0.08143507468506182,0.08428054182582734,0.31805977672185953,0.0,0.020462128659449963,1.0000000000000002,0.0,0,0.0,deliberately_uncorrected_histogram,,,
rho0.55_N1000_r014,0.55,shallow,1000,14,758,345,218,195,242,368,390,True,-325.0839822233854,328.0797144969394,stratumwise_add_one,float64 evaluation; not a rational certificate,D_completion,0.31558653039141527,0.010008392513031806,0.006639275356506675,0.17557145924965034,0.1425369565965509,0.1712581898853389,0.6277034330275372,0.012110053000014886,86,8.693757056149038e-08,score_tolerance_reached_not_global_certificate,True,7.26999349609514e-10,0.0
rho0.55_N1000_r014,0.55,shallow,1000,14,758,345,218,195,242,368,390,True,-325.0839822233854,328.0797144969394,stratumwise_add_one,float64 evaluation; not a rational certificate,no_D_ablation,0.39819192764524763,0.020906274906729302,0.05009195254735223,0.1927328221590853,0.0,0.1712581898853389,0.7606599578127707,0.027870599999914702,227,9.639306775000023e-08,score_tolerance_reached_not_global_certificate,,3.1858204962986747e-10,0.1425369565965509
rho0.55_N1000_r014,0.55,shallow,1000,14,758,345,218,195,242,368,390,True,-325.0839822233854,328.0797144969394,stratumwise_add_one,float64 evaluation; not a rational certificate,A_only_histogram,0.6641707356353148,0.16562708633163262,0.19488355224016385,0.4383888023910579,0.0,0.1712581898853389,1.0000000000000002,0.0,0,0.0,deliberately_uncorrected_histogram,,,
rho0.55_N1000_r014,0.55,deep,1000,14,813,461,191,161,187,404,409,True,-340.4967914410827,343.49252371463666,stratumwise_add_one,float64 evaluation; not a rational certificate,D_completion,0.4775059363825692,0.010188910282019176,0.01140946896787661,0.2018707832492836,0.033279071736023486,0.020462128659449963,0.8986457470619298,0.012691669999981059,86,8.64865866675035e-08,score_tolerance_reached_not_global_certificate,True,6.783604789006858e-10,0.0
rho0.55_N1000_r014,0.55,deep,1000,14,813,461,191,161,187,404,409,True,-340.4967914410827,343.49252371463666,stratumwise_add_one,float64 evaluation; not a rational certificate,no_D_ablation,0.5839106063032097,0.033964378061241675,0.03695122056442096,0.22141623292798573,0.0,0.020462128659449963,0.9478116740784195,0.02639023200003976,227,9.639306775000023e-08,score_tolerance_reached_not_global_certificate,,2.970290680082144e-10,0.033279071736023486
rho0.55_N1000_r014,0.55,deep,1000,14,813,461,191,161,187,404,409,True,-340.4967914410827,343.49252371463666,stratumwise_add_one,float64 evaluation; not a rational certificate,A_only_histogram,0.6665259550073446,0.10750802247904273,0.11040187965381439,0.3483076183335357,0.0,0.020462128659449963,1.0,0.0,0,0.0,deliberately_uncorrected_histogram,,,
rho0.55_N1000_r015,0.55,shallow,1000,15,746,363,188,195,254,364,382,True,-311.61131455286306,314.60704682641705,stratumwise_add_one,float64 evaluation; not a rational certificate,D_completion,0.2979951456669527,0.008636671119263898,0.0069021789856045495,0.15506518299418898,0.1425369565965509,0.1712581898853389,0.6565453651816694,0.007274806999930661,52,8.182105991130537e-08,score_tolerance_reached_not_global_certificate,True,1.3322676295501878e-15,2.7755575615628914e-17
rho0.55_N1000_r015,0.55,shallow,1000,15,746,363,188,195,254,364,382,True,-311.61131455286306,314.60704682641705,stratumwise_add_one,float64 evaluation; not a rational certificate,no_D_ablation,0.35122885476079446,0.018669295348549244,0.0476049618113803,0.18505955174592917,0.0,0.1712581898853389,0.7551233665655307,0.0106128009999793,62,8.71774847865936e-08,score_tolerance_reached_not_global_certificate,,4.440892098500626e-15,0.1425369565965509
rho0.55_N1000_r015,0.55,shallow,1000,15,746,363,188,195,254,364,382,True,-311.61131455286306,314.60704682641705,stratumwise_add_one,float64 evaluation; not a rational certificate,A_only_histogram,0.5666142645634344,0.1481051343462203,0.17735227011488433,0.3906879083436725,0.0,0.1712581898853389,1.0,0.0,0,0.0,deliberately_uncorrected_histogram,,,
rho0.55_N1000_r015,0.55,deep,1000,15,801,485,159,157,199,394,407,True,-323.710234981307,326.705967254861,stratumwise_add_one,float64 evaluation; not a rational certificate,D_completion,0.4506574997436481,0.008039853052812306,0.009042838893239738,0.18774014779095854,0.033279071736023486,0.020462128659449963,0.9124871811131829,0.018694594999942638,109,9.614730861494366e-08,score_tolerance_reached_not_global_certificate,True,1.1141843003770191e-10,0.0
rho0.55_N1000_r015,0.55,deep,1000,15,801,485,159,157,199,394,407,True,-323.710234981307,326.705967254861,stratumwise_add_one,float64 evaluation; not a rational certificate,no_D_ablation,0.5356433007130269,0.03149514802549037,0.034467273705825426,0.21075839119843356,0.0,0.020462128659449963,0.9519724246457517,0.01604219099999682,107,9.924540633754475e-08,score_tolerance_reached_not_global_certificate,,1.4479439869319322e-10,0.033279071736023486
rho0.55_N1000_r015,0.55,deep,1000,15,801,485,159,157,199,394,407,True,-323.710234981307,326.705967254861,stratumwise_add_one,float64 evaluation; not a rational certificate,A_only_histogram,0.5672970567502688,0.09446174694874097,0.09734457935733244,0.30274244005108175,0.0,0.020462128659449963,1.0,0.0,0,0.0,deliberately_uncorrected_histogram,,,
rho0.55_N1000_r016,0.55,shallow,1000,16,752,365,189,198,248,376,376,True,-294.4476291963148,297.44336146986876,stratumwise_add_one,float64 evaluation; not a rational certificate,D_completion,0.34049701906678276,0.009513591848631108,0.00994344115049352,0.16642028309517387,0.14253695659655094,0.1712581898853389,0.7016236976765392,0.008301178000010623,55,9.484994645022875e-08,score_tolerance_reached_not_global_certificate,True,1.2656542480726785e-13,2.7755575615628914e-17
rho0.55_N1000_r016,0.55,shallow,1000,16,752,365,189,198,248,376,376,True,-294.4476291963148,297.44336146986876,stratumwise_add_one,float64 evaluation; not a rational certificate,no_D_ablation,0.3911059740118203,0.022961761081629457,0.0511852653268558,0.19260439582252736,0.0,0.1712581898853389,0.7988044626026856,0.007430717000033837,71,9.19712197511302e-08,score_tolerance_reached_not_global_certificate,,3.552713678800501e-15,0.1425369565965509
rho0.55_N1000_r016,0.55,shallow,1000,16,752,365,189,198,248,376,376,True,-294.4476291963148,297.44336146986876,stratumwise_add_one,float64 evaluation; not a rational certificate,A_only_histogram,0.5899859512813386,0.13751159895794712,0.16728292524165808,0.3799709162664877,0.0,0.1712581898853389,1.0,0.0,0,0.0,deliberately_uncorrected_histogram,,,
rho0.55_N1000_r016,0.55,deep,1000,16,802,465,165,172,198,403,399,True,-315.9416682306051,318.9374005041591,stratumwise_add_one,float64 evaluation; not a rational certificate,D_completion,0.4780823156107291,0.00800196525238725,0.008198336506054704,0.18754774048331707,0.033279071736023486,0.020462128659449963,0.9039474503267573,0.019090208000079656,139,9.53558432946038e-08,score_tolerance_reached_not_global_certificate,True,1.0466649769114156e-10,0.0
rho0.55_N1000_r016,0.55,deep,1000,16,802,465,165,172,198,403,399,True,-315.9416682306051,318.9374005041591,stratumwise_add_one,float64 evaluation; not a rational certificate,no_D_ablation,0.5855028141336712,0.03624462541275634,0.03916438471063154,0.21441427700682256,0.0,0.020462128659449963,0.9494281385521843,0.016459826000073008,137,9.277834722709599e-08,score_tolerance_reached_not_global_certificate,,1.2786127712161033e-10,0.033279071736023486
rho0.55_N1000_r016,0.55,deep,1000,16,802,465,165,172,198,403,399,True,-315.9416682306051,318.9374005041591,stratumwise_add_one,float64 evaluation; not a rational certificate,A_only_histogram,0.6301663163938985,0.09739864431785371,0.10037800612958832,0.312262008072274,0.0,0.020462128659449963,1.0,0.0,0,0.0,deliberately_uncorrected_histogram,,,
rho0.55_N1000_r017,0.55,shallow,1000,17,797,395,198,204,203,412,385,True,-296.81904287716924,299.8147751507232,stratumwise_add_one,float64 evaluation; not a rational certificate,D_completion,0.27719717935656163,0.008037487543386963,0.01008115853256797,0.15655230375948415,0.1425369565965509,0.1712581898853389,0.678597187021032,0.007721543999991809,58,9.178502792380402e-08,score_tolerance_reached_not_global_certificate,True,2.6645352591003757e-15,0.0
rho0.55_N1000_r017,0.55,shallow,1000,17,797,395,198,204,203,412,385,True,-296.81904287716924,299.8147751507232,stratumwise_add_one,float64 evaluation; not a rational certificate,no_D_ablation,0.31845784089933005,0.02427073036777147,0.053654794163844624,0.176058032902077,0.0,0.1712581898853389,0.7762805364728904,0.007838516999981948,51,9.762375330346629e-08,score_tolerance_reached_not_global_certificate,,7.582379168979969e-12,0.1425369565965509
rho0.55_N1000_r017,0.55,shallow,1000,17,797,395,198,204,203,412,385,True,-296.81904287716924,299.8147751507232,stratumwise_add_one,float64 evaluation; not a rational certificate,A_only_histogram,0.5763679864602363,0.1482531426611688,0.17775572403930692,0.39014258112353273,0.0,0.1712581898853389,1.0,0.0,0,0.0,deliberately_uncorrected_histogram,,,
rho0.55_N1000_r017,0.55,deep,1000,17,846,516,171,159,154,431,415,True,-295.21040330936114,298.2061355829151,stratumwise_add_one,float64 evaluation; not a rational certificate,D_completion,0.4962222808630665,0.008029220995124658,0.006748089807295249,0.19238412073789385,0.033279071736023486,0.020462128659449963,0.9372421036487433,0.015500814999995782,102,9.639590555774053e-08,score_tolerance_reached_not_global_certificate,True,2.0406254463978257e-10,0.0
rho0.55_N1000_r017,0.55,deep,1000,17,846,516,171,159,154,431,415,True,-295.21040330936114,298.2061355829151,stratumwise_add_one,float64 evaluation; not a rational certificate,no_D_ablation,0.5555727720758564,0.03917142671981221,0.042174663289687074,0.21201909232280097,0.0,0.020462128659449963,0.9645216096074181,0.01176487600002929,101,8.9591439378367e-08,score_tolerance_reached_not_global_certificate,,2.341735694244562e-10,0.033279071736023486
rho0.55_N1000_r017,0.55,deep,1000,17,846,516,171,159,154,431,415,True,-295.21040330936114,298.2061355829151,stratumwise_add_one,float64 evaluation; not a rational certificate,A_only_histogram,0.645502570603814,0.0997731711668988,0.10270718780492126,0.3205046472688404,0.0,0.020462128659449963,1.0,0.0,0,0.0,deliberately_uncorrected_histogram,,,
rho0.55_N1000_r018,0.55,shallow,1000,18,772,397,172,203,228,376,396,True,-332.9476667525585,335.9433990261125,stratumwise_add_one,float64 evaluation; not a rational certificate,D_completion,0.3207716231633817,0.008761709064504195,0.010591445434780751,0.17453736048007595,0.1425369565965509,0.1712581898853389,0.6525398176776606,0.0057913440000447736,43,8.081508263512189e-08,score_tolerance_reached_not_global_certificate,True,4.0749092988789926e-10,0.0
rho0.55_N1000_r018,0.55,shallow,1000,18,772,397,172,203,228,376,396,True,-332.9476667525585,335.9433990261125,stratumwise_add_one,float64 evaluation; not a rational certificate,no_D_ablation,0.3777943035342558,0.027599988300688345,0.05735823961012008,0.19767336049301715,0.0,0.1712581898853389,0.7558139850112735,0.006743215000028613,53,9.564383818272404e-08,score_tolerance_reached_not_global_certificate,,1.234055524435007e-09,0.1425369565965509
rho0.55_N1000_r018,0.55,shallow,1000,18,772,397,172,203,228,376,396,True,-332.9476667525585,335.9433990261125,stratumwise_add_one,float64 evaluation; not a rational certificate,A_only_histogram,0.6167452696444922,0.14538282890942672,0.17488134618189213,0.4122036484493673,0.0,0.1712581898853389,1.0,0.0,0,0.0,deliberately_uncorrected_histogram,,,
rho0.55_N1000_r018,0.55,deep,1000,18,818,523,132,163,182,405,413,True,-353.1963747802006,356.19210705375457,stratumwise_add_one,float64 evaluation; not a rational certificate,D_completion,0.47259725522619245,0.009220526969724762,0.007791199964650131,0.20305972044404583,0.033279071736023486,0.020462128659449963,0.9144551451971341,0.02264774299999317,151,9.754381557628701e-08,score_tolerance_reached_not_global_certificate,True,1.0466649769114156e-10,0.0
rho0.55_N1000_r018,0.55,deep,1000,18,818,523,132,163,182,405,413,True,-353.1963747802006,356.19210705375457,stratumwise_add_one,float64 evaluation; not a rational certificate,no_D_ablation,0.5600784081877767,0.0429270975911707,0.04595496344269619,0.2290272021778825,0.0,0.020462128659449963,0.9505526298611485,0.01723128099990845,149,9.382666044110977e-08,score_tolerance_reached_not_global_certificate,,1.2570122720489962e-10,0.033279071736023486
rho0.55_N1000_r018,0.55,deep,1000,18,818,523,132,163,182,405,413,True,-353.1963747802006,356.19210705375457,stratumwise_add_one,float64 evaluation; not a rational certificate,A_only_histogram,0.6262303264652722,0.09556405945789243,0.09849266512481267,0.3230946001602002,0.0,0.020462128659449963,0.9999999999999998,0.0,0,0.0,deliberately_uncorrected_histogram,,,
rho0.55_N1000_r019,0.55,shallow,1000,19,753,357,190,206,247,369,384,True,-313.0326454598571,316.0283777334111,stratumwise_add_one,float64 evaluation; not a rational certificate,D_completion,0.3192505307729227,0.008256873692369958,0.008785357198845847,0.16513339233768456,0.1425369565965509,0.1712581898853389,0.645740231695925,0.008172207999905368,52,8.226062960447974e-08,score_tolerance_reached_not_global_certificate,True,8.381162430737277e-11,0.0
rho0.55_N1000_r019,0.55,shallow,1000,19,753,357,190,206,247,369,384,True,-313.0326454598571,316.0283777334111,stratumwise_add_one,float64 evaluation; not a rational certificate,no_D_ablation,0.37086919461979995,0.023373885089651186,0.05304578122285988,0.1818723286606303,0.0,0.1712581898853389,0.7509102037967099,0.0065525750000006155,53,8.049900790396691e-08,score_tolerance_reached_not_global_certificate,,6.493383608585646e-11,0.1425369565965509
rho0.55_N1000_r019,0.55,shallow,1000,19,753,357,190,206,247,369,384,True,-313.0326454598571,316.0283777334111,stratumwise_add_one,float64 evaluation; not a rational certificate,A_only_histogram,0.6099992041728052,0.16311332133814962,0.1920763096405373,0.41155061302682483,0.0,0.1712581898853389,1.0000000000000002,0.0,0,0.0,deliberately_uncorrected_histogram,,,
rho0.55_N1000_r019,0.55,deep,1000,19,802,470,163,169,198,392,410,True,-324.0578563896163,327.0535886631703,stratumwise_add_one,float64 evaluation; not a rational certificate,D_completion,0.4678275119153881,0.007238738036142069,0.006830430131063361,0.1936770061613549,0.033279071736023486,0.020462128659449963,0.8863657396748441,0.011719409000079395,81,9.792281596837302e-08,score_tolerance_reached_not_global_certificate,True,2.2943957844745455e-10,0.0
rho0.55_N1000_r019,0.55,deep,1000,19,802,470,163,169,198,392,410,True,-324.0578563896163,327.0535886631703,stratumwise_add_one,float64 evaluation; not a rational certificate,no_D_ablation,0.5522852139780918,0.037904458906217076,0.04092709299312869,0.2086591950898503,0.0,0.020462128659449963,0.9386147132609937,0.00882830400007606,80,9.363988207056195e-08,score_tolerance_reached_not_global_certificate,,2.739133364570989e-10,0.033279071736023486
rho0.55_N1000_r019,0.55,deep,1000,19,802,470,163,169,198,392,410,True,-324.0578563896163,327.0535886631703,stratumwise_add_one,float64 evaluation; not a rational certificate,A_only_histogram,0.6354654000177391,0.10952479334000505,0.11238086467924954,0.32417795953532136,0.0,0.020462128659449963,1.0,0.0,0,0.0,deliberately_uncorrected_histogram,,,
rho0.55_N4000_r000,0.55,shallow,4000,0,3045,1481,776,788,955,1532,1513,True,-549.558375563487,552.554107837041,stratumwise_add_one,float64 evaluation; not a rational certificate,D_completion,0.15466898594908576,0.0020691900925766307,0.005582734371994988,0.08376188945037438,0.1425369565965509,0.1712581898853389,0.6635254803134295,0.006230438999978105,41,7.849509375655798e-08,score_tolerance_reached_not_global_certificate,True,1.1546319456101628e-14,2.7755575615628914e-17
rho0.55_N4000_r000,0.55,shallow,4000,0,3045,1481,776,788,955,1532,1513,True,-549.558375563487,552.554107837041,stratumwise_add_one,float64 evaluation; not a rational certificate,no_D_ablation,0.19409166695627122,0.020932523476324696,0.05111911284660494,0.10870661916068414,0.0,0.1712581898853389,0.765540727446865,0.005004466000059438,45,9.105541587395294e-08,score_tolerance_reached_not_global_certificate,,1.7763568394002505e-15,0.1425369565965509
rho0.55_N4000_r000,0.55,shallow,4000,0,3045,1481,776,788,955,1532,1513,True,-549.558375563487,552.554107837041,stratumwise_add_one,float64 evaluation; not a rational certificate,A_only_histogram,0.48477553031153614,0.14981227798508123,0.17933110103911928,0.34551351206551406,0.0,0.1712581898853389,1.0,0.0,0,0.0,deliberately_uncorrected_histogram,,,
rho0.55_N4000_r000,0.55,deep,4000,0,3237,1937,642,658,763,1637,1600,True,-592.33394750263,595.3296797761841,stratumwise_add_one,float64 evaluation; not a rational certificate,D_completion,0.23816712223447808,0.0021727384118849858,0.001827696032128875,0.09879837183927957,0.033279071736023486,0.020462128659449963,0.9100903588438312,0.009065954000107013,64,8.530661622522844e-08,score_tolerance_reached_not_global_certificate,True,1.0758416379985647e-10,0.0
rho0.55_N4000_r000,0.55,deep,4000,0,3237,1937,642,658,763,1637,1600,True,-592.33394750263,595.3296797761841,stratumwise_add_one,float64 evaluation; not a rational certificate,no_D_ablation,0.3785198739145504,0.036328491679533025,0.0393882018069174,0.13309703152188468,0.0,0.020462128659449963,0.9534534548173597,0.0068657649999295245,63,8.603967804887702e-08,score_tolerance_reached_not_global_certificate,,1.361666335242262e-10,0.033279071736023486
rho0.55_N4000_r000,0.55,deep,4000,0,3237,1937,642,658,763,1637,1600,True,-592.33394750263,595.3296797761841,stratumwise_add_one,float64 evaluation; not a rational certificate,A_only_histogram,0.4857335384632108,0.10066099444955044,0.10359760853811689,0.2533289157909726,0.0,0.020462128659449963,1.0,0.0,0,0.0,deliberately_uncorrected_histogram,,,
rho0.55_N4000_r001,0.55,shallow,4000,1,3021,1475,784,762,979,1526,1495,True,-495.9471747656365,498.94290703919046,stratumwise_add_one,float64 evaluation; not a rational certificate,D_completion,0.16186901860110783,0.004512499584260454,0.0063331955728831235,0.08684142516171964,0.1425369565965509,0.1712581898853389,0.6681185946514733,0.012820884999996451,52,9.159757411479672e-08,score_tolerance_reached_not_global_certificate,True,3.1744384898502176e-11,2.7755575615628914e-17
rho0.55_N4000_r001,0.55,shallow,4000,1,3021,1475,784,762,979,1526,1495,True,-495.9471747656365,498.94290703919046,stratumwise_add_one,float64 evaluation; not a rational certificate,no_D_ablation,0.2108854983521218,0.020754004344582307,0.050711507828489835,0.1152958585430468,0.0,0.1712581898853389,0.7701348481713932,0.006407651000017722,51,9.590170191309255e-08,score_tolerance_reached_not_global_certificate,,4.232614259080947e-11,0.1425369565965509
rho0.55_N4000_r001,0.55,shallow,4000,1,3021,1475,784,762,979,1526,1495,True,-495.9471747656365,498.94290703919046,stratumwise_add_one,float64 evaluation; not a rational certificate,A_only_histogram,0.48381062362209837,0.14779058621009764,0.17723077942168383,0.3403584912750823,0.0,0.1712581898853389,1.0,0.0,0,0.0,deliberately_uncorrected_histogram,,,
rho0.55_N4000_r001,0.55,deep,4000,1,3209,1926,652,631,791,1611,1598,True,-569.9965825822123,572.9923148557664,stratumwise_add_one,float64 evaluation; not a rational certificate,D_completion,0.2387318814063705,0.004158178889790215,0.003754480335275333,0.0996727249512783,0.033279071736023486,0.020462128659449963,0.9108701721493355,0.00889581299998099,52,8.942013230437358e-08,score_tolerance_reached_not_global_certificate,True,7.44773132055343e-11,0.0
rho0.55_N4000_r001,0.55,deep,4000,1,3209,1926,652,631,791,1611,1598,True,-569.9965825822123,572.9923148557664,stratumwise_add_one,float64 evaluation; not a rational certificate,no_D_ablation,0.3983817691950976,0.036135696346361615,0.039180435656672515,0.14065088420597982,0.0,0.020462128659449963,0.9532049378840723,0.0065716630000451914,51,9.590170213513716e-08,score_tolerance_reached_not_global_certificate,,1.0207479306245659e-10,0.033279071736023486
rho0.55_N4000_r001,0.55,deep,4000,1,3209,1926,652,631,791,1611,1598,True,-569.9965825822123,572.9923148557664,stratumwise_add_one,float64 evaluation; not a rational certificate,A_only_histogram,0.48835355294099747,0.09956473880760121,0.10248925477198358,0.25269136366415634,0.0,0.020462128659449963,1.0000000000000002,0.0,0,0.0,deliberately_uncorrected_histogram,,,
rho0.55_N4000_r002,0.55,shallow,4000,2,3021,1460,766,795,979,1531,1490,True,-561.5326291266939,564.528361400248,stratumwise_add_one,float64 evaluation; not a rational certificate,D_completion,0.14182368455471828,0.0036746048160621997,0.007575374641372098,0.06836026232800237,0.1425369565965509,0.1712581898853389,0.6705754237441952,0.0077690749999419495,52,9.230859244613945e-08,score_tolerance_reached_not_global_certificate,True,3.2151170614724833e-11,2.7755575615628914e-17
rho0.55_N4000_r002,0.55,shallow,4000,2,3021,1460,766,795,979,1531,1490,True,-561.5326291266939,564.528361400248,stratumwise_add_one,float64 evaluation; not a rational certificate,no_D_ablation,0.19091519897784018,0.02468902673796377,0.05493306779395692,0.10138797568521477,0.0,0.1712581898853389,0.7804748526172588,0.011939091999920493,52,8.578982657603262e-08,score_tolerance_reached_not_global_certificate,,3.2151170614724833e-11,0.1425369565965509
rho0.55_N4000_r002,0.55,shallow,4000,2,3021,1460,766,795,979,1531,1490,True,-561.5326291266939,564.528361400248,stratumwise_add_one,float64 evaluation; not a rational certificate,A_only_histogram,0.49942903496604096,0.1535620388737147,0.18300008756776884,0.3541262084500125,0.0,0.1712581898853389,0.9999999999999999,0.0,0,0.0,deliberately_uncorrected_histogram,,,
rho0.55_N4000_r002,0.55,deep,4000,2,3218,1893,640,685,782,1627,1591,True,-630.7017231788586,633.6974554524127,stratumwise_add_one,float64 evaluation; not a rational certificate,D_completion,0.22540491833767323,0.0029699451765573827,0.002241755920987144,0.08743015729839837,0.033279071736023486,0.020462128659449963,0.9037931240267085,0.006987744000070961,52,9.094692808590218e-08,score_tolerance_reached_not_global_certificate,True,1.985620556865797e-10,0.0
rho0.55_N4000_r002,0.55,deep,4000,2,3218,1893,640,685,782,1627,1591,True,-630.7017231788586,633.6974554524127,stratumwise_add_one,float64 evaluation; not a rational certificate,no_D_ablation,0.37408260247217934,0.039523438956034745,0.042586069738152106,0.12612255648478615,0.0,0.020462128659449963,0.9507499687026497,0.005856609999909779,52,8.578982657603262e-08,score_tolerance_reached_not_global_certificate,,1.985620556865797e-10,0.033279071736023486
rho0.55_N4000_r002,0.55,deep,4000,2,3218,1893,640,685,782,1627,1591,True,-630.7017231788586,633.6974554524127,stratumwise_add_one,float64 evaluation; not a rational certificate,A_only_histogram,0.4934975524296546,0.10572804222058017,0.10865741433032823,0.26332158877682726,0.0,0.020462128659449963,1.0,0.0,0,0.0,deliberately_uncorrected_histogram,,,
rho0.55_N4000_r003,0.55,shallow,4000,3,3033,1468,798,767,967,1526,1507,True,-537.6185369682358,540.6142692417899,stratumwise_add_one,float64 evaluation; not a rational certificate,D_completion,0.14293978742817487,0.004392516331663606,0.004523272606577627,0.08354581486181263,0.1425369565965509,0.1712581898853389,0.6666803866087639,0.005407698999988497,38,8.911793361513869e-08,score_tolerance_reached_not_global_certificate,True,1.509903313490213e-13,2.7755575615628914e-17
rho0.55_N4000_r003,0.55,shallow,4000,3,3033,1468,798,767,967,1526,1507,True,-537.6185369682358,540.6142692417899,stratumwise_add_one,float64 evaluation; not a rational certificate,no_D_ablation,0.18718475081238156,0.017496815975138316,0.047412976467258984,0.10793544225746411,0.0,0.1712581898853389,0.7619744976412972,0.0045450489999439014,39,7.518448219556717e-08,score_tolerance_reached_not_global_certificate,,8.260059303211165e-14,0.1425369565965509
rho0.55_N4000_r003,0.55,shallow,4000,3,3033,1468,798,767,967,1526,1507,True,-537.6185369682358,540.6142692417899,stratumwise_add_one,float64 evaluation; not a rational certificate,A_only_histogram,0.44949958998033707,0.14543277341343172,0.1748457734273695,0.326518577951046,0.0,0.1712581898853389,1.0,0.0,0,0.0,deliberately_uncorrected_histogram,,,
rho0.55_N4000_r003,0.55,deep,4000,3,3223,1919,649,655,777,1627,1596,True,-603.231258729062,606.226991002616,stratumwise_add_one,float64 evaluation; not a rational certificate,D_completion,0.22616515213299787,0.00330897858102584,0.003389657501420796,0.09683470401728633,0.033279071736023486,0.020462128659449963,0.8995977515007658,0.013593767000088519,90,9.25842670094149e-08,score_tolerance_reached_not_global_certificate,True,2.7541524616481183e-11,0.0
rho0.55_N4000_r003,0.55,deep,4000,3,3223,1919,649,655,777,1627,1596,True,-603.231258729062,606.226991002616,stratumwise_add_one,float64 evaluation; not a rational certificate,no_D_ablation,0.3794120370274296,0.03295984109222345,0.03600397636073829,0.13334736591250737,0.0,0.020462128659449963,0.9431426112174782,0.009289723000051708,89,8.846283416907852e-08,score_tolerance_reached_not_global_certificate,,3.2387426074365067e-11,0.033279071736023486
rho0.55_N4000_r003,0.55,deep,4000,3,3223,1919,649,655,777,1627,1596,True,-603.231258729062,606.226991002616,stratumwise_add_one,float64 evaluation; not a rational certificate,A_only_histogram,0.4578558739488738,0.09751174295516404,0.10043056992081306,0.24062703086124387,0.0,0.020462128659449963,0.9999999999999999,0.0,0,0.0,deliberately_uncorrected_histogram,,,
rho0.55_N4000_r004,0.55,shallow,4000,4,3081,1508,805,768,919,1551,1530,True,-518.3724358143936,521.3681680879477,stratumwise_add_one,float64 evaluation; not a rational certificate,D_completion,0.17039652577579376,0.0032602068115797733,0.0064279306529588685,0.09141006806191099,0.14253695659655094,0.1712581898853389,0.6685520585800234,0.008051160000036361,39,7.917089329018925e-08,score_tolerance_reached_not_global_certificate,True,8.881784197001252e-16,2.7755575615628914e-17
rho0.55_N4000_r004,0.55,shallow,4000,4,3081,1508,805,768,919,1551,1530,True,-518.3724358143936,521.3681680879477,stratumwise_add_one,float64 evaluation; not a rational certificate,no_D_ablation,0.22080463356214158,0.021109558905195516,0.051283737280748046,0.12047423854170239,0.0,0.1712581898853389,0.7671634872131989,0.006610253999951965,41,9.788956223388823e-08,score_tolerance_reached_not_global_certificate,,1.7763568394002505e-15,0.1425369565965509
rho0.55_N4000_r004,0.55,shallow,4000,4,3081,1508,805,768,919,1551,1530,True,-518.3724358143936,521.3681680879477,stratumwise_add_one,float64 evaluation; not a rational certificate,A_only_histogram,0.46446802386454866,0.14983485083403378,0.17930275049840305,0.34148738600782,0.0,0.1712581898853389,0.9999999999999999,0.0,0,0.0,deliberately_uncorrected_histogram,,,
rho0.55_N4000_r004,0.55,deep,4000,4,3269,1937,692,640,731,1649,1620,True,-572.3753023493476,575.3710346229017,stratumwise_add_one,float64 evaluation; not a rational certificate,D_completion,0.24764430259963047,0.0035845206278567834,0.0026267119035447944,0.10319226301133849,0.033279071736023486,0.020462128659449963,0.900519446593222,0.011873375000050146,68,8.480621309530265e-08,score_tolerance_reached_not_global_certificate,True,2.672884136245557e-11,0.0
rho0.55_N4000_r004,0.55,deep,4000,4,3269,1937,692,640,731,1649,1620,True,-572.3753023493476,575.3710346229017,stratumwise_add_one,float64 evaluation; not a rational certificate,no_D_ablation,0.40807458991933526,0.03684273245191697,0.039901811713190544,0.1430918046832075,0.0,0.020462128659449963,0.948134193360433,0.0072867039999664485,67,8.489164526892523e-08,score_tolerance_reached_not_global_certificate,,3.33333360913457e-11,0.033279071736023486
rho0.55_N4000_r004,0.55,deep,4000,4,3269,1937,692,640,731,1649,1620,True,-572.3753023493476,575.3710346229017,stratumwise_add_one,float64 evaluation; not a rational certificate,A_only_histogram,0.482756514074675,0.10515630693933334,0.10809238428861738,0.2572424551211737,0.0,0.020462128659449963,0.9999999999999999,0.0,0,0.0,deliberately_uncorrected_histogram,,,
rho0.55_N4000_r005,0.55,shallow,4000,5,3049,1498,781,770,951,1588,1461,True,-473.3348375729172,476.3305698464712,stratumwise_add_one,float64 evaluation; not a rational certificate,D_completion,0.14819287725360525,0.004977296290044296,0.007061245616626838,0.07987925170412813,0.1425369565965509,0.1712581898853389,0.6729605094089397,0.00536533700005748,41,9.976724130191037e-08,score_tolerance_reached_not_global_certificate,True,0.0,2.7755575615628914e-17
rho0.55_N4000_r005,0.55,shallow,4000,5,3049,1498,781,770,951,1588,1461,True,-473.3348375729172,476.3305698464712,stratumwise_add_one,float64 evaluation; not a rational certificate,no_D_ablation,0.19217383546598638,0.02144557986928882,0.051368527099738784,0.10570065953658138,0.0,0.1712581898853389,0.7727502312967615,0.004346327000007477,42,8.30880444446791e-08,score_tolerance_reached_not_global_certificate,,0.0,0.1425369565965509
rho0.55_N4000_r005,0.55,shallow,4000,5,3049,1498,781,770,951,1588,1461,True,-473.3348375729172,476.3305698464712,stratumwise_add_one,float64 evaluation; not a rational certificate,A_only_histogram,0.45661938485653253,0.14880368896842175,0.17813594463927182,0.33214470836577803,0.0,0.1712581898853389,1.0,0.0,0,0.0,deliberately_uncorrected_histogram,,,
rho0.55_N4000_r005,0.55,deep,4000,5,3241,1938,641,662,759,1685,1556,True,-543.3531206439654,546.3488529175195,stratumwise_add_one,float64 evaluation; not a rational certificate,D_completion,0.2167338268792299,0.005016954635384388,0.00414940432240404,0.09271343380321204,0.033279071736023486,0.020462128659449963,0.9081113032748012,0.007971153000084996,62,8.349212631847222e-08,score_tolerance_reached_not_global_certificate,True,7.664979762012081e-13,0.0
rho0.55_N4000_r005,0.55,deep,4000,5,3241,1938,641,662,759,1685,1556,True,-543.3531206439654,546.3488529175195,stratumwise_add_one,float64 evaluation; not a rational certificate,no_D_ablation,0.3698554155008226,0.03663385895446616,0.03967572590339181,0.13052575135529804,0.0,0.020462128659449963,0.9512720027324671,0.0063390799999751835,61,8.558736652730659e-08,score_tolerance_reached_not_global_certificate,,1.0738077094174514e-12,0.033279071736023486
rho0.55_N4000_r005,0.55,deep,4000,5,3241,1938,641,662,759,1685,1556,True,-543.3531206439654,546.3488529175195,stratumwise_add_one,float64 evaluation; not a rational certificate,A_only_histogram,0.4670103276583375,0.10266367965178863,0.10557655766853018,0.24737329703254746,0.0,0.020462128659449963,0.9999999999999999,0.0,0,0.0,deliberately_uncorrected_histogram,,,
rho0.55_N4000_r006,0.55,shallow,4000,6,3058,1510,778,770,942,1539,1519,True,-547.9125027303803,550.9082350039344,stratumwise_add_one,float64 evaluation; not a rational certificate,D_completion,0.15235108126517408,0.005068543364351292,0.008099516311756972,0.07845639501955308,0.1425369565965509,0.1712581898853389,0.6767999914386107,0.006878984999957538,52,9.161345484426539e-08,score_tolerance_reached_not_global_certificate,True,3.1463720517876936e-11,2.7755575615628914e-17
rho0.55_N4000_r006,0.55,shallow,4000,6,3058,1510,778,770,942,1539,1519,True,-547.9125027303803,550.9082350039344,stratumwise_add_one,float64 evaluation; not a rational certificate,no_D_ablation,0.19432154590636966,0.023439135122771848,0.053637521140294846,0.10422185208069534,0.0,0.1712581898853389,0.780558883934198,0.005251659999998992,51,9.590170169104795e-08,score_tolerance_reached_not_global_certificate,,4.196820668767032e-11,0.1425369565965509
rho0.55_N4000_r006,0.55,shallow,4000,6,3058,1510,778,770,942,1539,1519,True,-547.9125027303803,550.9082350039344,stratumwise_add_one,float64 evaluation; not a rational certificate,A_only_histogram,0.491211503106067,0.15181388161136303,0.18112158537218057,0.34319752572576123,0.0,0.1712581898853389,0.9999999999999998,0.0,0,0.0,deliberately_uncorrected_histogram,,,
rho0.55_N4000_r006,0.55,deep,4000,6,3259,1939,648,672,741,1636,1623,True,-611.6466736429301,614.6424059164841,stratumwise_add_one,float64 evaluation; not a rational certificate,D_completion,0.22821478717038007,0.004387830633196105,0.003677412158546618,0.09328772006094463,0.033279071736023486,0.020462128659449963,0.903805438633276,0.009877758000016001,59,7.901235430956097e-08,score_tolerance_reached_not_global_certificate,True,5.1024073854932794e-11,0.0
rho0.55_N4000_r006,0.55,deep,4000,6,3259,1939,648,672,741,1636,1623,True,-611.6466736429301,614.6424059164841,stratumwise_add_one,float64 evaluation; not a rational certificate,no_D_ablation,0.38274822623009436,0.038225210425274964,0.04128478777954312,0.13029440526151956,0.0,0.020462128659449963,0.9501655087092329,0.006534147000024859,58,8.158769460031579e-08,score_tolerance_reached_not_global_certificate,,6.683364972559502e-11,0.033279071736023486
rho0.55_N4000_r006,0.55,deep,4000,6,3259,1939,648,672,741,1636,1623,True,-611.6466736429301,614.6424059164841,stratumwise_add_one,float64 evaluation; not a rational certificate,A_only_histogram,0.5010210298095594,0.10685174566431956,0.10976554105024823,0.25867044215127233,0.0,0.020462128659449963,1.0,0.0,0,0.0,deliberately_uncorrected_histogram,,,
rho0.55_N4000_r007,0.55,shallow,4000,7,3020,1461,743,816,980,1509,1511,True,-503.28437262043116,506.28010489398514,stratumwise_add_one,float64 evaluation; not a rational certificate,D_completion,0.15484921246749023,0.0034802133708106008,0.005888875047904167,0.08705211939738008,0.14253695659655094,0.1712581898853389,0.6646917639324339,0.007220077000056335,39,9.674094541957031e-08,score_tolerance_reached_not_global_certificate,True,2.6645352591003757e-15,2.7755575615628914e-17
rho0.55_N4000_r007,0.55,shallow,4000,7,3020,1461,743,816,980,1509,1511,True,-503.28437262043116,506.28010489398514,stratumwise_add_one,float64 evaluation; not a rational certificate,no_D_ablation,0.20713615923499445,0.020643552516769803,0.050604878560842954,0.11430164067880869,0.0,0.1712581898853389,0.7644107907494845,0.00542941100002281,43,9.668629741277357e-08,score_tolerance_reached_not_global_certificate,,8.881784197001252e-16,0.1425369565965509
rho0.55_N4000_r007,0.55,shallow,4000,7,3020,1461,743,816,980,1509,1511,True,-503.28437262043116,506.28010489398514,stratumwise_add_one,float64 evaluation; not a rational certificate,A_only_histogram,0.4704028617379761,0.14718884383979453,0.17675037280231035,0.33582207389054175,0.0,0.1712581898853389,1.0,0.0,0,0.0,deliberately_uncorrected_histogram,,,
rho0.55_N4000_r007,0.55,deep,4000,7,3198,1905,613,680,802,1599,1599,True,-553.6122733619129,556.608005635467,stratumwise_add_one,float64 evaluation; not a rational certificate,D_completion,0.24594989452675514,0.0040443548634106485,0.002981052682981936,0.10075871443758194,0.033279071736023486,0.020462128659449963,0.9134244790363681,0.005371054000079312,41,8.623149584671181e-08,score_tolerance_reached_not_global_certificate,True,4.3216630274400814e-10,0.0
rho0.55_N4000_r007,0.55,deep,4000,7,3198,1905,613,680,802,1599,1599,True,-553.6122733619129,556.608005635467,stratumwise_add_one,float64 evaluation; not a rational certificate,no_D_ablation,0.4077472922771675,0.036608374010904624,0.039654161019683554,0.14285759817192606,0.0,0.020462128659449963,0.9559791778847853,0.005827296999996179,43,9.668629741277357e-08,score_tolerance_reached_not_global_certificate,,1.8636381327041818e-10,0.033279071736023486
rho0.55_N4000_r007,0.55,deep,4000,7,3198,1905,613,680,802,1599,1599,True,-553.6122733619129,556.608005635467,stratumwise_add_one,float64 evaluation; not a rational certificate,A_only_histogram,0.488492880866509,0.09937345656653485,0.10231676837869386,0.24794628594073642,0.0,0.020462128659449963,1.0,0.0,0,0.0,deliberately_uncorrected_histogram,,,
rho0.55_N4000_r008,0.55,shallow,4000,8,3012,1465,793,754,988,1528,1484,True,-458.33163521756455,461.32736749111854,stratumwise_add_one,float64 evaluation; not a rational certificate,D_completion,0.18154718060682445,0.0058941453254440284,0.0060846022508461274,0.09827603206521615,0.14253695659655094,0.1712581898853389,0.6597376469003212,0.008753855000009025,52,9.21935579246775e-08,score_tolerance_reached_not_global_certificate,True,3.1943336864515004e-11,2.7755575615628914e-17
rho0.55_N4000_r008,0.55,shallow,4000,8,3012,1465,793,754,988,1528,1484,True,-458.33163521756455,461.32736749111854,stratumwise_add_one,float64 evaluation; not a rational certificate,no_D_ablation,0.22017653308950935,0.020619756035224115,0.05049093823202202,0.12545628795259206,0.0,0.1712581898853389,0.7673867055767529,0.005578239999977086,51,9.590170191309255e-08,score_tolerance_reached_not_global_certificate,,4.261035968511351e-11,0.1425369565965509
rho0.55_N4000_r008,0.55,shallow,4000,8,3012,1465,793,754,988,1528,1484,True,-458.33163521756455,461.32736749111854,stratumwise_add_one,float64 evaluation; not a rational certificate,A_only_histogram,0.5116988336291443,0.15065970772284676,0.17998835647750613,0.3518439947787668,0.0,0.1712581898853389,1.0,0.0,0,0.0,deliberately_uncorrected_histogram,,,
rho0.55_N4000_r008,0.55,deep,4000,8,3217,1895,651,671,783,1625,1592,True,-532.6536631727205,535.6493954462745,stratumwise_add_one,float64 evaluation; not a rational certificate,D_completion,0.2750998081614415,0.005757863098634167,0.006852635679621287,0.11536130831795527,0.033279071736023486,0.020462128659449963,0.8916350610699924,0.013524045000053775,96,9.328348887384064e-08,score_tolerance_reached_not_global_certificate,True,2.6614266346314253e-11,0.0
rho0.55_N4000_r008,0.55,deep,4000,8,3217,1895,651,671,783,1625,1592,True,-532.6536631727205,535.6493954462745,stratumwise_add_one,float64 evaluation; not a rational certificate,no_D_ablation,0.4093447547895832,0.03493959919974729,0.03797709538488239,0.14826325045047303,0.0,0.020462128659449963,0.9452332667559811,0.012591122999992876,94,9.908670706160194e-08,score_tolerance_reached_not_global_certificate,,3.597300235469447e-11,0.033279071736023486
rho0.55_N4000_r008,0.55,deep,4000,8,3217,1895,651,671,783,1625,1592,True,-532.6536631727205,535.6493954462745,stratumwise_add_one,float64 evaluation; not a rational certificate,A_only_histogram,0.5224941834958887,0.10413802456095177,0.10705120634478715,0.2677850669214563,0.0,0.020462128659449963,0.9999999999999999,0.0,0,0.0,deliberately_uncorrected_histogram,,,
rho0.55_N4000_r009,0.55,shallow,4000,9,3008,1461,778,769,992,1521,1487,True,-568.4193863680636,571.4151186416176,stratumwise_add_one,float64 evaluation; not a rational certificate,D_completion,0.15756737442933358,0.004550964279316991,0.007779546754717834,0.08263880284058997,0.1425369565965509,0.1712581898853389,0.6542381362425723,0.005749712000010732,42,7.772376845200887e-08,score_tolerance_reached_not_global_certificate,True,0.0,0.0
rho0.55_N4000_r009,0.55,shallow,4000,9,3008,1461,778,769,992,1521,1487,True,-568.4193863680636,571.4151186416176,stratumwise_add_one,float64 evaluation; not a rational certificate,no_D_ablation,0.20360036358131273,0.02560505924964195,0.05586367536726886,0.10618332243280722,0.0,0.1712581898853389,0.7671832512971267,0.004788607999898886,45,9.562493508141756e-08,score_tolerance_reached_not_global_certificate,,2.6645352591003757e-15,0.1425369565965509
rho0.55_N4000_r009,0.55,shallow,4000,9,3008,1461,778,769,992,1521,1487,True,-568.4193863680636,571.4151186416176,stratumwise_add_one,float64 evaluation; not a rational certificate,A_only_histogram,0.5031500197476596,0.15738857438643614,0.18677505472856457,0.35286714930683727,0.0,0.1712581898853389,1.0,0.0,0,0.0,deliberately_uncorrected_histogram,,,
rho0.55_N4000_r009,0.55,deep,4000,9,3230,1926,650,654,770,1643,1587,True,-612.97194168992,615.967673963474,stratumwise_add_one,float64 evaluation; not a rational certificate,D_completion,0.23486702852094726,0.0034144454548132564,0.004209767567932446,0.09571403042889429,0.033279071736023486,0.020462128659449963,0.8954776295007582,0.009040145999961169,51,8.347707466008258e-08,score_tolerance_reached_not_global_certificate,True,1.4144507787250404e-10,0.0
rho0.55_N4000_r009,0.55,deep,4000,9,3230,1926,650,654,770,1643,1587,True,-612.97194168992,615.967673963474,stratumwise_add_one,float64 evaluation; not a rational certificate,no_D_ablation,0.3600571193349033,0.03887344096860952,0.04193625734443794,0.12827367789397437,0.0,0.020462128659449963,0.9453121405418063,0.005328071999997519,50,8.747090851635164e-08,score_tolerance_reached_not_global_certificate,,1.9034729348277324e-10,0.033279071736023486
rho0.55_N4000_r009,0.55,deep,4000,9,3230,1926,650,654,770,1643,1587,True,-612.97194168992,615.967673963474,stratumwise_add_one,float64 evaluation; not a rational certificate,A_only_histogram,0.4827935374651157,0.10457050649225502,0.10748675840476299,0.2600079383953463,0.0,0.020462128659449963,1.0,0.0,0,0.0,deliberately_uncorrected_histogram,,,
rho0.55_N4000_r010,0.55,shallow,4000,10,2991,1471,742,778,1009,1504,1487,True,-555.6436237017523,558.6393559753063,stratumwise_add_one,float64 evaluation; not a rational certificate,D_completion,0.17829011311355408,0.004512729956969476,0.0040288545663863555,0.08493759528857553,0.1425369565965509,0.1712581898853389,0.6749679943892481,0.006319911999980832,45,8.12994951235505e-08,score_tolerance_reached_not_global_certificate,True,3.907985046680551e-14,2.7755575615628914e-17
rho0.55_N4000_r010,0.55,shallow,4000,10,2991,1471,742,778,1009,1504,1487,True,-555.6436237017523,558.6393559753063,stratumwise_add_one,float64 evaluation; not a rational certificate,no_D_ablation,0.22237314306291217,0.018776249073725992,0.0484089809028075,0.11033329460587403,0.0,0.1712581898853389,0.7790186222779022,0.005864541999926587,50,8.537032902822261e-08,score_tolerance_reached_not_global_certificate,,3.552713678800501e-15,0.1425369565965509
rho0.55_N4000_r010,0.55,shallow,4000,10,2991,1471,742,778,1009,1504,1487,True,-555.6436237017523,558.6393559753063,stratumwise_add_one,float64 evaluation; not a rational certificate,A_only_histogram,0.48505881500696696,0.1391448555059395,0.16878558454289885,0.33885187969748665,0.0,0.1712581898853389,1.0,0.0,0,0.0,deliberately_uncorrected_histogram,,,
rho0.55_N4000_r010,0.55,deep,4000,10,3188,1910,620,658,812,1601,1587,True,-611.2354653160917,614.2311975896457,stratumwise_add_one,float64 evaluation; not a rational certificate,D_completion,0.25003100823437896,0.0037261898986022278,0.00500387823282191,0.09890662562200536,0.033279071736023486,0.020462128659449963,0.9098205188498334,0.007987146000004941,51,8.938634904942873e-08,score_tolerance_reached_not_global_certificate,True,3.5626612771011423e-11,0.0
rho0.55_N4000_r010,0.55,deep,4000,10,3188,1910,620,658,812,1601,1587,True,-611.2354653160917,614.2311975896457,stratumwise_add_one,float64 evaluation; not a rational certificate,no_D_ablation,0.39925795419485516,0.03340804193464465,0.03643190583583847,0.13495853042529926,0.0,0.020462128659449963,0.9541514868465166,0.005161255999951209,50,9.612590767815732e-08,score_tolerance_reached_not_global_certificate,,4.8624215764903056e-11,0.033279071736023486
rho0.55_N4000_r010,0.55,deep,4000,10,3188,1910,620,658,812,1601,1587,True,-611.2354653160917,614.2311975896457,stratumwise_add_one,float64 evaluation; not a rational certificate,A_only_histogram,0.48460932962778275,0.09416203782669716,0.097116073922707,0.2506269554856455,0.0,0.020462128659449963,0.9999999999999999,0.0,0,0.0,deliberately_uncorrected_histogram,,,
rho0.55_N4000_r011,0.55,shallow,4000,11,3001,1463,797,741,999,1504,1497,True,-547.7105625468917,550.7062948204457,stratumwise_add_one,float64 evaluation; not a rational certificate,D_completion,0.14767101139313113,0.003695884504718714,0.006248817993901054,0.07697399961013604,0.14253695659655094,0.1712581898853389,0.6660780471185058,0.0058993029999783175,42,7.653838843057182e-08,score_tolerance_reached_not_global_certificate,True,0.0,2.7755575615628914e-17
rho0.55_N4000_r011,0.55,shallow,4000,11,3001,1463,797,741,999,1504,1497,True,-547.7105625468917,550.7062948204457,stratumwise_add_one,float64 evaluation; not a rational certificate,no_D_ablation,0.18306746691804696,0.02224668656059925,0.05228856575613533,0.09957318993315784,0.0,0.1712581898853389,0.7714970296940684,0.004520522999996501,42,7.796901457801653e-08,score_tolerance_reached_not_global_certificate,,1.7763568394002505e-15,0.1425369565965509
rho0.55_N4000_r011,0.55,shallow,4000,11,3001,1463,797,741,999,1504,1497,True,-547.7105625468917,550.7062948204457,stratumwise_add_one,float64 evaluation; not a rational certificate,A_only_histogram,0.46721331068694605,0.14891930885365062,0.1784156198956087,0.33473798382662645,0.0,0.1712581898853389,1.0,0.0,0,0.0,deliberately_uncorrected_histogram,,,
rho0.55_N4000_r011,0.55,deep,4000,11,3230,1916,688,626,770,1622,1608,True,-615.3409618811613,618.3366941547154,stratumwise_add_one,float64 evaluation; not a rational certificate,D_completion,0.23112832875684655,0.004561141600848603,0.005985608729715041,0.09271666715742857,0.033279071736023486,0.020462128659449963,0.8964260536821033,0.016263346999949135,116,9.724061904423193e-08,score_tolerance_reached_not_global_certificate,True,2.8836488752403966e-11,0.0
rho0.55_N4000_r011,0.55,deep,4000,11,3230,1916,688,626,770,1622,1608,True,-615.3409618811613,618.3366941547154,stratumwise_add_one,float64 evaluation; not a rational certificate,no_D_ablation,0.3555292454322497,0.03516681269473398,0.0382136481036338,0.1247094864815357,0.0,0.020462128659449963,0.9470000985131145,0.011934816000007231,114,9.71536942007134e-08,score_tolerance_reached_not_global_certificate,,3.697220307685711e-11,0.033279071736023486
rho0.55_N4000_r011,0.55,deep,4000,11,3230,1916,688,626,770,1622,1608,True,-615.3409618811613,618.3366941547154,stratumwise_add_one,float64 evaluation; not a rational certificate,A_only_histogram,0.46300383031594666,0.09967139166985041,0.1026036824758419,0.246020164068337,0.0,0.020462128659449963,1.0,0.0,0,0.0,deliberately_uncorrected_histogram,,,
rho0.55_N4000_r012,0.55,shallow,4000,12,2993,1469,780,744,1007,1491,1502,True,-552.2433337167861,555.2390659903401,stratumwise_add_one,float64 evaluation; not a rational certificate,D_completion,0.1747892122591054,0.005606702784118771,0.008477881722820813,0.0890531548189121,0.1425369565965509,0.1712581898853389,0.6695292014566434,0.005976326999984849,45,9.028368207135256e-08,score_tolerance_reached_not_global_certificate,True,0.0,2.7755575615628914e-17
rho0.55_N4000_r012,0.55,shallow,4000,12,2993,1469,780,744,1007,1491,1502,True,-552.2433337167861,555.2390659903401,stratumwise_add_one,float64 evaluation; not a rational certificate,no_D_ablation,0.20696440014662637,0.024548851715726183,0.05453198131484425,0.11799269910323876,0.0,0.1712581898853389,0.7732839272535842,0.005051754999954028,50,8.940158013892585e-08,score_tolerance_reached_not_global_certificate,,8.881784197001252e-16,0.1425369565965509
rho0.55_N4000_r012,0.55,shallow,4000,12,2993,1469,780,744,1007,1491,1502,True,-552.2433337167861,555.2390659903401,stratumwise_add_one,float64 evaluation; not a rational certificate,A_only_histogram,0.4951076861963172,0.14738347498722199,0.1769824533161912,0.3459081122385325,0.0,0.1712581898853389,1.0,0.0,0,0.0,deliberately_uncorrected_histogram,,,
rho0.55_N4000_r012,0.55,deep,4000,12,3201,1923,661,617,799,1585,1616,True,-617.2604337628795,620.2561660364336,stratumwise_add_one,float64 evaluation; not a rational certificate,D_completion,0.2591267470328802,0.004144082559192664,0.004435069161192391,0.10462866992784334,0.033279071736023486,0.020462128659449963,0.9087591984888597,0.009566519999907541,63,9.518678056336967e-08,score_tolerance_reached_not_global_certificate,True,6.224709636626358e-11,0.0
rho0.55_N4000_r012,0.55,deep,4000,12,3201,1923,661,617,799,1585,1616,True,-617.2604337628795,620.2561660364336,stratumwise_add_one,float64 evaluation; not a rational certificate,no_D_ablation,0.3896954271789701,0.03845470039607944,0.0414977513776356,0.14179281687491105,0.0,0.020462128659449963,0.9543614922963639,0.007815543999981855,62,9.51854535191643e-08,score_tolerance_reached_not_global_certificate,,7.921396871779507e-11,0.033279071736023486
rho0.55_N4000_r012,0.55,deep,4000,12,3201,1923,661,617,799,1585,1616,True,-617.2604337628795,620.2561660364336,stratumwise_add_one,float64 evaluation; not a rational certificate,A_only_histogram,0.4886133966924081,0.098540908001462,0.10148852962937421,0.25643825419840466,0.0,0.020462128659449963,1.0,0.0,0,0.0,deliberately_uncorrected_histogram,,,
rho0.55_N4000_r013,0.55,shallow,4000,13,3024,1479,769,776,976,1519,1505,True,-517.5159960520593,520.5117283256134,stratumwise_add_one,float64 evaluation; not a rational certificate,D_completion,0.17279326708222636,0.004309403492417839,0.004573281679261097,0.08765519887830416,0.1425369565965509,0.1712581898853389,0.6604326951933747,0.0059896049999679235,43,9.31785998858609e-08,score_tolerance_reached_not_global_certificate,True,2.220446049250313e-14,0.0
rho0.55_N4000_r013,0.55,shallow,4000,13,3024,1479,769,776,976,1519,1505,True,-517.5159960520593,520.5117283256134,stratumwise_add_one,float64 evaluation; not a rational certificate,no_D_ablation,0.20977628593559886,0.021182384998658214,0.05100261467264188,0.10800611307875824,0.0,0.1712581898853389,0.7717687110462224,0.005550499999912972,47,7.613076835610855e-08,score_tolerance_reached_not_global_certificate,,2.6645352591003757e-15,0.1425369565965509
rho0.55_N4000_r013,0.55,shallow,4000,13,3024,1479,769,776,976,1519,1505,True,-517.5159960520593,520.5117283256134,stratumwise_add_one,float64 evaluation; not a rational certificate,A_only_histogram,0.48923970602816025,0.14389743034719776,0.17353006319020264,0.34273982006808024,0.0,0.1712581898853389,1.0,0.0,0,0.0,deliberately_uncorrected_histogram,,,
rho0.55_N4000_r013,0.55,deep,4000,13,3232,1929,640,663,768,1627,1605,True,-582.2704285068296,585.2661607803836,stratumwise_add_one,float64 evaluation; not a rational certificate,D_completion,0.27615604850108566,0.004375481012191139,0.005741910073447869,0.10538452862967346,0.033279071736023486,0.020462128659449963,0.8963483388932447,0.00890577799998482,56,8.61455610915847e-08,score_tolerance_reached_not_global_certificate,True,8.411404905928066e-11,0.0
rho0.55_N4000_r013,0.55,deep,4000,13,3232,1929,640,663,768,1627,1605,True,-582.2704285068296,585.2661607803836,stratumwise_add_one,float64 evaluation; not a rational certificate,no_D_ablation,0.3703003761747918,0.035307768319265645,0.038341129885789284,0.13168612500494195,0.0,0.020462128659449963,0.9428201511145364,0.007132477000027393,55,8.8825338639964e-08,score_tolerance_reached_not_global_certificate,,1.1077982975393752e-10,0.033279071736023486
rho0.55_N4000_r013,0.55,deep,4000,13,3232,1929,640,663,768,1627,1605,True,-582.2704285068296,585.2661607803836,stratumwise_add_one,float64 evaluation; not a rational certificate,A_only_histogram,0.4903900262011134,0.09674172349871596,0.09969460213233293,0.2555767018573042,0.0,0.020462128659449963,1.0,0.0,0,0.0,deliberately_uncorrected_histogram,,,
rho0.55_N4000_r014,0.55,shallow,4000,14,3026,1486,789,751,974,1514,1512,True,-534.4184238246905,537.4141560982446,stratumwise_add_one,float64 evaluation; not a rational certificate,D_completion,0.15058577628802716,0.004035789814217265,0.005825814230738141,0.079218239108505,0.1425369565965509,0.1712581898853389,0.6798199004923644,0.006660442999987026,52,8.653059368895401e-08,score_tolerance_reached_not_global_certificate,True,1.0480505352461478e-13,2.7755575615628914e-17
rho0.55_N4000_r014,0.55,shallow,4000,14,3026,1486,789,751,974,1514,1512,True,-534.4184238246905,537.4141560982446,stratumwise_add_one,float64 evaluation; not a rational certificate,no_D_ablation,0.20507335481293623,0.020172646016130287,0.04989701008001717,0.10928563494745674,0.0,0.1712581898853389,0.7784592114932455,0.005147955999973419,47,8.079281066386557e-08,score_tolerance_reached_not_global_certificate,,7.913669719528116e-13,0.1425369565965509
rho0.55_N4000_r014,0.55,shallow,4000,14,3026,1486,789,751,974,1514,1512,True,-534.4184238246905,537.4141560982446,stratumwise_add_one,float64 evaluation; not a rational certificate,A_only_histogram,0.4673682415320802,0.14018634369005037,0.1698373292026034,0.3333082473347141,0.0,0.1712581898853389,1.0,0.0,0,0.0,deliberately_uncorrected_histogram,,,
rho0.55_N4000_r014,0.55,deep,4000,14,3232,1919,672,641,768,1617,1615,True,-606.8778898725732,609.8736221461272,stratumwise_add_one,float64 evaluation; not a rational certificate,D_completion,0.22706871897918351,0.0036444423277757214,0.0046150777188140365,0.09321509246112378,0.033279071736023486,0.020462128659449963,0.9052496996219483,0.013882102000025043,88,8.876607098207585e-08,score_tolerance_reached_not_global_certificate,True,7.975842208907125e-11,0.0
rho0.55_N4000_r014,0.55,deep,4000,14,3232,1919,672,641,768,1617,1615,True,-606.8778898725732,609.8736221461272,stratumwise_add_one,float64 evaluation; not a rational certificate,no_D_ablation,0.39828436823352054,0.03441208364821331,0.037439848859367415,0.13565060043263744,0.0,0.020462128659449963,0.9513721318389405,0.01122285799999645,86,9.81459498117232e-08,score_tolerance_reached_not_global_certificate,,1.1076295436396322e-10,0.033279071736023486
rho0.55_N4000_r014,0.55,deep,4000,14,3232,1919,672,641,768,1617,1615,True,-606.8778898725732,609.8736221461272,stratumwise_add_one,float64 evaluation; not a rational certificate,A_only_histogram,0.4774002018555308,0.09626308642789135,0.09922101872596784,0.2496857290611581,0.0,0.020462128659449963,1.0000000000000002,0.0,0,0.0,deliberately_uncorrected_histogram,,,
rho0.55_N4000_r015,0.55,shallow,4000,15,3032,1458,794,780,968,1547,1485,True,-519.7733070537133,522.7690393272674,stratumwise_add_one,float64 evaluation; not a rational certificate,D_completion,0.15928626341630858,0.004855262424237667,0.008171382222332638,0.07798045432696642,0.14253695659655094,0.1712581898853389,0.6782149009753466,0.005814267999994627,41,9.332331449160971e-08,score_tolerance_reached_not_global_certificate,True,1.0391687510491465e-13,2.7755575615628914e-17
rho0.55_N4000_r015,0.55,shallow,4000,15,3032,1458,794,780,968,1547,1485,True,-519.7733070537133,522.7690393272674,stratumwise_add_one,float64 evaluation; not a rational certificate,no_D_ablation,0.20369402282503254,0.023308210258441583,0.053223115417834546,0.10901057781099374,0.0,0.1712581898853389,0.778816163356823,0.005220613999995294,47,9.225566310888667e-08,score_tolerance_reached_not_global_certificate,,4.440892098500626e-15,0.1425369565965509
rho0.55_N4000_r015,0.55,shallow,4000,15,3032,1458,794,780,968,1547,1485,True,-519.7733070537133,522.7690393272674,stratumwise_add_one,float64 evaluation; not a rational certificate,A_only_histogram,0.4808477488923729,0.15008492238000895,0.17962576748935036,0.34150502685944484,0.0,0.1712581898853389,1.0000000000000002,0.0,0,0.0,deliberately_uncorrected_histogram,,,
rho0.55_N4000_r015,0.55,deep,4000,15,3265,1923,685,657,735,1673,1592,True,-573.2539266011416,576.2496588746957,stratumwise_add_one,float64 evaluation; not a rational certificate,D_completion,0.2608051647892773,0.003535267701634427,0.004424146621972822,0.09944677522254608,0.033279071736023486,0.020462128659449963,0.9066596610291625,0.014447714999960226,102,8.8073723141181e-08,score_tolerance_reached_not_global_certificate,True,3.030020678806977e-11,0.0
rho0.55_N4000_r015,0.55,deep,4000,15,3265,1923,685,657,735,1673,1592,True,-573.2539266011416,576.2496588746957,stratumwise_add_one,float64 evaluation; not a rational certificate,no_D_ablation,0.3751397075279084,0.03597832760283366,0.039014935778681585,0.13175616429756803,0.0,0.020462128659449963,0.94791413673008,0.010489569000014853,100,9.262482625338464e-08,score_tolerance_reached_not_global_certificate,,4.042899348633e-11,0.033279071736023486
rho0.55_N4000_r015,0.55,deep,4000,15,3265,1923,685,657,735,1673,1592,True,-573.2539266011416,576.2496588746957,stratumwise_add_one,float64 evaluation; not a rational certificate,A_only_histogram,0.4864055955141464,0.09881219257354425,0.10174895119728068,0.25529432156487775,0.0,0.020462128659449963,1.0,0.0,0,0.0,deliberately_uncorrected_histogram,,,
rho0.55_N4000_r016,0.55,shallow,4000,16,3004,1477,763,764,996,1488,1516,True,-550.543476638139,553.5392089116931,stratumwise_add_one,float64 evaluation; not a rational certificate,D_completion,0.16551425435581493,0.005092255168720874,0.006546618681617486,0.09065884427111653,0.14253695659655094,0.1712581898853389,0.6798348658182284,0.005325116999983948,39,7.513932655365473e-08,score_tolerance_reached_not_global_certificate,True,1.7763568394002505e-15,2.7755575615628914e-17
rho0.55_N4000_r016,0.55,shallow,4000,16,3004,1477,763,764,996,1488,1516,True,-550.543476638139,553.5392089116931,stratumwise_add_one,float64 evaluation; not a rational certificate,no_D_ablation,0.21134117623914445,0.021462654531126623,0.050976252814230516,0.11595080619313611,0.0,0.1712581898853389,0.7812484306678213,0.004316141999993306,41,8.22273691358788e-08,score_tolerance_reached_not_global_certificate,,8.881784197001252e-16,0.1425369565965509
rho0.55_N4000_r016,0.55,shallow,4000,16,3004,1477,763,764,996,1488,1516,True,-550.543476638139,553.5392089116931,stratumwise_add_one,float64 evaluation; not a rational certificate,A_only_histogram,0.4592420060730387,0.13952831298634072,0.16919262362104437,0.32812381772611143,0.0,0.1712581898853389,1.0,0.0,0,0.0,deliberately_uncorrected_histogram,,,
rho0.55_N4000_r016,0.55,deep,4000,16,3223,1920,662,641,777,1602,1621,True,-634.3400049639365,637.3357372374905,stratumwise_add_one,float64 evaluation; not a rational certificate,D_completion,0.2441825886992453,0.004719680857933596,0.005672021602058063,0.10401253678866071,0.033279071736023486,0.020462128659449963,0.9025347930401852,0.009600830999943355,65,9.522458007609026e-08,score_tolerance_reached_not_global_certificate,True,3.54596352281078e-11,6.938893903907228e-18
rho0.55_N4000_r016,0.55,deep,4000,16,3223,1920,662,641,777,1602,1621,True,-634.3400049639365,637.3357372374905,stratumwise_add_one,float64 evaluation; not a rational certificate,no_D_ablation,0.3869383444514365,0.03465478080505042,0.03766439388191437,0.1400981976950793,0.0,0.020462128659449963,0.948635571210337,0.0079866949999996,64,9.460496652735628e-08,score_tolerance_reached_not_global_certificate,,4.4498627005395974e-11,0.033279071736023486
rho0.55_N4000_r016,0.55,deep,4000,16,3223,1920,662,641,777,1602,1621,True,-634.3400049639365,637.3357372374905,stratumwise_add_one,float64 evaluation; not a rational certificate,A_only_histogram,0.4649630970684541,0.09416773291014706,0.097125122127696,0.24326714942571975,0.0,0.020462128659449963,1.0,0.0,0,0.0,deliberately_uncorrected_histogram,,,
rho0.55_N4000_r017,0.55,shallow,4000,17,3006,1501,783,722,994,1519,1487,True,-537.2859370726943,540.2816693462483,stratumwise_add_one,float64 evaluation; not a rational certificate,D_completion,0.1574923433758664,0.0038924207015583814,0.005292504281392903,0.08801749072415432,0.1425369565965509,0.1712581898853389,0.6786993887645296,0.005770191999999952,39,7.656117186579178e-08,score_tolerance_reached_not_global_certificate,True,2.0590640303908003e-11,0.0
rho0.55_N4000_r017,0.55,shallow,4000,17,3006,1501,783,722,994,1519,1487,True,-537.2859370726943,540.2816693462483,stratumwise_add_one,float64 evaluation; not a rational certificate,no_D_ablation,0.2041772692912112,0.019715309166622848,0.049439580973174135,0.11320010407354628,0.0,0.1712581898853389,0.7761758340940598,0.004772003999960361,41,9.835740200081489e-08,score_tolerance_reached_not_global_certificate,,9.116263299802085e-12,0.1425369565965509
rho0.55_N4000_r017,0.55,shallow,4000,17,3006,1501,783,722,994,1519,1487,True,-537.2859370726943,540.2816693462483,stratumwise_add_one,float64 evaluation; not a rational certificate,A_only_histogram,0.457056977836189,0.13620425858521046,0.16591069263907451,0.33367738004010916,0.0,0.1712581898853389,1.0,0.0,0,0.0,deliberately_uncorrected_histogram,,,
rho0.55_N4000_r017,0.55,deep,4000,17,3224,1952,650,622,776,1630,1594,True,-589.2517481074298,592.2474803809838,stratumwise_add_one,float64 evaluation; not a rational certificate,D_completion,0.2385781865614334,0.003811590387040787,0.005030927706243033,0.10147769861843836,0.033279071736023486,0.020462128659449963,0.8981572062519946,0.006775761999961105,45,9.099785746760741e-08,score_tolerance_reached_not_global_certificate,True,9.939515877022131e-11,0.0
rho0.55_N4000_r017,0.55,deep,4000,17,3224,1952,650,622,776,1630,1594,True,-589.2517481074298,592.2474803809838,stratumwise_add_one,float64 evaluation; not a rational certificate,no_D_ablation,0.37818019396076025,0.033229068421273544,0.03625554094470029,0.13735948530175007,0.0,0.020462128659449963,0.9444932145600948,0.005064503999960834,45,7.261635848188064e-08,score_tolerance_reached_not_global_certificate,,7.996092676876287e-11,0.033279071736023486
rho0.55_N4000_r017,0.55,deep,4000,17,3224,1952,650,622,776,1630,1594,True,-589.2517481074298,592.2474803809838,stratumwise_add_one,float64 evaluation; not a rational certificate,A_only_histogram,0.459764540737561,0.09149102705395422,0.09445360812692837,0.24845795732978576,0.0,0.020462128659449963,0.9999999999999999,0.0,0,0.0,deliberately_uncorrected_histogram,,,
rho0.55_N4000_r018,0.55,shallow,4000,18,3061,1524,820,717,939,1565,1496,True,-495.99397551587134,498.9897077894253,stratumwise_add_one,float64 evaluation; not a rational certificate,D_completion,0.15355466524859981,0.007015757436944177,0.010847860559145469,0.08541441326107604,0.1425369565965509,0.1712581898853389,0.6904783921170348,0.0061750190000111616,39,8.774007076686352e-08,score_tolerance_reached_not_global_certificate,True,1.9947599128045113e-11,0.0
rho0.55_N4000_r018,0.55,shallow,4000,18,3061,1524,820,717,939,1565,1496,True,-495.99397551587134,498.9897077894253,stratumwise_add_one,float64 evaluation; not a rational certificate,no_D_ablation,0.20946943982171767,0.025896634077488982,0.05609697548686144,0.1152876188384396,0.0,0.1712581898853389,0.7857971054907836,0.004972718999965764,42,9.863135796983613e-08,score_tolerance_reached_not_global_certificate,,5.9108273831043334e-12,0.1425369565965509
rho0.55_N4000_r018,0.55,shallow,4000,18,3061,1524,820,717,939,1565,1496,True,-495.99397551587134,498.9897077894253,stratumwise_add_one,float64 evaluation; not a rational certificate,A_only_histogram,0.46824219203323697,0.14966626925437593,0.17918128105634729,0.3369124154072317,0.0,0.1712581898853389,1.0,0.0,0,0.0,deliberately_uncorrected_histogram,,,
rho0.55_N4000_r018,0.55,deep,4000,18,3268,1941,697,630,732,1667,1601,True,-555.0791071743124,558.0748394478665,stratumwise_add_one,float64 evaluation; not a rational certificate,D_completion,0.23130392930237118,0.0049483047463986475,0.003279027449947423,0.09688230600357611,0.033279071736023486,0.020462128659449963,0.9035847105362161,0.009457049000047846,68,8.342905079581073e-08,score_tolerance_reached_not_global_certificate,True,3.7767122762488725e-11,0.0
rho0.55_N4000_r018,0.55,deep,4000,18,3268,1941,697,630,732,1667,1601,True,-555.0791071743124,558.0748394478665,stratumwise_add_one,float64 evaluation; not a rational certificate,no_D_ablation,0.40825467304367885,0.040197382513705616,0.043256375579756375,0.1403958491476151,0.0,0.020462128659449963,0.950189817846798,0.007795254000029672,67,8.312351185146838e-08,score_tolerance_reached_not_global_certificate,,4.75193218107961e-11,0.033279071736023486
rho0.55_N4000_r018,0.55,deep,4000,18,3268,1941,697,630,732,1667,1601,True,-555.0791071743124,558.0748394478665,stratumwise_add_one,float64 evaluation; not a rational certificate,A_only_histogram,0.49295273471086803,0.10712141634491114,0.11006728075512463,0.25827528231580454,0.0,0.020462128659449963,1.0,0.0,0,0.0,deliberately_uncorrected_histogram,,,
rho0.55_N4000_r019,0.55,shallow,4000,19,3073,1567,754,752,927,1553,1520,True,-523.1141197878139,526.109852061368,stratumwise_add_one,float64 evaluation; not a rational certificate,D_completion,0.17226597840478217,0.00674377368846007,0.010605993089137311,0.08750507138567529,0.1425369565965509,0.1712581898853389,0.6871570259781918,0.006972882000013669,38,6.886851467393749e-08,score_tolerance_reached_not_global_certificate,True,5.329070518200751e-15,2.7755575615628914e-17
rho0.55_N4000_r019,0.55,shallow,4000,19,3073,1567,754,752,927,1553,1520,True,-523.1141197878139,526.109852061368,stratumwise_add_one,float64 evaluation; not a rational certificate,no_D_ablation,0.20722699319255392,0.026478401748967748,0.0566975694713466,0.11523121223219823,0.0,0.1712581898853389,0.7847647753603465,0.005933964000064407,40,8.013584662514006e-08,score_tolerance_reached_not_global_certificate,,2.6645352591003757e-15,0.1425369565965509
rho0.55_N4000_r019,0.55,shallow,4000,19,3073,1567,754,752,927,1553,1520,True,-523.1141197878139,526.109852061368,stratumwise_add_one,float64 evaluation; not a rational certificate,A_only_histogram,0.4792351312138719,0.14530557216771167,0.1748908567348288,0.33951663604995597,0.0,0.1712581898853389,0.9999999999999999,0.0,0,0.0,deliberately_uncorrected_histogram,,,
rho0.55_N4000_r019,0.55,deep,4000,19,3258,1995,638,625,742,1641,1617,True,-600.6765912160105,603.6723234895645,stratumwise_add_one,float64 evaluation; not a rational certificate,D_completion,0.2492275185826065,0.007599628524310159,0.0055682526540085,0.1012722508633509,0.033279071736023486,0.020462128659449963,0.9110036900644203,0.007778379000001223,45,8.214263087009184e-08,score_tolerance_reached_not_global_certificate,True,2.9399949141861725e-10,0.0
rho0.55_N4000_r019,0.55,deep,4000,19,3258,1995,638,625,742,1641,1617,True,-600.6765912160105,603.6723234895645,stratumwise_add_one,float64 evaluation; not a rational certificate,no_D_ablation,0.40351628868081135,0.04208803324358209,0.045149037389557355,0.14109454186630158,0.0,0.020462128659449963,0.9550707951813805,0.005524640999965413,44,9.312765825164604e-08,score_tolerance_reached_not_global_certificate,,4.1469316869324757e-10,0.033279071736023486
rho0.55_N4000_r019,0.55,deep,4000,19,3258,1995,638,625,742,1641,1617,True,-600.6765912160105,603.6723234895645,stratumwise_add_one,float64 evaluation; not a rational certificate,A_only_histogram,0.5050743441262762,0.10376303789202432,0.10671778638902663,0.25988517154211577,0.0,0.020462128659449963,1.0,0.0,0,0.0,deliberately_uncorrected_histogram,,,
rho0.55_N16000_r000,0.55,shallow,16000,0,12066,5950,3094,3022,3934,6046,6020,True,-631.911075158153,634.9068074317071,stratumwise_add_one,float64 evaluation; not a rational certificate,D_completion,0.0810030451648497,0.002997815384579713,0.006939178555890822,0.04512109627763032,0.1425369565965509,0.1712581898853389,0.671929754350551,0.004912710999974479,37,8.268324122432271e-08,score_tolerance_reached_not_global_certificate,True,1.7763568394002505e-15,0.0
rho0.55_N16000_r000,0.55,shallow,16000,0,12066,5950,3094,3022,3934,6046,6020,True,-631.911075158153,634.9068074317071,stratumwise_add_one,float64 evaluation; not a rational certificate,no_D_ablation,0.13360499352911645,0.02255789286134336,0.05275703384922046,0.07801341195083736,0.0,0.1712581898853389,0.7733831577215755,0.005452355000102216,43,8.932836359498708e-08,score_tolerance_reached_not_global_certificate,,0.0,0.1425369565965509
rho0.55_N16000_r000,0.55,shallow,16000,0,12066,5950,3094,3022,3934,6046,6020,True,-631.911075158153,634.9068074317071,stratumwise_add_one,float64 evaluation; not a rational certificate,A_only_histogram,0.45672420268881375,0.1468683917683853,0.17645880287650065,0.3274394011144387,0.0,0.1712581898853389,0.9999999999999999,0.0,0,0.0,deliberately_uncorrected_histogram,,,
rho0.55_N16000_r000,0.55,deep,16000,0,12884,7738,2610,2536,3116,6460,6424,True,-717.1115342733383,720.1072665468923,stratumwise_add_one,float64 evaluation; not a rational certificate,D_completion,0.126070548680811,0.002431762028253376,0.002079784181788072,0.05318013923863753,0.033279071736023486,0.020462128659449963,0.9074944642375296,0.007749457000045368,43,7.197319415550247e-08,score_tolerance_reached_not_global_certificate,True,1.1018741474799754e-11,0.0
rho0.55_N16000_r000,0.55,deep,16000,0,12884,7738,2610,2536,3116,6460,6424,True,-717.1115342733383,720.1072665468923,stratumwise_add_one,float64 evaluation; not a rational certificate,no_D_ablation,0.31556474369068394,0.037036702188476274,0.04009630228650176,0.10387199780820977,0.0,0.020462128659449963,0.9524509427851022,0.007096855000099822,43,8.932836359498708e-08,score_tolerance_reached_not_global_certificate,,1.1019629653219454e-11,0.033279071736023486
rho0.55_N16000_r000,0.55,deep,16000,0,12884,7738,2610,2536,3116,6460,6424,True,-717.1115342733383,720.1072665468923,stratumwise_add_one,float64 evaluation; not a rational certificate,A_only_histogram,0.44371970617365064,0.09974460581411661,0.10269315628746273,0.23465689498488806,0.0,0.020462128659449963,1.0,0.0,0,0.0,deliberately_uncorrected_histogram,,,
rho0.55_N16000_r001,0.55,shallow,16000,1,12024,5814,3055,3155,3976,6082,5942,True,-607.3730691575022,610.3688014310562,stratumwise_add_one,float64 evaluation; not a rational certificate,D_completion,0.08368972816982856,0.0027271232739845244,0.0053531200802142695,0.042888437444832714,0.1425369565965509,0.1712581898853389,0.662767689219261,0.005045717000029981,37,8.163860817942732e-08,score_tolerance_reached_not_global_certificate,True,1.7763568394002505e-15,2.7755575615628914e-17
rho0.55_N16000_r001,0.55,shallow,16000,1,12024,5814,3055,3155,3976,6082,5942,True,-607.3730691575022,610.3688014310562,stratumwise_add_one,float64 evaluation; not a rational certificate,no_D_ablation,0.13409295703633684,0.02052575750808316,0.05078908018542962,0.07479020016537291,0.0,0.1712581898853389,0.7649904133709067,0.005503881000095134,39,9.25476886237675e-08,score_tolerance_reached_not_global_certificate,,8.881784197001252e-16,0.1425369565965509
rho0.55_N16000_r001,0.55,shallow,16000,1,12024,5814,3055,3155,3976,6082,5942,True,-607.3730691575022,610.3688014310562,stratumwise_add_one,float64 evaluation; not a rational certificate,A_only_histogram,0.4365694398931109,0.15013638615509015,0.17953494614913812,0.32052489448871585,0.0,0.1712581898853389,1.0,0.0,0,0.0,deliberately_uncorrected_histogram,,,
rho0.55_N16000_r001,0.55,deep,16000,1,12852,7657,2571,2624,3148,6472,6380,True,-723.2537273820387,726.2494596555928,stratumwise_add_one,float64 evaluation; not a rational certificate,D_completion,0.12025241704184632,0.0023982883418107556,0.003437036915129342,0.05071711550636775,0.033279071736023486,0.020462128659449963,0.910550880188464,0.009506511999916256,54,7.722154511837904e-08,score_tolerance_reached_not_global_certificate,True,7.817302360990652e-11,0.0
rho0.55_N16000_r001,0.55,deep,16000,1,12852,7657,2571,2624,3148,6472,6380,True,-723.2537273820387,726.2494596555928,stratumwise_add_one,float64 evaluation; not a rational certificate,no_D_ablation,0.30838007717381466,0.03499244238453017,0.038056862834052664,0.09988887149284735,0.0,0.020462128659449963,0.9539736959070213,0.006519395999930566,53,8.149888919284365e-08,score_tolerance_reached_not_global_certificate,,1.0446310483303023e-10,0.033279071736023486
rho0.55_N16000_r001,0.55,deep,16000,1,12852,7657,2571,2624,3148,6472,6380,True,-723.2537273820387,726.2494596555928,stratumwise_add_one,float64 evaluation; not a rational certificate,A_only_histogram,0.41223851020811364,0.09930628692753937,0.10222162353785569,0.22377447227270242,0.0,0.020462128659449963,1.0,0.0,0,0.0,deliberately_uncorrected_histogram,,,
rho0.55_N16000_r002,0.55,shallow,16000,2,12213,6091,3042,3080,3787,6055,6158,True,-669.7568844103567,672.7526166839108,stratumwise_add_one,float64 evaluation; not a rational certificate,D_completion,0.07596083299219082,0.00429105808236628,0.008638533526710472,0.04259066421100567,0.1425369565965509,0.1712581898853389,0.6812807624126684,0.0055739839999660035,38,7.284354574470559e-08,score_tolerance_reached_not_global_certificate,True,1.7763568394002505e-15,2.7755575615628914e-17
rho0.55_N16000_r002,0.55,shallow,16000,2,12213,6091,3042,3080,3787,6055,6158,True,-669.7568844103567,672.7526166839108,stratumwise_add_one,float64 evaluation; not a rational certificate,no_D_ablation,0.14512741720274097,0.024765560244688758,0.055018997438195175,0.07838372700164956,0.0,0.1712581898853389,0.7828739782308748,0.004006607000064832,37,7.477257724097797e-08,score_tolerance_reached_not_global_certificate,,1.7763568394002505e-15,0.1425369565965509
rho0.55_N16000_r002,0.55,shallow,16000,2,12213,6091,3042,3080,3787,6055,6158,True,-669.7568844103567,672.7526166839108,stratumwise_add_one,float64 evaluation; not a rational certificate,A_only_histogram,0.44583843153961694,0.14732469018402852,0.17687282493593223,0.3221805665216225,0.0,0.1712581898853389,1.0,0.0,0,0.0,deliberately_uncorrected_histogram,,,
rho0.55_N16000_r002,0.55,deep,16000,2,13011,7850,2557,2604,2989,6434,6577,True,-765.6021605934201,768.5978928669741,stratumwise_add_one,float64 evaluation; not a rational certificate,D_completion,0.11568425175605587,0.0038936557139155814,0.002052978524385272,0.049801122372906,0.033279071736023486,0.020462128659449963,0.9120113235316495,0.009783400000060283,69,8.207999186616404e-08,score_tolerance_reached_not_global_certificate,True,2.6648017126262857e-11,0.0
rho0.55_N16000_r002,0.55,deep,16000,2,13011,7850,2557,2604,2989,6434,6577,True,-765.6021605934201,768.5978928669741,stratumwise_add_one,float64 evaluation; not a rational certificate,no_D_ablation,0.3378957550369716,0.039578879384662494,0.04264215991368939,0.10639884172094947,0.0,0.020462128659449963,0.954902901824953,0.007917603999999301,68,8.122891070883043e-08,score_tolerance_reached_not_global_certificate,,3.297273565294745e-11,0.033279071736023486
rho0.55_N16000_r002,0.55,deep,16000,2,13011,7850,2557,2604,2989,6434,6577,True,-765.6021605934201,768.5978928669741,stratumwise_add_one,float64 evaluation; not a rational certificate,A_only_histogram,0.44852577796076665,0.10233750798165941,0.10528321450593989,0.23616657359248144,0.0,0.020462128659449963,0.9999999999999999,0.0,0,0.0,deliberately_uncorrected_histogram,,,
rho0.55_N16000_r003,0.55,shallow,16000,3,12045,5918,3087,3040,3955,6121,5924,True,-625.6749638725591,628.6706961461132,stratumwise_add_one,float64 evaluation; not a rational certificate,D_completion,0.07533439407953535,0.002129376810287087,0.003793177272049491,0.0417655223541619,0.1425369565965509,0.1712581898853389,0.6644883135968048,0.005671527000004062,38,8.409360563633797e-08,score_tolerance_reached_not_global_certificate,True,0.0,0.0
rho0.55_N16000_r003,0.55,shallow,16000,3,12045,5918,3087,3040,3955,6121,5924,True,-625.6749638725591,628.6706961461132,stratumwise_add_one,float64 evaluation; not a rational certificate,no_D_ablation,0.131300929966894,0.01967241941828634,0.04978896998700362,0.07364918025631693,0.0,0.1712581898853389,0.768850128139371,0.004642543000045407,38,8.382968852416184e-08,score_tolerance_reached_not_global_certificate,,1.7763568394002505e-15,0.1425369565965509
rho0.55_N16000_r003,0.55,shallow,16000,3,12045,5918,3087,3040,3955,6121,5924,True,-625.6749638725591,628.6706961461132,stratumwise_add_one,float64 evaluation; not a rational certificate,A_only_histogram,0.444147838822111,0.14337394443061882,0.17297012733982894,0.31970143445393107,0.0,0.1712581898853389,1.0,0.0,0,0.0,deliberately_uncorrected_histogram,,,
rho0.55_N16000_r003,0.55,deep,16000,3,12851,7718,2585,2548,3149,6553,6298,True,-701.2199613862698,704.2156936598238,stratumwise_add_one,float64 evaluation; not a rational certificate,D_completion,0.1283676883539376,0.0017067107498788087,0.003373365778052302,0.05154286899995559,0.033279071736023486,0.020462128659449963,0.9071816048842882,0.019559913999955825,104,8.951614573514748e-08,score_tolerance_reached_not_global_certificate,True,6.3797855887059995e-12,0.0
rho0.55_N16000_r003,0.55,deep,16000,3,12851,7718,2585,2548,3149,6553,6298,True,-701.2199613862698,704.2156936598238,stratumwise_add_one,float64 evaluation; not a rational certificate,no_D_ablation,0.3140894324624761,0.0344229426657605,0.03747786352125563,0.10069415125432589,0.0,0.020462128659449963,0.9520666091033351,0.012104706000059196,102,9.418563395868773e-08,score_tolerance_reached_not_global_certificate,,8.425260489275388e-12,0.033279071736023486
rho0.55_N16000_r003,0.55,deep,16000,3,12851,7718,2585,2548,3149,6553,6298,True,-701.2199613862698,704.2156936598238,stratumwise_add_one,float64 evaluation; not a rational certificate,A_only_histogram,0.43026107710780986,0.09638312278869164,0.09933023012574164,0.22671456294539974,0.0,0.020462128659449963,1.0,0.0,0,0.0,deliberately_uncorrected_histogram,,,
rho0.55_N16000_r004,0.55,shallow,16000,4,12158,5977,3136,3045,3842,6098,6060,True,-657.89924267194,660.894974945494,stratumwise_add_one,float64 evaluation; not a rational certificate,D_completion,0.08204435891990967,0.002330641948247938,0.005696530440898594,0.042904132369380704,0.1425369565965509,0.1712581898853389,0.6705855897567082,0.006473969000012403,38,9.437740822228063e-08,score_tolerance_reached_not_global_certificate,True,2.6645352591003757e-15,0.0
rho0.55_N16000_r004,0.55,shallow,16000,4,12158,5977,3136,3045,3842,6098,6060,True,-657.89924267194,660.894974945494,stratumwise_add_one,float64 evaluation; not a rational certificate,no_D_ablation,0.1339016382966691,0.02033026125102903,0.05053592705933268,0.07760182584744153,0.0,0.1712581898853389,0.7688785038665723,0.005722953000031339,38,8.99862797609785e-08,score_tolerance_reached_not_global_certificate,,3.552713678800501e-15,0.1425369565965509
rho0.55_N16000_r004,0.55,shallow,16000,4,12158,5977,3136,3045,3842,6098,6060,True,-657.89924267194,660.894974945494,stratumwise_add_one,float64 evaluation; not a rational certificate,A_only_histogram,0.43683741360221007,0.14610283301521054,0.17560672107883604,0.318263050355637,0.0,0.1712581898853389,0.9999999999999999,0.0,0,0.0,deliberately_uncorrected_histogram,,,
rho0.55_N16000_r004,0.55,deep,16000,4,12966,7785,2625,2556,3034,6511,6455,True,-755.7086055015284,758.7043377750824,stratumwise_add_one,float64 evaluation; not a rational certificate,D_completion,0.1215354798548153,0.002093157012838028,0.0022610108377000815,0.04942022140351973,0.033279071736023486,0.020462128659449963,0.9051482328133277,0.012394461999974737,76,9.436052339255653e-08,score_tolerance_reached_not_global_certificate,True,7.221778730581718e-12,0.0
rho0.55_N16000_r004,0.55,deep,16000,4,12966,7785,2625,2556,3034,6511,6455,True,-755.7086055015284,758.7043377750824,stratumwise_add_one,float64 evaluation; not a rational certificate,no_D_ablation,0.3211244305821152,0.03518379570382274,0.038244559731742,0.10328324863119753,0.0,0.020462128659449963,0.9504809267045997,0.010692938000033791,75,9.203898132525978e-08,score_tolerance_reached_not_global_certificate,,8.783196392414538e-12,0.033279071736023486
rho0.55_N16000_r004,0.55,deep,16000,4,12966,7785,2625,2556,3034,6511,6455,True,-755.7086055015284,758.7043377750824,stratumwise_add_one,float64 evaluation; not a rational certificate,A_only_histogram,0.4266283350390179,0.09883966893404972,0.1017742318528454,0.22675233551171592,0.0,0.020462128659449963,1.0,0.0,0,0.0,deliberately_uncorrected_histogram,,,
rho0.55_N16000_r005,0.55,shallow,16000,5,12243,5989,3180,3074,3757,6218,6025,True,-615.757905687434,618.753637960988,stratumwise_add_one,float64 evaluation; not a rational certificate,D_completion,0.08940687636739406,0.0016035195050788677,0.00571974204921546,0.04269077800773992,0.1425369565965509,0.1712581898853389,0.6685627191132122,0.005925581000042257,40,8.545260157310313e-08,score_tolerance_reached_not_global_certificate,True,2.3092638912203256e-14,2.7755575615628914e-17
rho0.55_N16000_r005,0.55,shallow,16000,5,12243,5989,3180,3074,3757,6218,6025,True,-615.757905687434,618.753637960988,stratumwise_add_one,float64 evaluation; not a rational certificate,no_D_ablation,0.134807446948986,0.021440949880368394,0.05170803681793625,0.07642223839842421,0.0,0.1712581898853389,0.770867695450248,0.005845754000006309,42,8.176621135724815e-08,score_tolerance_reached_not_global_certificate,,7.105427357601002e-15,0.1425369565965509
rho0.55_N16000_r005,0.55,shallow,16000,5,12243,5989,3180,3074,3757,6218,6025,True,-615.757905687434,618.753637960988,stratumwise_add_one,float64 evaluation; not a rational certificate,A_only_histogram,0.44510116938568767,0.14723547851114335,0.17677058126457915,0.32250194122865944,0.0,0.1712581898853389,1.0,0.0,0,0.0,deliberately_uncorrected_histogram,,,
rho0.55_N16000_r005,0.55,deep,16000,5,13033,7746,2668,2619,2967,6619,6414,True,-712.9524744763505,715.9482067499046,stratumwise_add_one,float64 evaluation; not a rational certificate,D_completion,0.12191884239953246,0.001692742933923804,0.00150530358693934,0.050341868954906735,0.033279071736023486,0.020462128659449963,0.9020856393830198,0.01631054699998913,68,8.289298704327774e-08,score_tolerance_reached_not_global_certificate,True,6.4792615717124136e-12,0.0
rho0.55_N16000_r005,0.55,deep,16000,5,13033,7746,2668,2619,2967,6619,6414,True,-712.9524744763505,715.9482067499046,stratumwise_add_one,float64 evaluation; not a rational certificate,no_D_ablation,0.32152630659483294,0.03660788314600097,0.03967274554705548,0.1022797652018528,0.0,0.020462128659449963,0.9485294124861113,0.00831172300001981,67,8.237580417791435e-08,score_tolerance_reached_not_global_certificate,,8.054890088260436e-12,0.033279071736023486
rho0.55_N16000_r005,0.55,deep,16000,5,13033,7746,2668,2619,2967,6619,6414,True,-712.9524744763505,715.9482067499046,stratumwise_add_one,float64 evaluation; not a rational certificate,A_only_histogram,0.4415779324669945,0.1014038628093361,0.10434629605249778,0.2323968639454005,0.0,0.020462128659449963,1.0,0.0,0,0.0,deliberately_uncorrected_histogram,,,
rho0.55_N16000_r006,0.55,shallow,16000,6,12103,5922,3100,3081,3897,6075,6028,True,-665.7100924954053,668.7058247689594,stratumwise_add_one,float64 evaluation; not a rational certificate,D_completion,0.0723142579786946,0.0019965981427816503,0.006159640048878763,0.04181990814341478,0.1425369565965509,0.1712581898853389,0.6704431196822994,0.009053193999989162,52,9.138494357477279e-08,score_tolerance_reached_not_global_certificate,True,7.897682507973514e-12,2.7755575615628914e-17
rho0.55_N16000_r006,0.55,shallow,16000,6,12103,5922,3100,3081,3897,6075,6028,True,-665.7100924954053,668.7058247689594,stratumwise_add_one,float64 evaluation; not a rational certificate,no_D_ablation,0.13482640687276465,0.021992140993099523,0.05226290997708851,0.07576887493090464,0.0,0.1712581898853389,0.7736841833239217,0.005754799999976967,51,9.557866031961737e-08,score_tolerance_reached_not_global_certificate,,1.0528466987125285e-11,0.1425369565965509
rho0.55_N16000_r006,0.55,shallow,16000,6,12103,5922,3100,3081,3897,6075,6028,True,-665.7100924954053,668.7058247689594,stratumwise_add_one,float64 evaluation; not a rational certificate,A_only_histogram,0.44855642448677185,0.1488817164125308,0.17836182930708075,0.3237328986573029,0.0,0.1712581898853389,1.0,0.0,0,0.0,deliberately_uncorrected_histogram,,,
rho0.55_N16000_r006,0.55,deep,16000,6,12900,7678,2595,2627,3100,6475,6425,True,-743.5097661237954,746.5054983973495,stratumwise_add_one,float64 evaluation; not a rational certificate,D_completion,0.12199991875588335,0.0016382809775713708,0.0018350649610395493,0.05040609796915987,0.033279071736023486,0.020462128659449963,0.9049860062530571,0.012838575999921886,87,9.547712516207465e-08,score_tolerance_reached_not_global_certificate,True,1.715960706860642e-11,0.0
rho0.55_N16000_r006,0.55,deep,16000,6,12900,7678,2595,2627,3100,6475,6425,True,-743.5097661237954,746.5054983973495,stratumwise_add_one,float64 evaluation; not a rational certificate,no_D_ablation,0.3296623970048859,0.036896439385102,0.03996135484673701,0.10266749308137911,0.0,0.020462128659449963,0.9514290520968782,0.009752383999966696,86,8.994820599461661e-08,score_tolerance_reached_not_global_certificate,,2.035616120110717e-11,0.033279071736023486
rho0.55_N16000_r006,0.55,deep,16000,6,12900,7678,2595,2627,3100,6475,6425,True,-743.5097661237954,746.5054983973495,stratumwise_add_one,float64 evaluation; not a rational certificate,A_only_histogram,0.4439707315463308,0.1021089490146558,0.10504285473353916,0.23362151617009208,0.0,0.020462128659449963,1.0,0.0,0,0.0,deliberately_uncorrected_histogram,,,
rho0.55_N16000_r007,0.55,shallow,16000,7,12033,5977,2955,3101,3967,6067,5966,True,-599.9254157607286,602.9211480342826,stratumwise_add_one,float64 evaluation; not a rational certificate,D_completion,0.07866906490381922,0.002839169416252965,0.005855546683099075,0.04293745989897447,0.1425369565965509,0.1712581898853389,0.6719676783427327,0.006433309000044574,45,8.743647406711705e-08,score_tolerance_reached_not_global_certificate,True,1.6751933173964062e-11,2.7755575615628914e-17
rho0.55_N16000_r007,0.55,shallow,16000,7,12033,5977,2955,3101,3967,6067,5966,True,-599.9254157607286,602.9211480342826,stratumwise_add_one,float64 evaluation; not a rational certificate,no_D_ablation,0.13653541238508687,0.020857564893053838,0.05107918905207359,0.0747785839216236,0.0,0.1712581898853389,0.7728348048676282,0.007102142999997341,44,9.595337102652479e-08,score_tolerance_reached_not_global_certificate,,2.353495176521392e-11,0.1425369565965509
rho0.55_N16000_r007,0.55,shallow,16000,7,12033,5977,2955,3101,3967,6067,5966,True,-599.9254157607286,602.9211480342826,stratumwise_add_one,float64 evaluation; not a rational certificate,A_only_histogram,0.4389224046090946,0.14527359159698672,0.17473878998506162,0.31949985591346725,0.0,0.1712581898853389,1.0,0.0,0,0.0,deliberately_uncorrected_histogram,,,
rho0.55_N16000_r007,0.55,deep,16000,7,12860,7797,2493,2570,3140,6492,6368,True,-687.1161161968234,690.1118484703775,stratumwise_add_one,float64 evaluation; not a rational certificate,D_completion,0.11303149650870048,0.00238767530532401,0.0030329824606606915,0.04895666348619842,0.033279071736023486,0.020462128659449963,0.908006474447239,0.007327735999979268,48,7.796468164814885e-08,score_tolerance_reached_not_global_certificate,True,6.234301963559119e-11,0.0
rho0.55_N16000_r007,0.55,deep,16000,7,12860,7797,2493,2570,3140,6492,6368,True,-687.1161161968234,690.1118484703775,stratumwise_add_one,float64 evaluation; not a rational certificate,no_D_ablation,0.3107985610147782,0.03529688837298612,0.03835836387033627,0.10134510597624777,0.0,0.020462128659449963,0.9511448471640279,0.005429140999922311,47,8.612016966225156e-08,score_tolerance_reached_not_global_certificate,,8.64952554024967e-11,0.033279071736023486
rho0.55_N16000_r007,0.55,deep,16000,7,12860,7797,2493,2570,3140,6492,6368,True,-687.1161161968234,690.1118484703775,stratumwise_add_one,float64 evaluation; not a rational certificate,A_only_histogram,0.42686293417797605,0.09785712146616758,0.10078480154375373,0.22714757897055393,0.0,0.020462128659449963,1.0,0.0,0,0.0,deliberately_uncorrected_histogram,,,
rho0.55_N16000_r008,0.55,shallow,16000,8,12135,6048,3070,3017,3865,6059,6076,True,-629.8220487055689,632.817780979123,stratumwise_add_one,float64 evaluation; not a rational certificate,D_completion,0.07658295736612601,0.003977515437332015,0.008304263640011592,0.043693337156674575,0.1425369565965509,0.1712581898853389,0.6843050341754664,0.005863179000016316,38,8.151508894434132e-08,score_tolerance_reached_not_global_certificate,True,7.572609206363268e-12,2.7755575615628914e-17
rho0.55_N16000_r008,0.55,shallow,16000,8,12135,6048,3070,3017,3865,6059,6076,True,-629.8220487055689,632.817780979123,stratumwise_add_one,float64 evaluation; not a rational certificate,no_D_ablation,0.1389410820331206,0.023618231984772,0.05379707720518082,0.0786791956937338,0.0,0.1712581898853389,0.7815331530879428,0.004979077999905712,38,8.585717425901862e-08,score_tolerance_reached_not_global_certificate,,7.575273741622368e-12,0.1425369565965509
rho0.55_N16000_r008,0.55,shallow,16000,8,12135,6048,3070,3017,3865,6059,6076,True,-629.8220487055689,632.817780979123,stratumwise_add_one,float64 evaluation; not a rational certificate,A_only_histogram,0.44059181807507275,0.14401956989083514,0.17363182075046626,0.316963301415117,0.0,0.1712581898853389,0.9999999999999999,0.0,0,0.0,deliberately_uncorrected_histogram,,,
rho0.55_N16000_r008,0.55,deep,16000,8,12908,7759,2565,2584,3092,6458,6450,True,-733.6674324023746,736.6631646759287,stratumwise_add_one,float64 evaluation; not a rational certificate,D_completion,0.12771019018952012,0.004314815327632973,0.002453116906697031,0.05095653583005913,0.033279071736023486,0.020462128659449963,0.9089551911733603,0.015375304000031065,78,9.130798907116854e-08,score_tolerance_reached_not_global_certificate,True,6.9109162836866744e-12,0.0
rho0.55_N16000_r008,0.55,deep,16000,8,12908,7759,2565,2584,3092,6458,6450,True,-733.6674324023746,736.6631646759287,stratumwise_add_one,float64 evaluation; not a rational certificate,no_D_ablation,0.3421997061577109,0.03873779272826266,0.04179618978662485,0.10693097729222087,0.0,0.020462128659449963,0.9532014693389628,0.008719593999899189,77,8.881364621515786e-08,score_tolerance_reached_not_global_certificate,,8.347100788341777e-12,0.033279071736023486
rho0.55_N16000_r008,0.55,deep,16000,8,12908,7759,2565,2584,3092,6458,6450,True,-733.6674324023746,736.6631646759287,stratumwise_add_one,float64 evaluation; not a rational certificate,A_only_histogram,0.4497017070155419,0.10085957720310855,0.10381526347905622,0.23153961087428823,0.0,0.020462128659449963,0.9999999999999999,0.0,0,0.0,deliberately_uncorrected_histogram,,,
rho0.55_N16000_r009,0.55,shallow,16000,9,12123,5848,3152,3123,3877,5936,6187,True,-649.3197351308993,652.3154674044533,stratumwise_add_one,float64 evaluation; not a rational certificate,D_completion,0.08145793914389657,0.0023496404592380764,0.003703364135753964,0.04206109694468846,0.14253695659655094,0.1712581898853389,0.665663047072754,0.006349735000071632,42,7.387010855937874e-08,score_tolerance_reached_not_global_certificate,True,0.0,2.7755575615628914e-17
rho0.55_N16000_r009,0.55,shallow,16000,9,12123,5848,3152,3123,3877,5936,6187,True,-649.3197351308993,652.3154674044533,stratumwise_add_one,float64 evaluation; not a rational certificate,no_D_ablation,0.14601483467497992,0.019682964612654997,0.049810716440778384,0.07391782947699951,0.0,0.1712581898853389,0.7721607839359123,0.004824521000045934,44,8.484715663392706e-08,score_tolerance_reached_not_global_certificate,,0.0,0.1425369565965509
rho0.55_N16000_r009,0.55,shallow,16000,9,12123,5848,3152,3123,3877,5936,6187,True,-649.3197351308993,652.3154674044533,stratumwise_add_one,float64 evaluation; not a rational certificate,A_only_histogram,0.44663901903492237,0.14796023701434677,0.1774681354665265,0.3215752034378754,0.0,0.1712581898853389,1.0,0.0,0,0.0,deliberately_uncorrected_histogram,,,
rho0.55_N16000_r009,0.55,deep,16000,9,12927,7621,2679,2627,3073,6345,6582,True,-749.4617244529459,752.4574567264999,stratumwise_add_one,float64 evaluation; not a rational certificate,D_completion,0.1196834606922235,0.0023018239961118277,0.0039978325594389455,0.04888807654733979,0.033279071736023486,0.020462128659449963,0.9063740774252873,0.010621712999977717,67,9.255938977648799e-08,score_tolerance_reached_not_global_certificate,True,7.847855698628337e-11,0.0
rho0.55_N16000_r009,0.55,deep,16000,9,12927,7621,2679,2627,3073,6345,6582,True,-749.4617244529459,752.4574567264999,stratumwise_add_one,float64 evaluation; not a rational certificate,no_D_ablation,0.3263528433912429,0.034543518125785676,0.03759927705383334,0.09852214700761752,0.0,0.020462128659449963,0.952362220575693,0.007385330999909456,66,9.153245694726309e-08,score_tolerance_reached_not_global_certificate,,9.774137055273968e-11,0.033279071736023486
rho0.55_N16000_r009,0.55,deep,16000,9,12927,7621,2679,2627,3073,6345,6582,True,-749.4617244529459,752.4574567264999,stratumwise_add_one,float64 evaluation; not a rational certificate,A_only_histogram,0.4354671631036169,0.10013247909943411,0.10306816238135463,0.2308366816555975,0.0,0.020462128659449963,1.0,0.0,0,0.0,deliberately_uncorrected_histogram,,,
rho0.55_N16000_r010,0.55,shallow,16000,10,12102,5937,3001,3164,3898,6086,6016,True,-647.3293017464896,650.3250340200436,stratumwise_add_one,float64 evaluation; not a rational certificate,D_completion,0.07444505726090424,0.0021225183322221707,0.004020153826733973,0.03957536223386613,0.14253695659655094,0.1712581898853389,0.66801855598836,0.005516888999977709,37,9.873436725866329e-08,score_tolerance_reached_not_global_certificate,True,1.7763568394002505e-15,2.7755575615628914e-17
rho0.55_N16000_r010,0.55,shallow,16000,10,12102,5937,3001,3164,3898,6086,6016,True,-647.3293017464896,650.3250340200436,stratumwise_add_one,float64 evaluation; not a rational certificate,no_D_ablation,0.13513352333995793,0.0193134699775732,0.049397842187865214,0.07197204351083043,0.0,0.1712581898853389,0.7700985939279762,0.003876054999977896,36,9.210565088402234e-08,score_tolerance_reached_not_global_certificate,,4.440892098500626e-15,0.1425369565965509
rho0.55_N16000_r010,0.55,shallow,16000,10,12102,5937,3001,3164,3898,6086,6016,True,-647.3293017464896,650.3250340200436,stratumwise_add_one,float64 evaluation; not a rational certificate,A_only_histogram,0.430489448113162,0.14345399222959732,0.17305134663298097,0.31576115829999274,0.0,0.1712581898853389,1.0,0.0,0,0.0,deliberately_uncorrected_histogram,,,
rho0.55_N16000_r010,0.55,deep,16000,10,12901,7737,2497,2667,3099,6492,6409,True,-732.402486021648,735.398218295202,stratumwise_add_one,float64 evaluation; not a rational certificate,D_completion,0.11560833935480821,0.001542964467133478,0.003034909092226633,0.047016898884793594,0.033279071736023486,0.020462128659449963,0.9080981342167765,0.023084607000100732,151,9.169374590657636e-08,score_tolerance_reached_not_global_certificate,True,6.233236149455479e-12,0.0
rho0.55_N16000_r010,0.55,deep,16000,10,12901,7737,2497,2667,3099,6492,6409,True,-732.402486021648,735.398218295202,stratumwise_add_one,float64 evaluation; not a rational certificate,no_D_ablation,0.320768549738856,0.03421616930362129,0.037269249138681966,0.0990373727247384,0.0,0.020462128659449963,0.952208954917019,0.016910239000026195,148,9.675465917347026e-08,score_tolerance_reached_not_global_certificate,,8.22630852326256e-12,0.033279071736023486
rho0.55_N16000_r010,0.55,deep,16000,10,12901,7737,2497,2667,3099,6492,6409,True,-732.402486021648,735.398218295202,stratumwise_add_one,float64 evaluation; not a rational certificate,A_only_histogram,0.42085889000157983,0.09662314360393036,0.09957074600239313,0.22323190147900568,0.0,0.020462128659449963,1.0,0.0,0,0.0,deliberately_uncorrected_histogram,,,
rho0.55_N16000_r011,0.55,shallow,16000,11,12036,5869,3097,3070,3964,6105,5931,True,-608.4963740456117,611.4921063191657,stratumwise_add_one,float64 evaluation; not a rational certificate,D_completion,0.07914066793545035,0.0023305938261991535,0.0039941103591187195,0.04290337772812776,0.1425369565965509,0.1712581898853389,0.6599293977979004,0.006262486999958128,39,8.333160210009364e-08,score_tolerance_reached_not_global_certificate,True,2.220446049250313e-13,0.0
rho0.55_N16000_r011,0.55,shallow,16000,11,12036,5869,3097,3070,3964,6105,5931,True,-608.4963740456117,611.4921063191657,stratumwise_add_one,float64 evaluation; not a rational certificate,no_D_ablation,0.1352153882714163,0.020270480105121405,0.050408880684824596,0.07451303579256235,0.0,0.1712581898853389,0.7664710903757058,0.004856627999970442,43,9.599081707278856e-08,score_tolerance_reached_not_global_certificate,,2.930988785010413e-14,0.1425369565965509
rho0.55_N16000_r011,0.55,shallow,16000,11,12036,5869,3097,3070,3964,6105,5931,True,-608.4963740456117,611.4921063191657,stratumwise_add_one,float64 evaluation; not a rational certificate,A_only_histogram,0.4527673562956587,0.1465862557991178,0.17617076657334105,0.32516678457509296,0.0,0.1712581898853389,1.0,0.0,0,0.0,deliberately_uncorrected_histogram,,,
rho0.55_N16000_r011,0.55,deep,16000,11,12868,7703,2564,2601,3132,6522,6346,True,-701.7714809698807,704.7672132434348,stratumwise_add_one,float64 evaluation; not a rational certificate,D_completion,0.11346688276126296,0.0025176143492621566,0.004168736377742151,0.04844873087673347,0.033279071736023486,0.020462128659449963,0.9032302958558792,0.0104412579999007,78,9.731465069369237e-08,score_tolerance_reached_not_global_certificate,True,1.432898244502212e-11,0.0
rho0.55_N16000_r011,0.55,deep,16000,11,12868,7703,2564,2601,3132,6522,6346,True,-701.7714809698807,704.7672132434348,stratumwise_add_one,float64 evaluation; not a rational certificate,no_D_ablation,0.30754551212785103,0.0346192061746954,0.03767504614793603,0.09948262929991622,0.0,0.020462128659449963,0.949801829404928,0.008604424000054678,77,9.277672385898939e-08,score_tolerance_reached_not_global_certificate,,1.723954312637943e-11,0.033279071736023486
rho0.55_N16000_r011,0.55,deep,16000,11,12868,7703,2564,2601,3132,6522,6346,True,-701.7714809698807,704.7672132434348,stratumwise_add_one,float64 evaluation; not a rational certificate,A_only_histogram,0.43080850793323505,0.0973098315453465,0.10025391873968252,0.23029307913276675,0.0,0.020462128659449963,0.9999999999999998,0.0,0,0.0,deliberately_uncorrected_histogram,,,
rho0.55_N16000_r012,0.55,shallow,16000,12,12122,5948,3081,3093,3878,6088,6034,True,-636.900381724344,639.896113997898,stratumwise_add_one,float64 evaluation; not a rational certificate,D_completion,0.07459892445263294,0.0017695454067230942,0.0061386871541180416,0.04102699866833313,0.1425369565965509,0.1712581898853389,0.6736520240472385,0.006305440000005547,38,9.297420285828304e-08,score_tolerance_reached_not_global_certificate,True,1.7763568394002505e-15,0.0
rho0.55_N16000_r012,0.55,shallow,16000,12,12122,5948,3081,3093,3878,6088,6034,True,-636.900381724344,639.896113997898,stratumwise_add_one,float64 evaluation; not a rational certificate,no_D_ablation,0.13917937140981926,0.022824106924723114,0.052978445546197586,0.07637891772041817,0.0,0.1712581898853389,0.7800436350157814,0.0048025789999428525,42,9.385586174914806e-08,score_tolerance_reached_not_global_certificate,,1.7763568394002505e-15,0.1425369565965509
rho0.55_N16000_r012,0.55,shallow,16000,12,12122,5948,3081,3093,3878,6088,6034,True,-636.900381724344,639.896113997898,stratumwise_add_one,float64 evaluation; not a rational certificate,A_only_histogram,0.46191963993611285,0.14598540457924203,0.17554141660934464,0.32809074711280606,0.0,0.1712581898853389,1.0,0.0,0,0.0,deliberately_uncorrected_histogram,,,
rho0.55_N16000_r012,0.55,deep,16000,12,12921,7655,2637,2629,3079,6481,6440,True,-721.9144002835468,724.9101325571008,stratumwise_add_one,float64 evaluation; not a rational certificate,D_completion,0.11750601258264018,0.0014618320972176857,0.0016008426491906412,0.0488282651304285,0.033279071736023486,0.020462128659449963,0.9021353369255615,0.008432471999981317,62,8.135057060379472e-08,score_tolerance_reached_not_global_certificate,True,1.4942713733034907e-11,0.0
rho0.55_N16000_r012,0.55,deep,16000,12,12921,7655,2637,2629,3079,6481,6440,True,-721.9144002835468,724.9101325571008,stratumwise_add_one,float64 evaluation; not a rational certificate,no_D_ablation,0.32555858064796095,0.037583896974815074,0.04064050687878226,0.10253829864876313,0.0,0.020462128659449963,0.9504565635372011,0.006525503999910143,61,8.245167726350644e-08,score_tolerance_reached_not_global_certificate,,1.9173995724486304e-11,0.033279071736023486
rho0.55_N16000_r012,0.55,deep,16000,12,12921,7655,2637,2629,3079,6481,6440,True,-721.9144002835468,724.9101325571008,stratumwise_add_one,float64 evaluation; not a rational certificate,A_only_histogram,0.4613169002092133,0.10163799574808403,0.10458492782914643,0.23918115060997616,0.0,0.020462128659449963,1.0,0.0,0,0.0,deliberately_uncorrected_histogram,,,
rho0.55_N16000_r013,0.55,shallow,16000,13,12222,5994,3082,3146,3778,6135,6087,True,-614.2698735682543,617.2656058418083,stratumwise_add_one,float64 evaluation; not a rational certificate,D_completion,0.08443855034234536,0.002827449519121518,0.007264899895781271,0.04587075501197299,0.1425369565965509,0.1712581898853389,0.6719662288532567,0.005227283000067473,39,9.162330826823839e-08,score_tolerance_reached_not_global_certificate,True,8.881784197001252e-16,0.0
rho0.55_N16000_r013,0.55,shallow,16000,13,12222,5994,3082,3146,3778,6135,6087,True,-614.2698735682543,617.2656058418083,stratumwise_add_one,float64 evaluation; not a rational certificate,no_D_ablation,0.13725220148576078,0.023167212030532392,0.053429504119727106,0.07769235528269702,0.0,0.1712581898853389,0.773594567629543,0.00432071900002029,42,8.175146737343653e-08,score_tolerance_reached_not_global_certificate,,8.881784197001252e-16,0.1425369565965509
rho0.55_N16000_r013,0.55,shallow,16000,13,12222,5994,3082,3146,3778,6135,6087,True,-614.2698735682543,617.2656058418083,stratumwise_add_one,float64 evaluation; not a rational certificate,A_only_histogram,0.44631570513320373,0.1485673170046207,0.17809611852944623,0.32310543116630747,0.0,0.1712581898853389,1.0000000000000002,0.0,0,0.0,deliberately_uncorrected_histogram,,,
rho0.55_N16000_r013,0.55,deep,16000,13,13027,7806,2573,2648,2973,6515,6512,True,-704.0655040214424,707.0612362949964,stratumwise_add_one,float64 evaluation; not a rational certificate,D_completion,0.13104965595954512,0.0027182342073850474,0.0013045401528479427,0.05401324430874174,0.033279071736023486,0.020462128659449963,0.9082955851180468,0.008123446000013246,44,7.298132626778502e-08,score_tolerance_reached_not_global_certificate,True,4.54027926366507e-11,0.0
rho0.55_N16000_r013,0.55,deep,16000,13,13027,7806,2573,2648,2973,6515,6512,True,-704.0655040214424,707.0612362949964,stratumwise_add_one,float64 evaluation; not a rational certificate,no_D_ablation,0.31816323013238496,0.03799132545268857,0.04105545167338107,0.10371182139996542,0.0,0.020462128659449963,0.9524906022754615,0.00614294100000734,43,8.296007836250396e-08,score_tolerance_reached_not_global_certificate,,6.684786058031023e-11,0.033279071736023486
rho0.55_N16000_r013,0.55,deep,16000,13,13027,7806,2573,2648,2973,6515,6512,True,-704.0655040214424,707.0612362949964,stratumwise_add_one,float64 evaluation; not a rational certificate,A_only_histogram,0.4365272064517675,0.10074912877254832,0.1036884661407009,0.23060623064255414,0.0,0.020462128659449963,1.0,0.0,0,0.0,deliberately_uncorrected_histogram,,,
rho0.55_N16000_r014,0.55,shallow,16000,14,12108,5878,3091,3139,3892,5942,6166,True,-605.0512119990251,608.0469442725791,stratumwise_add_one,float64 evaluation; not a rational certificate,D_completion,0.0778604501674856,0.0013443244114474417,0.005477544822007462,0.04046808761371684,0.1425369565965509,0.1712581898853389,0.6745298940924088,0.005702352999946925,39,9.931190469382848e-08,score_tolerance_reached_not_global_certificate,True,1.7763568394002505e-15,0.0
rho0.55_N16000_r014,0.55,shallow,16000,14,12108,5878,3091,3139,3892,5942,6166,True,-605.0512119990251,608.0469442725791,stratumwise_add_one,float64 evaluation; not a rational certificate,no_D_ablation,0.1357371644955036,0.020810341088305852,0.05096736935436059,0.07615090789169485,0.0,0.1712581898853389,0.7748705872600022,0.004651506000072914,39,7.781148814167693e-08,score_tolerance_reached_not_global_certificate,,1.7763568394002505e-15,0.1425369565965509
rho0.55_N16000_r014,0.55,shallow,16000,14,12108,5878,3091,3139,3892,5942,6166,True,-605.0512119990251,608.0469442725791,stratumwise_add_one,float64 evaluation; not a rational certificate,A_only_histogram,0.43802758064076414,0.1459293448452822,0.17547806408177516,0.3183202084910147,0.0,0.1712581898853389,1.0,0.0,0,0.0,deliberately_uncorrected_histogram,,,
rho0.55_N16000_r014,0.55,deep,16000,14,12928,7625,2646,2657,3072,6350,6578,True,-699.7881032884314,702.7838355619855,stratumwise_add_one,float64 evaluation; not a rational certificate,D_completion,0.11796089187990895,0.001170460130346361,0.0025384483601064685,0.04704473094261016,0.033279071736023486,0.020462128659449963,0.903391426898256,0.007669727999996212,57,8.466172259616515e-08,score_tolerance_reached_not_global_certificate,True,2.988098657397131e-11,0.0
rho0.55_N16000_r014,0.55,deep,16000,14,12928,7625,2646,2657,3072,6350,6578,True,-699.7881032884314,702.7838355619855,stratumwise_add_one,float64 evaluation; not a rational certificate,no_D_ablation,0.32999255943695605,0.03538034755307848,0.03843749551927458,0.10259191829904163,0.0,0.020462128659449963,0.9510640210184468,0.005965280000054918,56,8.775859017262633e-08,score_tolerance_reached_not_global_certificate,,3.956124317028298e-11,0.033279071736023486
rho0.55_N16000_r014,0.55,deep,16000,14,12928,7625,2646,2657,3072,6350,6578,True,-699.7881032884314,702.7838355619855,stratumwise_add_one,float64 evaluation; not a rational certificate,A_only_histogram,0.4354459146822818,0.09966533778427902,0.10260821693965448,0.2292304217277524,0.0,0.020462128659449963,1.0,0.0,0,0.0,deliberately_uncorrected_histogram,,,
rho0.55_N16000_r015,0.55,shallow,16000,15,12175,6106,3049,3020,3825,6158,6017,True,-586.8104243035316,589.8061565770856,stratumwise_add_one,float64 evaluation; not a rational certificate,D_completion,0.07147411466296043,0.0045017872800127865,0.008881639074489165,0.04074097111126124,0.1425369565965509,0.1712581898853389,0.6886506980685552,0.005288683999992827,39,8.107731418203165e-08,score_tolerance_reached_not_global_certificate,True,8.881784197001252e-16,0.0
rho0.55_N16000_r015,0.55,shallow,16000,15,12175,6106,3049,3020,3825,6158,6017,True,-586.8104243035316,589.8061565770856,stratumwise_add_one,float64 evaluation; not a rational certificate,no_D_ablation,0.14521079298452957,0.0242372609368359,0.054501516748678785,0.07758939097336387,0.0,0.1712581898853389,0.7871813090091646,0.004249274000017067,38,9.267100264942485e-08,score_tolerance_reached_not_global_certificate,,8.881784197001252e-16,0.1425369565965509
rho0.55_N16000_r015,0.55,shallow,16000,15,12175,6106,3049,3020,3825,6158,6017,True,-586.8104243035316,589.8061565770856,stratumwise_add_one,float64 evaluation; not a rational certificate,A_only_histogram,0.4482876721429277,0.1450858362210336,0.1746354726827549,0.3220530009094692,0.0,0.1712581898853389,1.0,0.0,0,0.0,deliberately_uncorrected_histogram,,,
rho0.55_N16000_r015,0.55,deep,16000,15,12979,7814,2605,2560,3021,6557,6422,True,-694.878031454045,697.873763727599,stratumwise_add_one,float64 evaluation; not a rational certificate,D_completion,0.11600143257013693,0.004042247432034203,0.0021014478730459886,0.04817362179681799,0.033279071736023486,0.020462128659449963,0.9081726203542714,0.007127389999936895,51,7.710541637812201e-08,score_tolerance_reached_not_global_certificate,True,5.652367462971597e-12,0.0
rho0.55_N16000_r015,0.55,deep,16000,15,12979,7814,2605,2560,3021,6557,6422,True,-694.878031454045,697.873763727599,stratumwise_add_one,float64 evaluation; not a rational certificate,no_D_ablation,0.33812740999023777,0.038966888353276476,0.04203096990624402,0.10545550249571625,0.0,0.020462128659449963,0.9506873064317326,0.005763533000049392,50,8.319368549614126e-08,score_tolerance_reached_not_global_certificate,,8.073541835074138e-12,0.033279071736023486
rho0.55_N16000_r015,0.55,deep,16000,15,12979,7814,2605,2560,3021,6557,6422,True,-694.878031454045,697.873763727599,stratumwise_add_one,float64 evaluation; not a rational certificate,A_only_histogram,0.45951426472712875,0.10233235441149693,0.10528010880869666,0.23893201568554645,0.0,0.020462128659449963,1.0000000000000002,0.0,0,0.0,deliberately_uncorrected_histogram,,,
rho0.55_N16000_r016,0.55,shallow,16000,16,12199,5903,3258,3038,3801,6054,6145,True,-667.5404206498881,670.5361529234422,stratumwise_add_one,float64 evaluation; not a rational certificate,D_completion,0.07546859146573441,0.0023482325098480006,0.0036966157177690303,0.03948443197289055,0.14253695659655094,0.1712581898853389,0.6658284519816328,0.0063889330000392874,40,7.352503175434668e-08,score_tolerance_reached_not_global_certificate,True,5.329070518200751e-15,2.7755575615628914e-17
rho0.55_N16000_r016,0.55,shallow,16000,16,12199,5903,3258,3038,3801,6054,6145,True,-667.5404206498881,670.5361529234422,stratumwise_add_one,float64 evaluation; not a rational certificate,no_D_ablation,0.13837571549219846,0.020158860124668367,0.050231431461643605,0.07316921356558892,0.0,0.1712581898853389,0.7742986667656132,0.005086326000082408,41,8.452704558514768e-08,score_tolerance_reached_not_global_certificate,,3.552713678800501e-15,0.1425369565965509
rho0.55_N16000_r016,0.55,shallow,16000,16,12199,5903,3258,3038,3801,6054,6145,True,-667.5404206498881,670.5361529234422,stratumwise_add_one,float64 evaluation; not a rational certificate,A_only_histogram,0.452633394914149,0.14563516484468506,0.17519352625266688,0.3230192187778269,0.0,0.1712581898853389,1.0,0.0,0,0.0,deliberately_uncorrected_histogram,,,
rho0.55_N16000_r016,0.55,deep,16000,16,13059,7709,2770,2580,2941,6475,6584,True,-755.0634759335253,758.0592082070793,stratumwise_add_one,float64 evaluation; not a rational certificate,D_completion,0.1224712505331739,0.003979112561738572,0.005715519110515786,0.049163678817770506,0.033279071736023486,0.020462128659449963,0.9003793685110352,0.01756398099996659,98,9.288867195076583e-08,score_tolerance_reached_not_global_certificate,True,6.4792615717124136e-12,0.0
rho0.55_N16000_r016,0.55,deep,16000,16,13059,7709,2770,2580,2941,6475,6584,True,-755.0634759335253,758.0592082070793,stratumwise_add_one,float64 evaluation; not a rational certificate,no_D_ablation,0.3138099094914574,0.03423276728311599,0.037283859759417615,0.09745782872724358,0.0,0.020462128659449963,0.9493538845080708,0.011528908000059346,96,9.806221012986782e-08,score_tolerance_reached_not_global_certificate,,8.703260334641527e-12,0.033279071736023486
rho0.55_N16000_r016,0.55,deep,16000,16,13059,7709,2770,2580,2941,6475,6584,True,-755.0634759335253,758.0592082070793,stratumwise_add_one,float64 evaluation; not a rational certificate,A_only_histogram,0.4359766775244353,0.09780717608298373,0.10074880880426293,0.23145227053790013,0.0,0.020462128659449963,1.0,0.0,0,0.0,deliberately_uncorrected_histogram,,,
rho0.55_N16000_r017,0.55,shallow,16000,17,12149,5932,3088,3129,3851,6004,6145,True,-638.2577697138954,641.2535019874495,stratumwise_add_one,float64 evaluation; not a rational certificate,D_completion,0.08049478016276959,0.0015377718487273304,0.005702268611190109,0.04117147623128899,0.1425369565965509,0.1712581898853389,0.6695389156456538,0.005485403999955452,38,9.366538904697791e-08,score_tolerance_reached_not_global_certificate,True,8.881784197001252e-16,0.0
rho0.55_N16000_r017,0.55,shallow,16000,17,12149,5932,3088,3129,3851,6004,6145,True,-638.2577697138954,641.2535019874495,stratumwise_add_one,float64 evaluation; not a rational certificate,no_D_ablation,0.1376213055132686,0.02169873373390595,0.05189886225904561,0.07180686324304424,0.0,0.1712581898853389,0.7739148262548247,0.004530918999989808,42,7.960438930254554e-08,score_tolerance_reached_not_global_certificate,,8.881784197001252e-16,0.1425369565965509
rho0.55_N16000_r017,0.55,shallow,16000,17,12149,5932,3088,3129,3851,6004,6145,True,-638.2577697138954,641.2535019874495,stratumwise_add_one,float64 evaluation; not a rational certificate,A_only_histogram,0.4420692178290013,0.1473393115657229,0.17690152936116052,0.31858594282619074,0.0,0.1712581898853389,1.0,0.0,0,0.0,deliberately_uncorrected_histogram,,,
rho0.55_N16000_r017,0.55,deep,16000,17,12915,7686,2556,2673,3085,6404,6511,True,-703.6549281682617,706.6506604418157,stratumwise_add_one,float64 evaluation; not a rational certificate,D_completion,0.13333884780299463,0.002025080888553594,0.0012421142366293434,0.05148384674326617,0.033279071736023486,0.020462128659449963,0.9102413604604901,0.011978840999972817,77,9.623070175832868e-08,score_tolerance_reached_not_global_certificate,True,9.439560244572931e-12,0.0
rho0.55_N16000_r017,0.55,deep,16000,17,12915,7686,2556,2673,3085,6404,6511,True,-703.6549281682617,706.6506604418157,stratumwise_add_one,float64 evaluation; not a rational certificate,no_D_ablation,0.3237029337061538,0.037060593868773105,0.04012100707636238,0.1000857159027161,0.0,0.020462128659449963,0.9539147451280753,0.008936022999932902,76,9.292196478938308e-08,score_tolerance_reached_not_global_certificate,,1.1390888232654106e-11,0.033279071736023486
rho0.55_N16000_r017,0.55,deep,16000,17,12915,7686,2556,2673,3085,6404,6511,True,-703.6549281682617,706.6506604418157,stratumwise_add_one,float64 evaluation; not a rational certificate,A_only_histogram,0.43941245930720835,0.1010306084602574,0.10397645052835536,0.22964004799111315,0.0,0.020462128659449963,1.0,0.0,0,0.0,deliberately_uncorrected_histogram,,,
rho0.55_N16000_r018,0.55,shallow,16000,18,12174,5964,3050,3160,3826,6095,6079,True,-567.4391918869972,570.4349241605512,stratumwise_add_one,float64 evaluation; not a rational certificate,D_completion,0.08656377214587511,0.0022534522827674214,0.006536734172144415,0.0459656404499072,0.14253695659655094,0.1712581898853389,0.6767161291992464,0.006813960000044972,38,9.033252288087381e-08,score_tolerance_reached_not_global_certificate,True,8.116174399219744e-12,2.7755575615628914e-17
rho0.55_N16000_r018,0.55,shallow,16000,18,12174,5964,3050,3160,3826,6095,6079,True,-567.4391918869972,570.4349241605512,stratumwise_add_one,float64 evaluation; not a rational certificate,no_D_ablation,0.14858262201180847,0.021958101817049745,0.05213960356754174,0.07884132468341297,0.0,0.1712581898853389,0.7781225160388736,0.0049765539999953035,43,8.283234231853953e-08,score_tolerance_reached_not_global_certificate,,1.0436096431476471e-12,0.1425369565965509
rho0.55_N16000_r018,0.55,shallow,16000,18,12174,5964,3050,3160,3826,6095,6079,True,-567.4391918869972,570.4349241605512,stratumwise_add_one,float64 evaluation; not a rational certificate,A_only_histogram,0.4449518515640795,0.14697868696218108,0.17651939170403272,0.3209120357434078,0.0,0.1712581898853389,1.0,0.0,0,0.0,deliberately_uncorrected_histogram,,,
rho0.55_N16000_r018,0.55,deep,16000,18,12988,7718,2582,2688,3012,6491,6497,True,-661.7491129917887,664.7448452653427,stratumwise_add_one,float64 evaluation; not a rational certificate,D_completion,0.12525703052550585,0.0018568107914055752,0.0015967705258702384,0.05210307523740222,0.033279071736023486,0.020462128659449963,0.9048585021071258,0.011312889999999243,56,8.314375150654229e-08,score_tolerance_reached_not_global_certificate,True,8.65618687839742e-12,0.0
rho0.55_N16000_r018,0.55,deep,16000,18,12988,7718,2582,2688,3012,6491,6497,True,-661.7491129917887,664.7448452653427,stratumwise_add_one,float64 evaluation; not a rational certificate,no_D_ablation,0.333586154448458,0.03662392264151839,0.039682545717556306,0.10457486357264807,0.0,0.020462128659449963,0.9504116278797254,0.006159294999974918,55,8.729050948730332e-08,score_tolerance_reached_not_global_certificate,,1.1546319456101628e-11,0.033279071736023486
rho0.55_N16000_r018,0.55,deep,16000,18,12988,7718,2582,2688,3012,6491,6497,True,-661.7491129917887,664.7448452653427,stratumwise_add_one,float64 evaluation; not a rational certificate,A_only_histogram,0.44127400726165755,0.101064869685502,0.10400783480023186,0.2329365615647241,0.0,0.020462128659449963,1.0,0.0,0,0.0,deliberately_uncorrected_histogram,,,
rho0.55_N16000_r019,0.55,shallow,16000,19,12105,5865,3112,3128,3895,6072,6033,True,-631.0282503795095,634.0239826530635,stratumwise_add_one,float64 evaluation; not a rational certificate,D_completion,0.07456682330531456,0.0018364726939916884,0.004509858410953325,0.03950419401250177,0.1425369565965509,0.1712581898853389,0.664873486361684,0.005785606000017651,41,7.146293663125307e-08,score_tolerance_reached_not_global_certificate,True,8.881784197001252e-16,2.7755575615628914e-17
rho0.55_N16000_r019,0.55,shallow,16000,19,12105,5865,3112,3128,3895,6072,6033,True,-631.0282503795095,634.0239826530635,stratumwise_add_one,float64 evaluation; not a rational certificate,no_D_ablation,0.13261843171535975,0.02048437820543628,0.050562914189913204,0.07345893736415965,0.0,0.1712581898853389,0.7691656512164236,0.005696094000086305,42,7.591426975928073e-08,score_tolerance_reached_not_global_certificate,,8.881784197001252e-16,0.1425369565965509
rho0.55_N16000_r019,0.55,shallow,16000,19,12105,5865,3112,3128,3895,6072,6033,True,-631.0282503795095,634.0239826530635,stratumwise_add_one,float64 evaluation; not a rational certificate,A_only_histogram,0.44857893491745526,0.14613269618419011,0.1757188636268521,0.3207047814535229,0.0,0.1712581898853389,1.0,0.0,0,0.0,deliberately_uncorrected_histogram,,,
rho0.55_N16000_r019,0.55,deep,16000,19,12950,7664,2642,2644,3050,6477,6473,True,-742.7611204694119,745.756852742966,stratumwise_add_one,float64 evaluation; not a rational certificate,D_completion,0.12133641282729993,0.002689245507086302,0.004380528834221643,0.04774168187934681,0.033279071736023486,0.020462128659449963,0.9015055466192482,0.0255212819999997,142,9.592005677460998e-08,score_tolerance_reached_not_global_certificate,True,6.4650507169972116e-12,0.0
rho0.55_N16000_r019,0.55,deep,16000,19,12950,7664,2642,2644,3050,6477,6473,True,-742.7611204694119,745.756852742966,stratumwise_add_one,float64 evaluation; not a rational certificate,no_D_ablation,0.3213976849999542,0.03466032389488858,0.03771182365740896,0.09934054331634912,0.0,0.020462128659449963,0.9501542267450536,0.019033013000012033,140,9.232800057823454e-08,score_tolerance_reached_not_global_certificate,,7.866596263284009e-12,0.033279071736023486
rho0.55_N16000_r019,0.55,deep,16000,19,12950,7664,2642,2644,3050,6477,6473,True,-742.7611204694119,745.756852742966,stratumwise_add_one,float64 evaluation; not a rational certificate,A_only_histogram,0.43182365228027564,0.09802364189299148,0.1009694977095333,0.22800619407972483,0.0,0.020462128659449963,1.0,0.0,0,0.0,deliberately_uncorrected_histogram,,,
rho0.90_N1000_r000,0.9,shallow,1000,0,709,418,145,146,291,330,379,True,-397.03667882676643,400.0324111003204,stratumwise_add_one,float64 evaluation; not a rational certificate,D_completion,0.22909184332094062,0.010849299719519421,0.031852394002412306,0.11205603641822767,0.14253695659655094,0.24532588993020876,0.8525493957663046,0.00797463800006426,50,9.807777889507605e-08,score_tolerance_reached_not_global_certificate,True,3.0331293032759277e-10,2.7755575615628914e-17
rho0.90_N1000_r000,0.9,shallow,1000,0,709,418,145,146,291,330,379,True,-397.03667882676643,400.0324111003204,stratumwise_add_one,float64 evaluation; not a rational certificate,no_D_ablation,0.2635463414022743,0.023595571828692458,0.08010903928956577,0.13033384304856516,0.0,0.24532588993020876,0.9226051509809688,0.005711706999932176,51,8.825615882557258e-08,score_tolerance_reached_not_global_certificate,,3.9968028886505635e-15,0.1425369565965509
rho0.90_N1000_r000,0.9,shallow,1000,0,709,418,145,146,291,330,379,True,-397.03667882676643,400.0324111003204,stratumwise_add_one,float64 evaluation; not a rational certificate,A_only_histogram,0.5903128646433254,0.14013829259814936,0.1941689860350302,0.349638073200866,0.0,0.24532588993020876,1.0,0.0,0,0.0,deliberately_uncorrected_histogram,,,
rho0.90_N1000_r000,0.9,deep,1000,0,776,504,132,140,224,361,415,True,-440.62350261380743,443.6192348873614,stratumwise_add_one,float64 evaluation; not a rational certificate,D_completion,0.3072114105052567,0.007660439882832785,0.00894094706145972,0.12817193019832068,0.033279071736023486,0.04394840071310855,0.9514601670291436,0.009905518999971719,51,7.53754408350753e-08,score_tolerance_reached_not_global_certificate,True,6.334599511603756e-10,0.0
rho0.90_N1000_r000,0.9,deep,1000,0,776,504,132,140,224,361,415,True,-440.62350261380743,443.6192348873614,stratumwise_add_one,float64 evaluation; not a rational certificate,no_D_ablation,0.45049732972670337,0.0500079089863204,0.05805074581518096,0.15973663992729067,0.0,0.04394840071310855,0.9802924327356841,0.006058768000002601,51,8.825615904761719e-08,score_tolerance_reached_not_global_certificate,,3.1086244689504383e-15,0.033279071736023486
rho0.90_N1000_r000,0.9,deep,1000,0,776,504,132,140,224,361,415,True,-440.62350261380743,443.6192348873614,stratumwise_add_one,float64 evaluation; not a rational certificate,A_only_histogram,0.6201895915493655,0.12487738513780453,0.13245676447798246,0.3171351481210172,0.0,0.04394840071310855,1.0,0.0,0,0.0,deliberately_uncorrected_histogram,,,
rho0.90_N1000_r001,0.9,shallow,1000,1,686,389,145,152,314,353,333,True,-332.53766223848453,335.5333945120385,stratumwise_add_one,float64 evaluation; not a rational certificate,D_completion,0.27274257681385744,0.009252348770735662,0.027220226787264604,0.12054137517337524,0.1425369565965509,0.24532588993020876,0.8386696302754609,0.008976382000014382,60,8.880609941232506e-08,score_tolerance_reached_not_global_certificate,True,4.147793219999585e-13,0.0
rho0.90_N1000_r001,0.9,shallow,1000,1,686,389,145,152,314,353,333,True,-332.53766223848453,335.5333945120385,stratumwise_add_one,float64 evaluation; not a rational certificate,no_D_ablation,0.31118881760510647,0.019960720927523122,0.07558799554747128,0.1340293539136896,0.0,0.24532588993020876,0.9161848842538688,0.006222508000064408,61,8.828029440799412e-08,score_tolerance_reached_not_global_certificate,,1.2434497875801753e-14,0.1425369565965509
rho0.90_N1000_r001,0.9,shallow,1000,1,686,389,145,152,314,353,333,True,-332.53766223848453,335.5333945120385,stratumwise_add_one,float64 evaluation; not a rational certificate,A_only_histogram,0.5712661017639451,0.1445300476349776,0.19791046691800224,0.3330624654689488,0.0,0.24532588993020876,0.9999999999999999,0.0,0,0.0,deliberately_uncorrected_histogram,,,
rho0.90_N1000_r001,0.9,deep,1000,1,760,483,131,146,240,389,371,True,-373.79152602135923,376.7872582949132,stratumwise_add_one,float64 evaluation; not a rational certificate,D_completion,0.3686993628327778,0.00913019319985931,0.007636490532594439,0.1384040554688516,0.033279071736023486,0.04394840071310855,0.9470198651291885,0.008217905000037717,60,9.41661490490955e-08,score_tolerance_reached_not_global_certificate,True,3.289288841301641e-10,0.0
rho0.90_N1000_r001,0.9,deep,1000,1,760,483,131,146,240,389,371,True,-373.79152602135923,376.7872582949132,stratumwise_add_one,float64 evaluation; not a rational certificate,no_D_ablation,0.4740728315475775,0.04325932567570291,0.051235462411594566,0.15988530259703265,0.0,0.04394840071310855,0.9789473684210316,0.006567576000065856,61,8.828029440799412e-08,score_tolerance_reached_not_global_certificate,,1.1546319456101628e-14,0.033279071736023486
rho0.90_N1000_r001,0.9,deep,1000,1,760,483,131,146,240,389,371,True,-373.79152602135923,376.7872582949132,stratumwise_add_one,float64 evaluation; not a rational certificate,A_only_histogram,0.6010293035614885,0.11979997119721654,0.12722528356325552,0.2994450016535435,0.0,0.04394840071310855,1.0,0.0,0,0.0,deliberately_uncorrected_histogram,,,
rho0.90_N1000_r002,0.9,shallow,1000,2,716,428,132,156,284,361,355,True,-351.2253647494257,354.2210970229797,stratumwise_add_one,float64 evaluation; not a rational certificate,D_completion,0.2801943110534303,0.02045981679700143,0.03975799904885777,0.13218501157693985,0.1425369565965509,0.24532588993020876,0.860537728672478,0.005872173000057046,43,9.126149465927427e-08,score_tolerance_reached_not_global_certificate,True,4.1243808368562895e-10,0.0
rho0.90_N1000_r002,0.9,shallow,1000,2,716,428,132,156,284,361,355,True,-351.2253647494257,354.2210970229797,stratumwise_add_one,float64 evaluation; not a rational certificate,no_D_ablation,0.2950941522519405,0.0316288532329086,0.08750979208069629,0.14654482690455123,0.0,0.24532588993020876,0.9217864715014492,0.005058566000002429,46,7.710165061958207e-08,score_tolerance_reached_not_global_certificate,,8.881784197001252e-16,0.1425369565965509
rho0.90_N1000_r002,0.9,shallow,1000,2,716,428,132,156,284,361,355,True,-351.2253647494257,354.2210970229797,stratumwise_add_one,float64 evaluation; not a rational certificate,A_only_histogram,0.5659996529391165,0.14593566741206546,0.1994004797306526,0.33532332368168516,0.0,0.24532588993020876,0.9999999999999998,0.0,0,0.0,deliberately_uncorrected_histogram,,,
rho0.90_N1000_r002,0.9,deep,1000,2,788,518,123,147,212,402,386,True,-393.9449612579293,396.9406935314833,stratumwise_add_one,float64 evaluation; not a rational certificate,D_completion,0.3694379876833974,0.013759260108470572,0.014851104959060838,0.15057290065192463,0.033279071736023486,0.04394840071310855,0.951553141239458,0.007091758000001391,43,9.32993947142603e-08,score_tolerance_reached_not_global_certificate,True,2.4715598456737098e-09,0.0
rho0.90_N1000_r002,0.9,deep,1000,2,788,518,123,147,212,402,386,True,-393.9449612579293,396.9406935314833,stratumwise_add_one,float64 evaluation; not a rational certificate,no_D_ablation,0.4733172549410524,0.055610479292628065,0.06358570623007977,0.17337579451284912,0.0,0.04394840071310855,0.978336506353021,0.00541236599997319,46,7.710165039753747e-08,score_tolerance_reached_not_global_certificate,,8.881784197001252e-16,0.033279071736023486
rho0.90_N1000_r002,0.9,deep,1000,2,788,518,123,147,212,402,386,True,-393.9449612579293,396.9406935314833,stratumwise_add_one,float64 evaluation; not a rational certificate,A_only_histogram,0.6027559698664946,0.12845179043741276,0.1359368110770274,0.30646012489701774,0.0,0.04394840071310855,1.0,0.0,0,0.0,deliberately_uncorrected_histogram,,,
rho0.90_N1000_r003,0.9,shallow,1000,3,706,416,131,159,294,362,344,True,-351.49784453086244,354.4935768044164,stratumwise_add_one,float64 evaluation; not a rational certificate,D_completion,0.31348191588972246,0.011861089552087601,0.029937971218432,0.14352909639838873,0.14253695659655094,0.24532588993020876,0.8400741676548957,0.007585824999978286,52,7.702412481825424e-08,score_tolerance_reached_not_global_certificate,True,2.4709922996635214e-10,2.7755575615628914e-17
rho0.90_N1000_r003,0.9,shallow,1000,3,706,416,131,159,294,362,344,True,-351.49784453086244,354.4935768044164,stratumwise_add_one,float64 evaluation; not a rational certificate,no_D_ablation,0.3498043385137108,0.02306863337585531,0.07857529532902015,0.15524460068580137,0.0,0.24532588993020876,0.9135829663909066,0.005958620000001247,57,9.385469823541825e-08,score_tolerance_reached_not_global_certificate,,6.499329963105538e-10,0.1425369565965509
rho0.90_N1000_r003,0.9,shallow,1000,3,706,416,131,159,294,362,344,True,-351.49784453086244,354.4935768044164,stratumwise_add_one,float64 evaluation; not a rational certificate,A_only_histogram,0.5492697195310662,0.13751044719577538,0.19085466484011182,0.33246465651611407,0.0,0.24532588993020876,1.0,0.0,0,0.0,deliberately_uncorrected_histogram,,,
rho0.90_N1000_r003,0.9,deep,1000,3,768,504,123,141,232,395,373,True,-386.5044817309264,389.50021400448037,stratumwise_add_one,float64 evaluation; not a rational certificate,D_completion,0.3874737712527724,0.010135480089795713,0.011005734251774283,0.1539145802911012,0.033279071736023486,0.04394840071310855,0.9567831801923089,0.0075453959999549625,52,7.88897285275425e-08,score_tolerance_reached_not_global_certificate,True,6.258034090933506e-10,0.0
rho0.90_N1000_r003,0.9,deep,1000,3,768,504,123,141,232,395,373,True,-386.5044817309264,389.50021400448037,stratumwise_add_one,float64 evaluation; not a rational certificate,no_D_ablation,0.5233799618040943,0.05018530479031762,0.05815927397959248,0.18346756835981348,0.0,0.04394840071310855,0.9826913122433476,0.0062229790000856156,57,9.385469823541825e-08,score_tolerance_reached_not_global_certificate,,5.974647443451886e-10,0.033279071736023486
rho0.90_N1000_r003,0.9,deep,1000,3,768,504,123,141,232,395,373,True,-386.5044817309264,389.50021400448037,stratumwise_add_one,float64 evaluation; not a rational certificate,A_only_histogram,0.594863565913787,0.12115580840354866,0.12861597151496804,0.30081409592513336,0.0,0.04394840071310855,1.0,0.0,0,0.0,deliberately_uncorrected_histogram,,,
rho0.90_N1000_r004,0.9,shallow,1000,4,700,413,150,137,300,343,357,True,-348.4691229562712,351.46485522982516,stratumwise_add_one,float64 evaluation; not a rational certificate,D_completion,0.26209613427196893,0.009257699083025605,0.029708711833982285,0.13532113027854398,0.1425369565965509,0.24532588993020876,0.8495222391186846,0.007492197000033229,54,8.077482123423708e-08,score_tolerance_reached_not_global_certificate,True,1.3322676295501878e-15,2.7755575615628914e-17
rho0.90_N1000_r004,0.9,shallow,1000,4,700,413,150,137,300,343,357,True,-348.4691229562712,351.46485522982516,stratumwise_add_one,float64 evaluation; not a rational certificate,no_D_ablation,0.29178348741998317,0.02206350791452881,0.07831919292723014,0.14887068391372726,0.0,0.24532588993020876,0.9213601448031119,0.006970137999928738,55,9.943655454591749e-08,score_tolerance_reached_not_global_certificate,,3.552713678800501e-15,0.1425369565965509
rho0.90_N1000_r004,0.9,shallow,1000,4,700,413,150,137,300,343,357,True,-348.4691229562712,351.46485522982516,stratumwise_add_one,float64 evaluation; not a rational certificate,A_only_histogram,0.5726121826105589,0.13338046360103994,0.1877247347091333,0.34141370609116056,0.0,0.24532588993020876,1.0,0.0,0,0.0,deliberately_uncorrected_histogram,,,
rho0.90_N1000_r004,0.9,deep,1000,4,767,500,141,126,233,379,388,True,-390.87804102755445,393.87377330110843,stratumwise_add_one,float64 evaluation; not a rational certificate,D_completion,0.3702628067698553,0.0064240854007336645,0.007384988039209999,0.15039868122774083,0.033279071736023486,0.04394840071310855,0.9539220883874486,0.009288661000027787,54,8.346544356489133e-08,score_tolerance_reached_not_global_certificate,True,9.295169078882282e-10,0.0
rho0.90_N1000_r004,0.9,deep,1000,4,767,500,141,126,233,379,388,True,-390.87804102755445,393.87377330110843,stratumwise_add_one,float64 evaluation; not a rational certificate,no_D_ablation,0.4680853281920723,0.04815401110911063,0.05617949654740133,0.17512534177656938,0.0,0.04394840071310855,0.9808020970693133,0.006313833000035629,55,9.943655476796209e-08,score_tolerance_reached_not_global_certificate,,3.552713678800501e-15,0.033279071736023486
rho0.90_N1000_r004,0.9,deep,1000,4,767,500,141,126,233,379,388,True,-390.87804102755445,393.87377330110843,stratumwise_add_one,float64 evaluation; not a rational certificate,A_only_histogram,0.6272962676599392,0.11814673159051593,0.12576866963216837,0.31309907168989376,0.0,0.04394840071310855,1.0,0.0,0,0.0,deliberately_uncorrected_histogram,,,
rho0.90_N1000_r005,0.9,shallow,1000,5,714,401,138,175,286,358,356,True,-344.2217435109342,347.21747578448816,stratumwise_add_one,float64 evaluation; not a rational certificate,D_completion,0.29468314692864783,0.009969802553246688,0.019752829872891432,0.13732672983584063,0.14253695659655094,0.24532588993020876,0.8361759391892071,0.007251843000062763,51,7.540728861500657e-08,score_tolerance_reached_not_global_certificate,True,6.1026739217595605e-12,2.7755575615628914e-17
rho0.90_N1000_r005,0.9,shallow,1000,5,714,401,138,175,286,358,356,True,-344.2217435109342,347.21747578448816,stratumwise_add_one,float64 evaluation; not a rational certificate,no_D_ablation,0.32341881732058164,0.012730730654367268,0.06665253688312339,0.14597867714287482,0.0,0.24532588993020876,0.9107278684607417,0.005154806999939865,46,8.095333803304072e-08,score_tolerance_reached_not_global_certificate,,1.7763568394002505e-15,0.1425369565965509
rho0.90_N1000_r005,0.9,shallow,1000,5,714,401,138,175,286,358,356,True,-344.2217435109342,347.21747578448816,stratumwise_add_one,float64 evaluation; not a rational certificate,A_only_histogram,0.5581152064518924,0.12888843814539466,0.18284034430480745,0.33162420491685957,0.0,0.24532588993020876,1.0,0.0,0,0.0,deliberately_uncorrected_histogram,,,
rho0.90_N1000_r005,0.9,deep,1000,5,775,487,133,155,225,383,392,True,-389.68246461483284,392.6781968883868,stratumwise_add_one,float64 evaluation; not a rational certificate,D_completion,0.39960830328373015,0.00686174560429096,0.006036959856833288,0.15243714264875247,0.033279071736023486,0.04394840071310855,0.9520921628692642,0.007721924999941621,51,7.708311415861375e-08,score_tolerance_reached_not_global_certificate,True,1.3729133385709247e-09,0.0
rho0.90_N1000_r005,0.9,deep,1000,5,775,487,133,155,225,383,392,True,-389.68246461483284,392.6781968883868,stratumwise_add_one,float64 evaluation; not a rational certificate,no_D_ablation,0.5010746212061323,0.039764147494953994,0.04770822551527335,0.1732764848529944,0.0,0.04394840071310855,0.9800446955025223,0.005755452000016703,46,8.095333803304072e-08,score_tolerance_reached_not_global_certificate,,1.3322676295501878e-15,0.033279071736023486
rho0.90_N1000_r005,0.9,deep,1000,5,775,487,133,155,225,383,392,True,-389.68246461483284,392.6781968883868,stratumwise_add_one,float64 evaluation; not a rational certificate,A_only_histogram,0.6178559971596754,0.11345901689426253,0.12101026952919633,0.3018783547534074,0.0,0.04394840071310855,1.0,0.0,0,0.0,deliberately_uncorrected_histogram,,,
rho0.90_N1000_r006,0.9,shallow,1000,6,727,425,151,151,273,386,341,True,-317.994510600251,320.99024287380496,stratumwise_add_one,float64 evaluation; not a rational certificate,D_completion,0.29991150475543693,0.011222189338080576,0.02379673531755532,0.12352382795024174,0.1425369565965509,0.24532588993020876,0.8631135680227044,0.00647071399998822,48,9.489805424803957e-08,score_tolerance_reached_not_global_certificate,True,1.0672787098542358e-09,0.0
rho0.90_N1000_r006,0.9,shallow,1000,6,727,425,151,151,273,386,341,True,-317.994510600251,320.99024287380496,stratumwise_add_one,float64 evaluation; not a rational certificate,no_D_ablation,0.32701011398615354,0.015928443672384242,0.0683241910389182,0.1367128187452608,0.0,0.24532588993020876,0.9265997819211692,0.005108508999910555,45,8.189775013711653e-08,score_tolerance_reached_not_global_certificate,,5.773159728050814e-15,0.1425369565965509
rho0.90_N1000_r006,0.9,shallow,1000,6,727,425,151,151,273,386,341,True,-317.994510600251,320.99024287380496,stratumwise_add_one,float64 evaluation; not a rational certificate,A_only_histogram,0.5538945667209638,0.11465464432049893,0.16962495196662955,0.3267501032775667,0.0,0.24532588993020876,1.0,0.0,0,0.0,deliberately_uncorrected_histogram,,,
rho0.90_N1000_r006,0.9,deep,1000,6,795,508,143,144,205,424,371,True,-362.3455353246791,365.34126759823306,stratumwise_add_one,float64 evaluation; not a rational certificate,D_completion,0.3882069801699098,0.009305902956893135,0.00841980828428093,0.14196989688239733,0.033279071736023486,0.04394840071310855,0.9384650415681297,0.012935688999959893,48,9.794102007509084e-08,score_tolerance_reached_not_global_certificate,True,2.3563981876861817e-09,0.0
rho0.90_N1000_r006,0.9,deep,1000,6,795,508,143,144,205,424,371,True,-362.3455353246791,365.34126759823306,stratumwise_add_one,float64 evaluation; not a rational certificate,no_D_ablation,0.5175997213186608,0.03991930332035828,0.04773860154073659,0.16634411597802898,0.0,0.04394840071310855,0.9753191825180556,0.005760347999967053,45,8.189775013711653e-08,score_tolerance_reached_not_global_certificate,,5.773159728050814e-15,0.033279071736023486
rho0.90_N1000_r006,0.9,deep,1000,6,795,508,143,144,205,424,371,True,-362.3455353246791,365.34126759823306,stratumwise_add_one,float64 evaluation; not a rational certificate,A_only_histogram,0.6227340096507481,0.10635669956807824,0.11409024361293923,0.3024355786633157,0.0,0.04394840071310855,1.0,0.0,0,0.0,deliberately_uncorrected_histogram,,,
rho0.90_N1000_r007,0.9,shallow,1000,7,708,396,130,182,292,351,357,True,-362.68323579178366,365.67896806533764,stratumwise_add_one,float64 evaluation; not a rational certificate,D_completion,0.26612892055535503,0.0167831032760579,0.017151395860138627,0.13320514638057265,0.14253695659655094,0.24532588993020876,0.8274195761489664,0.007784717999925306,45,7.763051359308447e-08,score_tolerance_reached_not_global_certificate,True,9.017764313057341e-11,2.7755575615628914e-17
rho0.90_N1000_r007,0.9,shallow,1000,7,708,396,130,182,292,351,357,True,-362.68323579178366,365.67896806533764,stratumwise_add_one,float64 evaluation; not a rational certificate,no_D_ablation,0.30072186456172395,0.014310158348599712,0.06181973449962411,0.14206863725814967,0.0,0.24532588993020876,0.902682708283937,0.004482207000023664,44,9.002541956348864e-08,score_tolerance_reached_not_global_certificate,,6.217248937900877e-15,0.1425369565965509
rho0.90_N1000_r007,0.9,shallow,1000,7,708,396,130,182,292,351,357,True,-362.68323579178366,365.67896806533764,stratumwise_add_one,float64 evaluation; not a rational certificate,A_only_histogram,0.5084218304936156,0.11393668836199702,0.16891226969083345,0.3101442612202685,0.0,0.24532588993020876,1.0,0.0,0,0.0,deliberately_uncorrected_histogram,,,
rho0.90_N1000_r007,0.9,deep,1000,7,775,492,126,157,225,381,394,True,-416.05356241814735,419.04929469170133,stratumwise_add_one,float64 evaluation; not a rational certificate,D_completion,0.3436308510965785,0.013062515663390176,0.01134549137076507,0.14226078365630157,0.033279071736023486,0.04394840071310855,0.9531249930878639,0.0066524520000257326,46,7.403794165105454e-08,score_tolerance_reached_not_global_certificate,True,1.4055965280590499e-09,0.0
rho0.90_N1000_r007,0.9,deep,1000,7,775,492,126,157,225,381,394,True,-416.05356241814735,419.04929469170133,stratumwise_add_one,float64 evaluation; not a rational certificate,no_D_ablation,0.4830312737093708,0.034155447998145815,0.04177757761528224,0.17286359186776035,0.0,0.04394840071310855,0.9806451612903218,0.004527332999941791,44,9.002541956348864e-08,score_tolerance_reached_not_global_certificate,,4.440892098500626e-15,0.033279071736023486
rho0.90_N1000_r007,0.9,deep,1000,7,775,492,126,157,225,381,394,True,-416.05356241814735,419.04929469170133,stratumwise_add_one,float64 evaluation; not a rational certificate,A_only_histogram,0.550295437935018,0.0951172262525404,0.10280001280833732,0.27554488410020095,0.0,0.04394840071310855,1.0000000000000002,0.0,0,0.0,deliberately_uncorrected_histogram,,,
rho0.90_N1000_r008,0.9,shallow,1000,8,698,411,149,138,302,347,351,True,-338.65089785890643,341.6466301324604,stratumwise_add_one,float64 evaluation; not a rational certificate,D_completion,0.33009911499109984,0.011089066313792988,0.031434463975970245,0.15328727044254448,0.1425369565965509,0.24532588993020876,0.855237092114356,0.010754263000080755,52,7.990784975574576e-08,score_tolerance_reached_not_global_certificate,True,3.609157417372444e-11,2.7755575615628914e-17
rho0.90_N1000_r008,0.9,shallow,1000,8,698,411,149,138,302,347,351,True,-338.65089785890643,341.6466301324604,stratumwise_add_one,float64 evaluation; not a rational certificate,no_D_ablation,0.3689191080757517,0.02257391704074185,0.07875264268641004,0.16714683495140548,0.0,0.24532588993020876,0.9193741968399206,0.005495759000041289,48,9.821169677515229e-08,score_tolerance_reached_not_global_certificate,,1.3322676295501878e-15,0.1425369565965509
rho0.90_N1000_r008,0.9,shallow,1000,8,698,411,149,138,302,347,351,True,-338.65089785890643,341.6466301324604,stratumwise_add_one,float64 evaluation; not a rational certificate,A_only_histogram,0.5671938383464388,0.13307438046515707,0.1871103244871823,0.33564917073605216,0.0,0.24532588993020876,1.0000000000000002,0.0,0,0.0,deliberately_uncorrected_histogram,,,
rho0.90_N1000_r008,0.9,deep,1000,8,763,500,140,123,237,377,386,True,-379.9353404376433,382.93107271119726,stratumwise_add_one,float64 evaluation; not a rational certificate,D_completion,0.4056579076627014,0.009043717482735676,0.010258655921619965,0.16381469174844282,0.033279071736023486,0.04394840071310855,0.9578829503445321,0.008620792999977311,52,8.194156525931828e-08,score_tolerance_reached_not_global_certificate,True,6.017946141412267e-10,0.0
rho0.90_N1000_r008,0.9,deep,1000,8,763,500,140,123,237,377,386,True,-379.9353404376433,382.93107271119726,stratumwise_add_one,float64 evaluation; not a rational certificate,no_D_ablation,0.537206220056617,0.049111929602309215,0.05713211585123836,0.1941405746560738,0.0,0.04394840071310855,0.9825778870286906,0.006924773000037021,48,9.82116969971969e-08,score_tolerance_reached_not_global_certificate,,8.881784197001252e-16,0.033279071736023486
rho0.90_N1000_r008,0.9,deep,1000,8,763,500,140,123,237,377,386,True,-379.9353404376433,382.93107271119726,stratumwise_add_one,float64 evaluation; not a rational certificate,A_only_histogram,0.6164015230431016,0.11643258740295505,0.12399683250219697,0.30629360596702515,0.0,0.04394840071310855,1.0,0.0,0,0.0,deliberately_uncorrected_histogram,,,
rho0.90_N1000_r009,0.9,shallow,1000,9,714,388,153,173,286,358,356,True,-343.2635033951006,346.2592356686546,stratumwise_add_one,float64 evaluation; not a rational certificate,D_completion,0.26885753652047006,0.009112952710261121,0.019479214417224458,0.12526417674035106,0.1425369565965509,0.24532588993020876,0.8130296049698876,0.011303314999963732,73,8.473535192651139e-08,score_tolerance_reached_not_global_certificate,True,8.881784197001252e-16,2.7755575615628914e-17
rho0.90_N1000_r009,0.9,shallow,1000,9,714,388,153,173,286,358,356,True,-343.2635033951006,346.2592356686546,stratumwise_add_one,float64 evaluation; not a rational certificate,no_D_ablation,0.3005212896163316,0.014315535874005952,0.06980015431238916,0.13556987682444452,0.0,0.24532588993020876,0.906725074891772,0.007978192999985367,64,9.814105683680907e-08,score_tolerance_reached_not_global_certificate,,4.440892098500626e-16,0.1425369565965509
rho0.90_N1000_r009,0.9,shallow,1000,9,714,388,153,173,286,358,356,True,-343.2635033951006,346.2592356686546,stratumwise_add_one,float64 evaluation; not a rational certificate,A_only_histogram,0.5912102810212311,0.14131333804955581,0.1951180999119407,0.3501814582531096,0.0,0.24532588993020876,1.0000000000000002,0.0,0,0.0,deliberately_uncorrected_histogram,,,
rho0.90_N1000_r009,0.9,deep,1000,9,780,480,142,158,220,394,386,True,-382.73415109845735,385.72988337201133,stratumwise_add_one,float64 evaluation; not a rational certificate,D_completion,0.36688831762828894,0.01063857454512336,0.008609703009327592,0.13906205207358083,0.033279071736023486,0.04394840071310855,0.9505190979090877,0.010709725999959119,74,9.800406873275791e-08,score_tolerance_reached_not_global_certificate,True,7.137566093717851e-10,0.0
rho0.90_N1000_r009,0.9,deep,1000,9,780,480,142,158,220,394,386,True,-382.73415109845735,385.72988337201133,stratumwise_add_one,float64 evaluation; not a rational certificate,no_D_ablation,0.4864392757072863,0.041096276945688216,0.04909843813709733,0.16445839871399504,0.0,0.04394840071310855,0.9811607796153716,0.006946179999999913,64,9.814105683680907e-08,score_tolerance_reached_not_global_certificate,,0.0,0.033279071736023486
rho0.90_N1000_r009,0.9,deep,1000,9,780,480,142,158,220,394,386,True,-382.73415109845735,385.72988337201133,stratumwise_add_one,float64 evaluation; not a rational certificate,A_only_histogram,0.6222729461447472,0.11829571975874957,0.12579821847653955,0.31564155823438,0.0,0.04394840071310855,1.0,0.0,0,0.0,deliberately_uncorrected_histogram,,,
rho0.90_N1000_r010,0.9,shallow,1000,10,721,426,151,144,279,369,352,True,-340.06685977057646,343.06259204413044,stratumwise_add_one,float64 evaluation; not a rational certificate,D_completion,0.2872986559727465,0.013072054263730447,0.033827949645459696,0.12700515281439034,0.1425369565965509,0.24532588993020876,0.8840036181653388,0.009626272000105018,67,8.248456047699563e-08,score_tolerance_reached_not_global_certificate,True,1.62791113922367e-10,2.7755575615628914e-17
rho0.90_N1000_r010,0.9,shallow,1000,10,721,426,151,144,279,369,352,True,-340.06685977057646,343.06259204413044,stratumwise_add_one,float64 evaluation; not a rational certificate,no_D_ablation,0.3156487213156619,0.022937538086611257,0.07915749273088825,0.14255849089862355,0.0,0.24532588993020876,0.9376153052550544,0.006453804999978274,62,9.587854332693269e-08,score_tolerance_reached_not_global_certificate,,0.0,0.1425369565965509
rho0.90_N1000_r010,0.9,shallow,1000,10,721,426,151,144,279,369,352,True,-340.06685977057646,343.06259204413044,stratumwise_add_one,float64 evaluation; not a rational certificate,A_only_histogram,0.534422301028043,0.1321702496915136,0.18622939784712156,0.3202486187898261,0.0,0.24532588993020876,1.0000000000000002,0.0,0,0.0,deliberately_uncorrected_histogram,,,
rho0.90_N1000_r010,0.9,deep,1000,10,789,510,149,130,211,400,389,True,-390.9088517105215,393.9045839840755,stratumwise_add_one,float64 evaluation; not a rational certificate,D_completion,0.35193716840241784,0.01060813915346,0.011941519653383964,0.13926509379364813,0.033279071736023486,0.04394840071310855,0.9591801694082942,0.010954386999969756,67,8.454643295560619e-08,score_tolerance_reached_not_global_certificate,True,1.4969048223179016e-10,0.0
rho0.90_N1000_r010,0.9,deep,1000,10,789,510,149,130,211,400,389,True,-390.9088517105215,393.9045839840755,stratumwise_add_one,float64 evaluation; not a rational certificate,no_D_ablation,0.49350689004017007,0.04922518332272403,0.05724712971026681,0.17019407589110475,0.0,0.04394840071310855,0.9821980722318466,0.006782179000083488,62,9.587854310488808e-08,score_tolerance_reached_not_global_certificate,,8.881784197001252e-16,0.033279071736023486
rho0.90_N1000_r010,0.9,deep,1000,10,789,510,149,130,211,400,389,True,-390.9088517105215,393.9045839840755,stratumwise_add_one,float64 evaluation; not a rational certificate,A_only_histogram,0.5927884151276415,0.12034022416010548,0.12793193388286273,0.29630319781730885,0.0,0.04394840071310855,0.9999999999999999,0.0,0,0.0,deliberately_uncorrected_histogram,,,
rho0.90_N1000_r011,0.9,shallow,1000,11,713,408,149,156,287,357,356,True,-351.6892377571244,354.68497003067836,stratumwise_add_one,float64 evaluation; not a rational certificate,D_completion,0.24752483011874254,0.008254618798370736,0.019934714990683628,0.1279680393278374,0.1425369565965509,0.24532588993020876,0.8104368155683948,0.008203148000006877,58,9.42651270278198e-08,score_tolerance_reached_not_global_certificate,True,-4.440892098500626e-16,2.7755575615628914e-17
rho0.90_N1000_r011,0.9,shallow,1000,11,713,408,149,156,287,357,356,True,-351.6892377571244,354.68497003067836,stratumwise_add_one,float64 evaluation; not a rational certificate,no_D_ablation,0.2687342806933816,0.01404824469920344,0.06982533998465436,0.1380853019204544,0.0,0.24532588993020876,0.8950416454409227,0.007308902999966449,48,9.785107746296262e-08,score_tolerance_reached_not_global_certificate,,2.220446049250313e-15,0.1425369565965509
rho0.90_N1000_r011,0.9,shallow,1000,11,713,408,149,156,287,357,356,True,-351.6892377571244,354.68497003067836,stratumwise_add_one,float64 evaluation; not a rational certificate,A_only_histogram,0.597592886897429,0.13226290842437272,0.18637205157676082,0.3540578669353952,0.0,0.24532588993020876,1.0000000000000002,0.0,0,0.0,deliberately_uncorrected_histogram,,,
rho0.90_N1000_r011,0.9,deep,1000,11,772,506,131,135,228,388,384,True,-401.9178881029483,404.9136203765023,stratumwise_add_one,float64 evaluation; not a rational certificate,D_completion,0.30808479336752514,0.004956716020375415,0.005317298967472465,0.13894303904154098,0.033279071736023486,0.04394840071310855,0.9730272731725951,0.007227923999948871,58,9.529813603763293e-08,score_tolerance_reached_not_global_certificate,True,2.0789192589631966e-10,0.0
rho0.90_N1000_r011,0.9,deep,1000,11,772,506,131,135,228,388,384,True,-401.9178881029483,404.9136203765023,stratumwise_add_one,float64 evaluation; not a rational certificate,no_D_ablation,0.43366677532516434,0.04308014763448804,0.051104799143651534,0.16688853401985773,0.0,0.04394840071310855,0.9881187969061707,0.005515583999908813,48,9.785107746296262e-08,score_tolerance_reached_not_global_certificate,,1.7763568394002505e-15,0.033279071736023486
rho0.90_N1000_r011,0.9,deep,1000,11,772,506,131,135,228,388,384,True,-401.9178881029483,404.9136203765023,stratumwise_add_one,float64 evaluation; not a rational certificate,A_only_histogram,0.5911985422490433,0.11030523269667862,0.11785000463052538,0.30691785960013085,0.0,0.04394840071310855,1.0,0.0,0,0.0,deliberately_uncorrected_histogram,,,
rho0.90_N1000_r012,0.9,shallow,1000,12,708,402,155,151,292,338,370,True,-363.9197126382537,366.9154449118077,stratumwise_add_one,float64 evaluation; not a rational certificate,D_completion,0.28791873902756376,0.009568323803309397,0.02019344376905061,0.13634693862213693,0.14253695659655094,0.24532588993020876,0.8256719765128444,0.008464924000008978,59,9.889741463178576e-08,score_tolerance_reached_not_global_certificate,True,5.423044235897123e-10,2.7755575615628914e-17
rho0.90_N1000_r012,0.9,shallow,1000,12,708,402,155,151,292,338,370,True,-363.9197126382537,366.9154449118077,stratumwise_add_one,float64 evaluation; not a rational certificate,no_D_ablation,0.31410157766175745,0.012608170852010095,0.06693869374157314,0.14704904020744852,0.0,0.24532588993020876,0.8985866009666501,0.00868688100001691,58,9.234053077733506e-08,score_tolerance_reached_not_global_certificate,,9.394702793485976e-10,0.1425369565965509
rho0.90_N1000_r012,0.9,shallow,1000,12,708,402,155,151,292,338,370,True,-363.9197126382537,366.9154449118077,stratumwise_add_one,float64 evaluation; not a rational certificate,A_only_histogram,0.5316320112635394,0.12469705955592866,0.17857690263091047,0.316338957869432,0.0,0.24532588993020876,1.0,0.0,0,0.0,deliberately_uncorrected_histogram,,,
rho0.90_N1000_r012,0.9,deep,1000,12,770,495,132,143,230,369,401,True,-403.12459626690037,406.12032854045435,stratumwise_add_one,float64 evaluation; not a rational certificate,D_completion,0.3681591460527218,0.006439447635113483,0.005932663253952774,0.15152952912578202,0.033279071736023486,0.04394840071310855,0.9476150407437366,0.008424695000030624,60,7.78375769564795e-08,score_tolerance_reached_not_global_certificate,True,3.8074743358151864e-10,0.0
rho0.90_N1000_r012,0.9,deep,1000,12,770,495,132,143,230,369,401,True,-403.12459626690037,406.12032854045435,stratumwise_add_one,float64 evaluation; not a rational certificate,no_D_ablation,0.476597306030499,0.03955468463673355,0.04751558110851332,0.17445705359375166,0.0,0.04394840071310855,0.9780789394917829,0.0070029639999802384,58,9.234053055529046e-08,score_tolerance_reached_not_global_certificate,,8.638245674319478e-10,0.033279071736023486
rho0.90_N1000_r012,0.9,deep,1000,12,770,495,132,143,230,369,401,True,-403.12459626690037,406.12032854045435,stratumwise_add_one,float64 evaluation; not a rational certificate,A_only_histogram,0.5696050860344728,0.1061476173370907,0.11366018562677718,0.28028367833987017,0.0,0.04394840071310855,1.0,0.0,0,0.0,deliberately_uncorrected_histogram,,,
rho0.90_N1000_r013,0.9,shallow,1000,13,696,405,153,138,304,320,376,True,-393.72775058600223,396.7234828595562,stratumwise_add_one,float64 evaluation; not a rational certificate,D_completion,0.2620984107510143,0.011087901699814528,0.03228899905324246,0.12965192528856184,0.1425369565965509,0.24532588993020876,0.844392429370343,0.007201765999980125,55,8.226322668780012e-08,score_tolerance_reached_not_global_certificate,True,4.716227408607665e-13,2.7755575615628914e-17
rho0.90_N1000_r013,0.9,shallow,1000,13,696,405,153,138,304,320,376,True,-393.72775058600223,396.7234828595562,stratumwise_add_one,float64 evaluation; not a rational certificate,no_D_ablation,0.2924169330677979,0.024480363288492204,0.08114789190771876,0.14611570385807027,0.0,0.24532588993020876,0.9120702134379158,0.005555522999998175,50,9.887750129777828e-08,score_tolerance_reached_not_global_certificate,,8.881784197001252e-16,0.1425369565965509
rho0.90_N1000_r013,0.9,shallow,1000,13,696,405,153,138,304,320,376,True,-393.72775058600223,396.7234828595562,stratumwise_add_one,float64 evaluation; not a rational certificate,A_only_histogram,0.5134130156088937,0.13604049016411296,0.19012772974836428,0.3124741972009597,0.0,0.24532588993020876,1.0,0.0,0,0.0,deliberately_uncorrected_histogram,,,
rho0.90_N1000_r013,0.9,deep,1000,13,773,508,140,125,227,353,420,True,-446.71627012076146,449.71200239431545,stratumwise_add_one,float64 evaluation; not a rational certificate,D_completion,0.3566511197386507,0.004787105484904194,0.004860187966689211,0.14868738586400726,0.033279071736023486,0.04394840071310855,0.9579538742899635,0.014818581999975322,55,8.666760294795994e-08,score_tolerance_reached_not_global_certificate,True,3.699338613216696e-10,0.0
rho0.90_N1000_r013,0.9,deep,1000,13,773,508,140,125,227,353,420,True,-446.71627012076146,449.71200239431545,stratumwise_add_one,float64 evaluation; not a rational certificate,no_D_ablation,0.4488151858327333,0.04753471008836415,0.05558324540002607,0.17119248270017906,0.0,0.04394840071310855,0.9817235696686505,0.005167512999946666,50,9.887750129777828e-08,score_tolerance_reached_not_global_certificate,,8.881784197001252e-16,0.033279071736023486
rho0.90_N1000_r013,0.9,deep,1000,13,773,508,140,125,227,353,420,True,-446.71627012076146,449.71200239431545,stratumwise_add_one,float64 evaluation; not a rational certificate,A_only_histogram,0.5475968788630118,0.11015465008137744,0.11767875814333083,0.2803590990687842,0.0,0.04394840071310855,1.0,0.0,0,0.0,deliberately_uncorrected_histogram,,,
rho0.90_N1000_r014,0.9,shallow,1000,14,733,426,156,151,267,370,363,True,-335.9944932869878,338.9902255605418,stratumwise_add_one,float64 evaluation; not a rational certificate,D_completion,0.2847575957377777,0.008523986814824394,0.021520818092816474,0.1274219325501557,0.14253695659655094,0.24532588993020876,0.8066084488654544,0.006722491000004993,46,9.086329726037789e-08,score_tolerance_reached_not_global_certificate,True,0.0,2.7755575615628914e-17
rho0.90_N1000_r014,0.9,shallow,1000,14,733,426,156,151,267,370,363,True,-335.9944932869878,338.9902255605418,stratumwise_add_one,float64 evaluation; not a rational certificate,no_D_ablation,0.29863814399784216,0.015320711871429497,0.07084356221616288,0.13563446230715642,0.0,0.24532588993020876,0.8908658756344695,0.005238497000050302,44,8.390550854109335e-08,score_tolerance_reached_not_global_certificate,,0.0,0.1425369565965509
rho0.90_N1000_r014,0.9,shallow,1000,14,733,426,156,151,267,370,363,True,-335.9944932869878,338.9902255605418,stratumwise_add_one,float64 evaluation; not a rational certificate,A_only_histogram,0.552141847485171,0.1333000122552477,0.18718972529189815,0.33019814728492336,0.0,0.24532588993020876,0.9999999999999999,0.0,0,0.0,deliberately_uncorrected_histogram,,,
rho0.90_N1000_r014,0.9,deep,1000,14,788,522,135,131,212,399,389,True,-368.9429512866915,371.93868356024547,stratumwise_add_one,float64 evaluation; not a rational certificate,D_completion,0.3694166230234273,0.007438277422014014,0.008450692847413423,0.14532850820822585,0.033279071736023486,0.04394840071310855,0.9697914307817435,0.006505410999920969,46,9.076262816785954e-08,score_tolerance_reached_not_global_certificate,True,1.3192895664815296e-09,0.0
rho0.90_N1000_r014,0.9,deep,1000,14,788,522,135,131,212,399,389,True,-368.9429512866915,371.93868356024547,stratumwise_add_one,float64 evaluation; not a rational certificate,no_D_ablation,0.46629725299955493,0.04568101697122488,0.05369238271997264,0.16575487098909675,0.0,0.04394840071310855,0.9873845717664099,0.00516622100008135,44,8.390550854109335e-08,score_tolerance_reached_not_global_certificate,,0.0,0.033279071736023486
rho0.90_N1000_r014,0.9,deep,1000,14,788,522,135,131,212,399,389,True,-368.9429512866915,371.93868356024547,stratumwise_add_one,float64 evaluation; not a rational certificate,A_only_histogram,0.5980019327336935,0.11452871091740037,0.12205702039157433,0.2966552857157889,0.0,0.04394840071310855,1.0,0.0,0,0.0,deliberately_uncorrected_histogram,,,
rho0.90_N1000_r015,0.9,shallow,1000,15,693,389,154,150,307,369,324,True,-311.5952290305411,314.59096130409506,stratumwise_add_one,float64 evaluation; not a rational certificate,D_completion,0.2476843089861024,0.022413709555059443,0.01790087080297042,0.12606417167495737,0.1425369565965509,0.24532588993020876,0.8133965709101336,0.007422210000072482,48,7.964038554044232e-08,score_tolerance_reached_not_global_certificate,True,2.2244428521389636e-12,2.7755575615628914e-17
rho0.90_N1000_r015,0.9,shallow,1000,15,693,389,154,150,307,369,324,True,-311.5952290305411,314.59096130409506,stratumwise_add_one,float64 evaluation; not a rational certificate,no_D_ablation,0.28658824072557304,0.018754080945534306,0.06117173529071499,0.13464340646337358,0.0,0.24532588993020876,0.895473087842225,0.00477321200003189,41,9.087233121540805e-08,score_tolerance_reached_not_global_certificate,,5.329070518200751e-15,0.1425369565965509
rho0.90_N1000_r015,0.9,shallow,1000,15,693,389,154,150,307,369,324,True,-311.5952290305411,314.59096130409506,stratumwise_add_one,float64 evaluation; not a rational certificate,A_only_histogram,0.511892108673676,0.1068792177877676,0.16246624983304966,0.3129145407771045,0.0,0.24532588993020876,1.0,0.0,0,0.0,deliberately_uncorrected_histogram,,,
rho0.90_N1000_r015,0.9,deep,1000,15,782,502,146,134,218,413,369,True,-360.0702460441512,363.0659783177052,stratumwise_add_one,float64 evaluation; not a rational certificate,D_completion,0.3246486728212299,0.026736827816273588,0.0241102496644223,0.14058428342898158,0.033279071736023486,0.04394840071310855,0.931547609051176,0.007135177999998632,48,8.488857218862973e-08,score_tolerance_reached_not_global_certificate,True,1.7637962201888513e-09,0.0
rho0.90_N1000_r015,0.9,deep,1000,15,782,502,146,134,218,413,369,True,-360.0702460441512,363.0659783177052,stratumwise_add_one,float64 evaluation; not a rational certificate,no_D_ablation,0.4065108205548052,0.02872593171121965,0.035647161898229016,0.15555547326066033,0.0,0.04394840071310855,0.9705882352941151,0.004337401999919166,41,9.087233121540805e-08,score_tolerance_reached_not_global_certificate,,4.884981308350689e-15,0.033279071736023486
rho0.90_N1000_r015,0.9,deep,1000,15,782,502,146,134,218,413,369,True,-360.0702460441512,363.0659783177052,stratumwise_add_one,float64 evaluation; not a rational certificate,A_only_histogram,0.5003627137016171,0.07960274011506752,0.08734073661464914,0.26544163502572793,0.0,0.04394840071310855,1.0,0.0,0,0.0,deliberately_uncorrected_histogram,,,
rho0.90_N1000_r016,0.9,shallow,1000,16,707,423,135,149,293,358,349,True,-350.0331362867166,353.0288685602706,stratumwise_add_one,float64 evaluation; not a rational certificate,D_completion,0.22211468708471335,0.005559137020030401,0.02467907179328812,0.11039346157342385,0.14253695659655094,0.24532588993020876,0.8465380120913751,0.007038576000013563,42,7.415976735547629e-08,score_tolerance_reached_not_global_certificate,True,1.0248601967077775e-10,2.7755575615628914e-17
rho0.90_N1000_r016,0.9,shallow,1000,16,707,423,135,149,293,358,349,True,-350.0331362867166,353.0288685602706,stratumwise_add_one,float64 evaluation; not a rational certificate,no_D_ablation,0.2423766004914463,0.01488622983001992,0.07115275477682573,0.11915030100748653,0.0,0.24532588993020876,0.9097598402582304,0.0041153449999455916,35,7.042253291622558e-08,score_tolerance_reached_not_global_certificate,,5.46229728115577e-14,0.1425369565965509
rho0.90_N1000_r016,0.9,shallow,1000,16,707,423,135,149,293,358,349,True,-350.0331362867166,353.0288685602706,stratumwise_add_one,float64 evaluation; not a rational certificate,A_only_histogram,0.46782182500760866,0.1205874804030047,0.174671734573435,0.2895984168440498,0.0,0.24532588993020876,1.0,0.0,0,0.0,deliberately_uncorrected_histogram,,,
rho0.90_N1000_r016,0.9,deep,1000,16,780,520,123,137,220,398,382,True,-389.23941846109994,392.2351507346539,stratumwise_add_one,float64 evaluation; not a rational certificate,D_completion,0.29321501512088255,0.004553908260804147,0.004253284957851171,0.12070067882746739,0.033279071736023486,0.04394840071310855,0.9454828804602008,0.007017574999963472,45,8.657789206923692e-08,score_tolerance_reached_not_global_certificate,True,1.2893339729203035e-09,0.0
rho0.90_N1000_r016,0.9,deep,1000,16,780,520,123,137,220,398,382,True,-389.23941846109994,392.2351507346539,stratumwise_add_one,float64 evaluation; not a rational certificate,no_D_ablation,0.4276822712779687,0.0400402384768848,0.048078634209786565,0.1490783523427289,0.0,0.04394840071310855,0.9757729933927386,0.006620189999921422,35,7.042253291622558e-08,score_tolerance_reached_not_global_certificate,,5.0182080713057076e-14,0.033279071736023486
rho0.90_N1000_r016,0.9,deep,1000,16,780,520,123,137,220,398,382,True,-389.23941846109994,392.2351507346539,stratumwise_add_one,float64 evaluation; not a rational certificate,A_only_histogram,0.5202514085735632,0.10328393771739522,0.11083189284398383,0.26110693422470904,0.0,0.04394840071310855,1.0,0.0,0,0.0,deliberately_uncorrected_histogram,,,
rho0.90_N1000_r017,0.9,shallow,1000,17,699,416,138,145,301,334,365,True,-379.97342387307856,382.96915614663254,stratumwise_add_one,float64 evaluation; not a rational certificate,D_completion,0.26458484491498657,0.0069958720671426155,0.02684378382481593,0.12986112468160624,0.14253695659655094,0.24532588993020876,0.8433685034802645,0.007353227999942646,50,8.837660172141376e-08,score_tolerance_reached_not_global_certificate,True,4.09387190813959e-10,2.7755575615628914e-17
rho0.90_N1000_r017,0.9,shallow,1000,17,699,416,138,145,301,334,365,True,-379.97342387307856,382.96915614663254,stratumwise_add_one,float64 evaluation; not a rational certificate,no_D_ablation,0.294640694598945,0.01764828176157709,0.07383591538576098,0.1441121011944148,0.0,0.24532588993020876,0.9121859888782577,0.005517067000027964,51,8.228645431707093e-08,score_tolerance_reached_not_global_certificate,,6.790124018607457e-13,0.1425369565965509
rho0.90_N1000_r017,0.9,shallow,1000,17,699,416,138,145,301,334,365,True,-379.97342387307856,382.96915614663254,stratumwise_add_one,float64 evaluation; not a rational certificate,A_only_histogram,0.5266296084418693,0.13008482251198863,0.18439842187995106,0.32146124583467667,0.0,0.24532588993020876,1.0,0.0,0,0.0,deliberately_uncorrected_histogram,,,
rho0.90_N1000_r017,0.9,deep,1000,17,759,499,131,129,241,364,395,True,-416.4052785459239,419.4010108194779,stratumwise_add_one,float64 evaluation; not a rational certificate,D_completion,0.342106751992681,0.008850848425236792,0.010206004812948767,0.144510641013954,0.033279071736023486,0.04394840071310855,0.9492036608020648,0.00809103399990363,50,8.902694846234485e-08,score_tolerance_reached_not_global_certificate,True,6.252776074688882e-10,0.0
rho0.90_N1000_r017,0.9,deep,1000,17,759,499,131,129,241,364,395,True,-416.4052785459239,419.4010108194779,stratumwise_add_one,float64 evaluation; not a rational certificate,no_D_ablation,0.4868485136985771,0.04610985632344834,0.05414458463795718,0.17483429610637363,0.0,0.04394840071310855,0.9785335017153778,0.005794605000005504,51,8.228645431707093e-08,score_tolerance_reached_not_global_certificate,,6.252776074688882e-13,0.033279071736023486
rho0.90_N1000_r017,0.9,deep,1000,17,759,499,131,129,241,364,395,True,-416.4052785459239,419.4010108194779,stratumwise_add_one,float64 evaluation; not a rational certificate,A_only_histogram,0.5949157599396532,0.11808960227149955,0.12571824872731058,0.29699476504561045,0.0,0.04394840071310855,1.0,0.0,0,0.0,deliberately_uncorrected_histogram,,,
rho0.90_N1000_r018,0.9,shallow,1000,18,705,412,138,155,295,348,357,True,-335.7564645695095,338.7521968430635,stratumwise_add_one,float64 evaluation; not a rational certificate,D_completion,0.31633504989577954,0.008362959830150255,0.025370782086314377,0.13293966205987,0.14253695659655094,0.24532588993020876,0.8559214868331328,0.007353187999910915,50,7.658912839728378e-08,score_tolerance_reached_not_global_certificate,True,2.9039881610515295e-11,2.7755575615628914e-17
rho0.90_N1000_r018,0.9,shallow,1000,18,705,412,138,155,295,348,357,True,-335.7564645695095,338.7521968430635,stratumwise_add_one,float64 evaluation; not a rational certificate,no_D_ablation,0.35902765130988185,0.016936593164862852,0.07156545609922899,0.15313044442590196,0.0,0.24532588993020876,0.9226075877907771,0.005087133999950311,47,8.709272925067069e-08,score_tolerance_reached_not_global_certificate,,4.0595882211391654e-10,0.1425369565965509
rho0.90_N1000_r018,0.9,shallow,1000,18,705,412,138,155,295,348,357,True,-335.7564645695095,338.7521968430635,stratumwise_add_one,float64 evaluation; not a rational certificate,A_only_histogram,0.5254302287092176,0.11934257727409045,0.17433945618305757,0.3101153887423176,0.0,0.24532588993020876,1.0,0.0,0,0.0,deliberately_uncorrected_histogram,,,
rho0.90_N1000_r018,0.9,deep,1000,18,775,503,124,148,225,382,393,True,-397.6617595358586,400.6574918094126,stratumwise_add_one,float64 evaluation; not a rational certificate,D_completion,0.36627161693678706,0.007039375553934971,0.006306439648958384,0.14416077573859315,0.033279071736023486,0.04394840071310855,0.9552715616465436,0.006942514999991545,50,7.946842522928379e-08,score_tolerance_reached_not_global_certificate,True,6.626832416145589e-10,0.0
rho0.90_N1000_r018,0.9,deep,1000,18,775,503,124,148,225,382,393,True,-397.6617595358586,400.6574918094126,stratumwise_add_one,float64 evaluation; not a rational certificate,no_D_ablation,0.5234073611457307,0.041464491041265546,0.049395403352341306,0.17983758738678474,0.0,0.04394840071310855,0.9819354838709666,0.005001547999995637,47,8.709272925067069e-08,score_tolerance_reached_not_global_certificate,,3.692925965026461e-10,0.033279071736023486
rho0.90_N1000_r018,0.9,deep,1000,18,775,503,124,148,225,382,393,True,-397.6617595358586,400.6574918094126,stratumwise_add_one,float64 evaluation; not a rational certificate,A_only_histogram,0.5741422091800579,0.10430985565714863,0.1120232949777212,0.2832940919697307,0.0,0.04394840071310855,1.0,0.0,0,0.0,deliberately_uncorrected_histogram,,,
rho0.90_N1000_r019,0.9,shallow,1000,19,732,428,157,147,268,356,376,True,-339.15442147708643,342.1501537506404,stratumwise_add_one,float64 evaluation; not a rational certificate,D_completion,0.32581488079512766,0.008899701809050014,0.028703972069976033,0.15792746689297132,0.1425369565965509,0.24532588993020876,0.8401687159977966,0.009140769000055116,46,8.274608003524858e-08,score_tolerance_reached_not_global_certificate,True,1.3317835723114513e-10,2.7755575615628914e-17
rho0.90_N1000_r019,0.9,shallow,1000,19,732,428,157,147,268,356,376,True,-339.15442147708643,342.1501537506404,stratumwise_add_one,float64 evaluation; not a rational certificate,no_D_ablation,0.34990773140230597,0.02134976709587818,0.07753806927961582,0.1673721967395638,0.0,0.24532588993020876,0.9131424048885702,0.006184879999977966,48,7.993159334418465e-08,score_tolerance_reached_not_global_certificate,,2.1795898419441073e-12,0.1425369565965509
rho0.90_N1000_r019,0.9,shallow,1000,19,732,428,157,147,268,356,376,True,-339.15442147708643,342.1501537506404,stratumwise_add_one,float64 evaluation; not a rational certificate,A_only_histogram,0.6054025291656171,0.136172240035849,0.1899904378780428,0.3552805008508271,0.0,0.24532588993020876,1.0000000000000002,0.0,0,0.0,deliberately_uncorrected_histogram,,,
rho0.90_N1000_r019,0.9,deep,1000,19,794,519,145,130,206,383,411,True,-381.95218055845226,384.94791283200624,stratumwise_add_one,float64 evaluation; not a rational certificate,D_completion,0.4058890320869354,0.010963395403927791,0.012272629569729453,0.1690599593343462,0.033279071736023486,0.04394840071310855,0.9636363556682197,0.008108528999969167,46,8.319360806186061e-08,score_tolerance_reached_not_global_certificate,True,1.8555033065581483e-09,0.0
rho0.90_N1000_r019,0.9,deep,1000,19,794,519,145,130,206,383,411,True,-381.95218055845226,384.94791283200624,stratumwise_add_one,float64 evaluation; not a rational certificate,no_D_ablation,0.5160406513566688,0.04978172070302407,0.057809045717135805,0.19526928338103822,0.0,0.04394840071310855,0.984886649870148,0.006092594999927314,48,7.993159267805083e-08,score_tolerance_reached_not_global_certificate,,2.0090595853616833e-12,0.033279071736023486
rho0.90_N1000_r019,0.9,deep,1000,19,794,519,145,130,206,383,411,True,-381.95218055845226,384.94791283200624,stratumwise_add_one,float64 evaluation; not a rational certificate,A_only_histogram,0.636032653765904,0.1198818143639123,0.12741687391818352,0.3214873558856384,0.0,0.04394840071310855,1.0,0.0,0,0.0,deliberately_uncorrected_histogram,,,
rho0.90_N4000_r000,0.9,shallow,4000,0,2846,1639,593,614,1154,1443,1403,True,-580.8695948741157,583.8653271476697,stratumwise_add_one,float64 evaluation; not a rational certificate,D_completion,0.17754558219247285,0.004413742409225787,0.024469708506743446,0.07182177581989226,0.14253695659655094,0.24532588993020876,0.8390679140470039,0.006900752999968063,42,9.386452405028915e-08,score_tolerance_reached_not_global_certificate,True,7.993605777301127e-15,2.7755575615628914e-17
rho0.90_N4000_r000,0.9,shallow,4000,0,2846,1639,593,614,1154,1443,1403,True,-580.8695948741157,583.8653271476697,stratumwise_add_one,float64 evaluation; not a rational certificate,no_D_ablation,0.1972625072562819,0.015926169378141997,0.07234892514711476,0.08884265580087126,0.0,0.24532588993020876,0.9110438135285236,0.007864121000011437,40,7.381646449644563e-08,score_tolerance_reached_not_global_certificate,,2.6645352591003757e-15,0.1425369565965509
rho0.90_N4000_r000,0.9,shallow,4000,0,2846,1639,593,614,1154,1443,1403,True,-580.8695948741157,583.8653271476697,stratumwise_add_one,float64 evaluation; not a rational certificate,A_only_histogram,0.4543336009499606,0.1259194166738395,0.18043989955848322,0.2819153488814394,0.0,0.24532588993020876,1.0,0.0,0,0.0,deliberately_uncorrected_histogram,,,
rho0.90_N4000_r000,0.9,deep,4000,0,3127,2017,533,577,873,1591,1536,True,-667.8831313277665,670.8788636013205,stratumwise_add_one,float64 evaluation; not a rational certificate,D_completion,0.20995829322274318,0.004125892183725028,0.0033290676607252785,0.07894670875835386,0.033279071736023486,0.04394840071310855,0.9490087138329697,0.006032545000039136,42,9.438073104758233e-08,score_tolerance_reached_not_global_certificate,True,2.7648443534644684e-09,0.0
rho0.90_N4000_r000,0.9,deep,4000,0,3127,2017,533,577,873,1591,1536,True,-667.8831313277665,670.8788636013205,stratumwise_add_one,float64 evaluation; not a rational certificate,no_D_ablation,0.37295879648530356,0.04202957236769637,0.05007708040340807,0.11846099573069396,0.0,0.04394840071310855,0.9785312579502028,0.004596913000000313,40,7.381646449644563e-08,score_tolerance_reached_not_global_certificate,,2.220446049250313e-15,0.033279071736023486
rho0.90_N4000_r000,0.9,deep,4000,0,3127,2017,533,577,873,1591,1536,True,-667.8831313277665,670.8788636013205,stratumwise_add_one,float64 evaluation; not a rational certificate,A_only_histogram,0.4861981461370489,0.10738511472251241,0.11500954323858499,0.24745564632799744,0.0,0.04394840071310855,1.0000000000000002,0.0,0,0.0,deliberately_uncorrected_histogram,,,
rho0.90_N4000_r001,0.9,shallow,4000,1,2876,1673,569,634,1124,1409,1467,True,-607.065876600715,610.061608874269,stratumwise_add_one,float64 evaluation; not a rational certificate,D_completion,0.166977654288099,0.0047010388715033255,0.025919064309871315,0.07542945039924606,0.14253695659655094,0.24532588993020876,0.8366064733843188,0.007351186000050802,43,7.883368995150675e-08,score_tolerance_reached_not_global_certificate,True,0.0,2.7755575615628914e-17
rho0.90_N4000_r001,0.9,shallow,4000,1,2876,1673,569,634,1124,1409,1467,True,-607.065876600715,610.061608874269,stratumwise_add_one,float64 evaluation; not a rational certificate,no_D_ablation,0.18196222001694898,0.01746806804625311,0.07409891618390398,0.09130276030067365,0.0,0.24532588993020876,0.9093334643099434,0.0073337599999376835,45,7.659453316044562e-08,score_tolerance_reached_not_global_certificate,,0.0,0.1425369565965509
rho0.90_N4000_r001,0.9,shallow,4000,1,2876,1673,569,634,1124,1409,1467,True,-607.065876600715,610.061608874269,stratumwise_add_one,float64 evaluation; not a rational certificate,A_only_histogram,0.4617208490852589,0.1273528614771417,0.18199207308427728,0.2848789830640479,0.0,0.24532588993020876,1.0,0.0,0,0.0,deliberately_uncorrected_histogram,,,
rho0.90_N4000_r001,0.9,deep,4000,1,3125,2025,537,563,875,1527,1598,True,-712.8673703098553,715.8631025834094,stratumwise_add_one,float64 evaluation; not a rational certificate,D_completion,0.20704587464008614,0.006245177626791806,0.00775301591661483,0.08066548373434185,0.033279071736023486,0.04394840071310855,0.9517667345903514,0.007161837000012383,43,7.911328662885353e-08,score_tolerance_reached_not_global_certificate,True,9.820992907805248e-10,0.0
rho0.90_N4000_r001,0.9,deep,4000,1,3125,2025,537,563,875,1527,1598,True,-712.8673703098553,715.8631025834094,stratumwise_add_one,float64 evaluation; not a rational certificate,no_D_ablation,0.37919048695472557,0.046136886606336754,0.054198454624457916,0.12460341348087683,0.0,0.04394840071310855,0.9796423507375369,0.005609273000004578,45,7.659453293840102e-08,score_tolerance_reached_not_global_certificate,,0.0,0.033279071736023486
rho0.90_N4000_r001,0.9,deep,4000,1,3125,2025,537,563,875,1527,1598,True,-712.8673703098553,715.8631025834094,stratumwise_add_one,float64 evaluation; not a rational certificate,A_only_histogram,0.5109088961021344,0.11328024108026215,0.12094839917024962,0.25215269290600295,0.0,0.04394840071310855,1.0,0.0,0,0.0,deliberately_uncorrected_histogram,,,
rho0.90_N4000_r002,0.9,shallow,4000,2,2854,1660,587,607,1146,1381,1473,True,-631.9771023546301,634.9728346281842,stratumwise_add_one,float64 evaluation; not a rational certificate,D_completion,0.1272345067560858,0.003858312050288688,0.022065770111641552,0.0603775001993523,0.14253695659655094,0.24532588993020876,0.8350167768519288,0.0062362849999999526,42,8.56798443315888e-08,score_tolerance_reached_not_global_certificate,True,2.1316282072803006e-14,2.7755575615628914e-17
rho0.90_N4000_r002,0.9,shallow,4000,2,2854,1660,587,607,1146,1381,1473,True,-631.9771023546301,634.9728346281842,stratumwise_add_one,float64 evaluation; not a rational certificate,no_D_ablation,0.16026362771833433,0.012996052021550563,0.06964966315346043,0.07698745048222838,0.0,0.24532588993020876,0.9087458380690082,0.004575432000024193,42,7.33225804516735e-08,score_tolerance_reached_not_global_certificate,,1.865174681370263e-14,0.1425369565965509
rho0.90_N4000_r002,0.9,shallow,4000,2,2854,1660,587,607,1146,1381,1473,True,-631.9771023546301,634.9728346281842,stratumwise_add_one,float64 evaluation; not a rational certificate,A_only_histogram,0.48170761136058315,0.12672604122279826,0.18115310330924933,0.2960666633962309,0.0,0.24532588993020876,1.0,0.0,0,0.0,deliberately_uncorrected_histogram,,,
rho0.90_N4000_r002,0.9,deep,4000,2,3129,2044,541,544,871,1515,1614,True,-737.0656977660879,740.0614300396419,stratumwise_add_one,float64 evaluation; not a rational certificate,D_completion,0.16366562569796061,0.002968209570999891,0.0022957824758634915,0.06841519385572647,0.033279071736023486,0.04394840071310855,0.9571424648948517,0.006156026999974529,42,8.661121867244807e-08,score_tolerance_reached_not_global_certificate,True,2.6891462390210563e-09,0.0
rho0.90_N4000_r002,0.9,deep,4000,2,3129,2044,541,544,871,1515,1614,True,-737.0656977660879,740.0614300396419,stratumwise_add_one,float64 evaluation; not a rational certificate,no_D_ablation,0.35416032646766127,0.04001248251697663,0.048079821865991995,0.11136373241222827,0.0,0.04394840071310855,0.9820092450433847,0.006598108000048342,42,7.332258067371811e-08,score_tolerance_reached_not_global_certificate,,7.02016222930979e-12,0.033279071736023486
rho0.90_N4000_r002,0.9,deep,4000,2,3129,2044,541,544,871,1515,1614,True,-737.0656977660879,740.0614300396419,stratumwise_add_one,float64 evaluation; not a rational certificate,A_only_histogram,0.5061613147203814,0.1078704576391174,0.11547842928706332,0.2572237021634467,0.0,0.04394840071310855,1.0,0.0,0,0.0,deliberately_uncorrected_histogram,,,
rho0.90_N4000_r003,0.9,shallow,4000,3,2883,1733,612,538,1117,1472,1411,True,-558.8617406425619,561.857472916116,stratumwise_add_one,float64 evaluation; not a rational certificate,D_completion,0.13332310193650623,0.012236373582914932,0.032476468804789486,0.06999362984098063,0.14253695659655094,0.24532588993020876,0.8394848346303767,0.006245679000016935,40,6.823494789062425e-08,score_tolerance_reached_not_global_certificate,True,9.978684545330907e-13,2.7755575615628914e-17
rho0.90_N4000_r003,0.9,shallow,4000,3,2883,1733,612,538,1117,1472,1411,True,-558.8617406425619,561.857472916116,stratumwise_add_one,float64 evaluation; not a rational certificate,no_D_ablation,0.1536393145475288,0.02500632774980809,0.08140275974911289,0.08153696041760894,0.0,0.24532588993020876,0.9097538017756208,0.004398422000008395,40,8.642603477326816e-08,score_tolerance_reached_not_global_certificate,,9.952039192739903e-13,0.1425369565965509
rho0.90_N4000_r003,0.9,shallow,4000,3,2883,1733,612,538,1117,1472,1411,True,-558.8617406425619,561.857472916116,stratumwise_add_one,float64 evaluation; not a rational certificate,A_only_histogram,0.45964601713758285,0.13744329770285238,0.19114548811911014,0.28692446853614045,0.0,0.24532588993020876,1.0000000000000002,0.0,0,0.0,deliberately_uncorrected_histogram,,,
rho0.90_N4000_r003,0.9,deep,4000,3,3126,2086,552,488,874,1582,1544,True,-666.8969694768157,669.8927017503697,stratumwise_add_one,float64 evaluation; not a rational certificate,D_completion,0.1821776062284719,0.013737068381240733,0.015023592840265788,0.07543995486327068,0.033279071736023486,0.04394840071310855,0.9565437963026757,0.008926142999939657,66,8.28177088889325e-08,score_tolerance_reached_not_global_certificate,True,2.702416068700586e-11,6.938893903907228e-18
rho0.90_N4000_r003,0.9,deep,4000,3,3126,2086,552,488,874,1582,1544,True,-666.8969694768157,669.8927017503697,stratumwise_add_one,float64 evaluation; not a rational certificate,no_D_ablation,0.3699984798612268,0.05341719478006454,0.061453276805638425,0.11828038265384562,0.0,0.04394840071310855,0.9819817875502344,0.006978847000027599,65,8.413729424283645e-08,score_tolerance_reached_not_global_certificate,,3.398614722982529e-11,0.033279071736023486
rho0.90_N4000_r003,0.9,deep,4000,3,3126,2086,552,488,874,1582,1544,True,-666.8969694768157,669.8927017503697,stratumwise_add_one,float64 evaluation; not a rational certificate,A_only_histogram,0.5143144882238172,0.12306874515989773,0.13059732735872487,0.2564551006306518,0.0,0.04394840071310855,1.0,0.0,0,0.0,deliberately_uncorrected_histogram,,,
rho0.90_N4000_r004,0.9,shallow,4000,4,2847,1649,593,605,1153,1459,1388,True,-582.526823739112,585.5225560126661,stratumwise_add_one,float64 evaluation; not a rational certificate,D_completion,0.15769794942450097,0.0034878247495248277,0.023017589971923526,0.0731866224433991,0.1425369565965509,0.24532588993020876,0.834302327107319,0.0068991999999070686,39,9.475621823304862e-08,score_tolerance_reached_not_global_certificate,True,3.9968028886505635e-15,2.7755575615628914e-17
rho0.90_N4000_r004,0.9,shallow,4000,4,2847,1649,593,605,1153,1459,1388,True,-582.526823739112,585.5225560126661,stratumwise_add_one,float64 evaluation; not a rational certificate,no_D_ablation,0.18052763184544618,0.014119233607260384,0.07090301693216829,0.08781562576184165,0.0,0.24532588993020876,0.9078883456907231,0.004403428000046006,40,9.573827175479721e-08,score_tolerance_reached_not_global_certificate,,2.6645352591003757e-15,0.1425369565965509
rho0.90_N4000_r004,0.9,shallow,4000,4,2847,1649,593,605,1153,1459,1388,True,-582.526823739112,585.5225560126661,stratumwise_add_one,float64 evaluation; not a rational certificate,A_only_histogram,0.4446872465984788,0.12754776422762978,0.18185573424472345,0.27720702476184994,0.0,0.24532588993020876,1.0,0.0,0,0.0,deliberately_uncorrected_histogram,,,
rho0.90_N4000_r004,0.9,deep,4000,4,3083,2001,527,555,917,1568,1515,True,-684.9618187935,687.957551067054,stratumwise_add_one,float64 evaluation; not a rational certificate,D_completion,0.19364341645014177,0.0053489681945814846,0.006952959574643592,0.07955739285803626,0.033279071736023486,0.04394840071310855,0.9590381666528001,0.0056267379999326295,41,8.23937213563051e-08,score_tolerance_reached_not_global_certificate,True,2.398318876828398e-09,0.0
rho0.90_N4000_r004,0.9,deep,4000,4,3083,2001,527,555,917,1568,1515,True,-684.9618187935,687.957551067054,stratumwise_add_one,float64 evaluation; not a rational certificate,no_D_ablation,0.3742187791024991,0.04393787095444657,0.05201334120780338,0.12109393752680885,0.0,0.04394840071310855,0.9827922984708867,0.004487972999982048,40,9.57382715327526e-08,score_tolerance_reached_not_global_certificate,,6.368239269249898e-13,0.033279071736023486
rho0.90_N4000_r004,0.9,deep,4000,4,3083,2001,527,555,917,1568,1515,True,-684.9618187935,687.957551067054,stratumwise_add_one,float64 evaluation; not a rational certificate,A_only_histogram,0.4915058837876296,0.11265429469101526,0.12026477749859653,0.24440617536537357,0.0,0.04394840071310855,1.0000000000000002,0.0,0,0.0,deliberately_uncorrected_histogram,,,
rho0.90_N4000_r005,0.9,shallow,4000,5,2835,1676,576,583,1165,1392,1443,True,-647.8388233537692,650.8345556273232,stratumwise_add_one,float64 evaluation; not a rational certificate,D_completion,0.14300899100068903,0.007159860128828079,0.029372015798247192,0.06725439768324613,0.1425369565965509,0.24532588993020876,0.8385961518059379,0.005418061000000307,40,8.416142102116982e-08,score_tolerance_reached_not_global_certificate,True,2.1837420760562054e-10,2.7755575615628914e-17
rho0.90_N4000_r005,0.9,shallow,4000,5,2835,1676,576,583,1165,1392,1443,True,-647.8388233537692,650.8345556273232,stratumwise_add_one,float64 evaluation; not a rational certificate,no_D_ablation,0.16662554258438456,0.021423415669032136,0.07854031310763186,0.085294817390399,0.0,0.24532588993020876,0.9124166819442079,0.004438559999925928,42,8.355138336746393e-08,score_tolerance_reached_not_global_certificate,,4.440892098500626e-16,0.1425369565965509
rho0.90_N4000_r005,0.9,shallow,4000,5,2835,1676,576,583,1165,1392,1443,True,-647.8388233537692,650.8345556273232,stratumwise_add_one,float64 evaluation; not a rational certificate,A_only_histogram,0.4915369136221386,0.1351209187749089,0.18934850021777286,0.3012825114801902,0.0,0.24532588993020876,1.0,0.0,0,0.0,deliberately_uncorrected_histogram,,,
rho0.90_N4000_r005,0.9,deep,4000,5,3090,2042,522,526,910,1531,1559,True,-724.1002133492973,727.0959456228513,stratumwise_add_one,float64 evaluation; not a rational certificate,D_completion,0.1888305077168509,0.00730404944159139,0.008885045178402088,0.07538692567839847,0.033279071736023486,0.04394840071310855,0.9633848482437747,0.007747388999973737,59,8.420748249488253e-08,score_tolerance_reached_not_global_certificate,True,3.0965452424425166e-11,0.0
rho0.90_N4000_r005,0.9,deep,4000,5,3090,2042,522,526,910,1531,1559,True,-724.1002133492973,727.0959456228513,stratumwise_add_one,float64 evaluation; not a rational certificate,no_D_ablation,0.36777424462483677,0.049439736348286474,0.057529256961503995,0.11957885564188714,0.0,0.04394840071310855,0.9849244727715376,0.0073649360000445085,58,8.704889320476639e-08,score_tolerance_reached_not_global_certificate,,3.6622260779495264e-11,0.033279071736023486
rho0.90_N4000_r005,0.9,deep,4000,5,3090,2042,522,526,910,1531,1559,True,-724.1002133492973,727.0959456228513,stratumwise_add_one,float64 evaluation; not a rational certificate,A_only_histogram,0.5245427967000208,0.11771405097866085,0.12530852264606512,0.2670146182421569,0.0,0.04394840071310855,1.0,0.0,0,0.0,deliberately_uncorrected_histogram,,,
rho0.90_N4000_r006,0.9,shallow,4000,6,2880,1664,613,603,1120,1468,1412,True,-573.3580643781818,576.3537966517358,stratumwise_add_one,float64 evaluation; not a rational certificate,D_completion,0.1688187953865732,0.005725588372794669,0.020689709938234196,0.07249723441694614,0.1425369565965509,0.24532588993020876,0.8107221987716673,0.005961532000014813,43,7.912454138805616e-08,score_tolerance_reached_not_global_certificate,True,2.398081733190338e-14,2.7755575615628914e-17
rho0.90_N4000_r006,0.9,shallow,4000,6,2880,1664,613,603,1120,1468,1412,True,-573.3580643781818,576.3537966517358,stratumwise_add_one,float64 evaluation; not a rational certificate,no_D_ablation,0.18711235211969135,0.01358682173001785,0.07049173801180028,0.08288601840616094,0.0,0.24532588993020876,0.8945037373738481,0.005051222000020061,40,7.300313220603982e-08,score_tolerance_reached_not_global_certificate,,1.2256862191861728e-13,0.1425369565965509
rho0.90_N4000_r006,0.9,shallow,4000,6,2880,1664,613,603,1120,1468,1412,True,-573.3580643781818,576.3537966517358,stratumwise_add_one,float64 evaluation; not a rational certificate,A_only_histogram,0.4805203100487471,0.1312736667993927,0.18542583292047912,0.2939592478675202,0.0,0.24532588993020876,0.9999999999999999,0.0,0,0.0,deliberately_uncorrected_histogram,,,
rho0.90_N4000_r006,0.9,deep,4000,6,3142,2062,541,539,858,1592,1550,True,-675.8746407703128,678.8703730438668,stratumwise_add_one,float64 evaluation; not a rational certificate,D_completion,0.20345416278322528,0.003682025327889602,0.0030035432570695163,0.07938327901255206,0.033279071736023486,0.04394840071310855,0.9535743798139297,0.005613969000023644,43,8.222700234377394e-08,score_tolerance_reached_not_global_certificate,True,1.191431842073598e-09,0.0
rho0.90_N4000_r006,0.9,deep,4000,6,3142,2062,541,539,858,1592,1550,True,-675.8746407703128,678.8703730438668,stratumwise_add_one,float64 evaluation; not a rational certificate,no_D_ablation,0.36062043366846785,0.041860324945721714,0.049941390875928866,0.11478527286783155,0.0,0.04394840071310855,0.9807994335110072,0.0049931360000528,40,7.300313198399522e-08,score_tolerance_reached_not_global_certificate,,1.9253931782259315e-11,0.033279071736023486
rho0.90_N4000_r006,0.9,deep,4000,6,3142,2062,541,539,858,1592,1550,True,-675.8746407703128,678.8703730438668,stratumwise_add_one,float64 evaluation; not a rational certificate,A_only_histogram,0.4989206261666233,0.10974040458263938,0.1172933784766875,0.2513281464817069,0.0,0.04394840071310855,1.0,0.0,0,0.0,deliberately_uncorrected_histogram,,,
rho0.90_N4000_r007,0.9,shallow,4000,7,2819,1627,594,598,1181,1364,1455,True,-622.8153811601733,625.8111134337273,stratumwise_add_one,float64 evaluation; not a rational certificate,D_completion,0.14544082270385894,0.0056427642607501565,0.023625097815083203,0.06165357587642697,0.1425369565965509,0.24532588993020876,0.84246820905999,0.006109117999926639,45,8.580351898873233e-08,score_tolerance_reached_not_global_certificate,True,1.9095836023552692e-12,0.0
rho0.90_N4000_r007,0.9,shallow,4000,7,2819,1627,594,598,1181,1364,1455,True,-622.8153811601733,625.8111134337273,stratumwise_add_one,float64 evaluation; not a rational certificate,no_D_ablation,0.18479839140935952,0.015381387239196628,0.0712974213560547,0.08035793917062176,0.0,0.24532588993020876,0.9153963536060867,0.004967048000025898,46,8.005074070283058e-08,score_tolerance_reached_not_global_certificate,,1.27720056752878e-12,0.1425369565965509
rho0.90_N4000_r007,0.9,shallow,4000,7,2819,1627,594,598,1181,1364,1455,True,-622.8153811601733,625.8111134337273,stratumwise_add_one,float64 evaluation; not a rational certificate,A_only_histogram,0.47856614770863687,0.12420917840194896,0.17891148449844912,0.2932796177202127,0.0,0.24532588993020876,0.9999999999999999,0.0,0,0.0,deliberately_uncorrected_histogram,,,
rho0.90_N4000_r007,0.9,deep,4000,7,3092,1986,543,563,908,1506,1586,True,-708.8049778627106,711.8007101362647,stratumwise_add_one,float64 evaluation; not a rational certificate,D_completion,0.1860077883639741,0.005644110244471775,0.004449914713341019,0.07054992394572074,0.033279071736023486,0.04394840071310855,0.9453415015142269,0.00634558600006585,45,8.765357168224404e-08,score_tolerance_reached_not_global_certificate,True,2.1500090596759946e-09,0.0
rho0.90_N4000_r007,0.9,deep,4000,7,3092,1986,543,563,908,1506,1586,True,-708.8049778627106,711.8007101362647,stratumwise_add_one,float64 evaluation; not a rational certificate,no_D_ablation,0.3917740161007752,0.041522943576400836,0.0495421882427815,0.11455399864361296,0.0,0.04394840071310855,0.9779016054817153,0.0049101740000878635,46,8.005074070283058e-08,score_tolerance_reached_not_global_certificate,,3.6006753134643077e-12,0.033279071736023486
rho0.90_N4000_r007,0.9,deep,4000,7,3092,1986,543,563,908,1506,1586,True,-708.8049778627106,711.8007101362647,stratumwise_add_one,float64 evaluation; not a rational certificate,A_only_histogram,0.5153412777333541,0.10830287185172395,0.11596901410410296,0.2592279392301366,0.0,0.04394840071310855,1.0,0.0,0,0.0,deliberately_uncorrected_histogram,,,
rho0.90_N4000_r008,0.9,shallow,4000,8,2785,1639,566,580,1215,1385,1400,True,-592.4226795947591,595.4184118683131,stratumwise_add_one,float64 evaluation; not a rational certificate,D_completion,0.12638652132991368,0.005890967658046008,0.025240046028684786,0.06371760688489371,0.1425369565965509,0.24532588993020876,0.8246824033781459,0.005387015999986033,39,8.689551625197629e-08,score_tolerance_reached_not_global_certificate,True,2.1998847188342552e-11,2.7755575615628914e-17
rho0.90_N4000_r008,0.9,shallow,4000,8,2785,1639,566,580,1215,1385,1400,True,-592.4226795947591,595.4184118683131,stratumwise_add_one,float64 evaluation; not a rational certificate,no_D_ablation,0.1535042194889707,0.017767095443282477,0.07426537645184418,0.07731324156331598,0.0,0.24532588993020876,0.90155672442199,0.0038966729999856398,39,9.940195400126584e-08,score_tolerance_reached_not_global_certificate,,2.2006396704910003e-11,0.1425369565965509
rho0.90_N4000_r008,0.9,shallow,4000,8,2785,1639,566,580,1215,1385,1400,True,-592.4226795947591,595.4184118683131,stratumwise_add_one,float64 evaluation; not a rational certificate,A_only_histogram,0.4360032981221549,0.1315581927447887,0.18563035407432588,0.2750493650725456,0.0,0.24532588993020876,1.0,0.0,0,0.0,deliberately_uncorrected_histogram,,,
rho0.90_N4000_r008,0.9,deep,4000,8,3079,2042,513,524,921,1521,1558,True,-699.6974853241817,702.6932175977357,stratumwise_add_one,float64 evaluation; not a rational certificate,D_completion,0.16561683347234568,0.005102270236855443,0.004385768593085556,0.06962488660814344,0.033279071736023486,0.04394840071310855,0.949152674581111,0.006185720999951627,40,8.04873436369263e-08,score_tolerance_reached_not_global_certificate,True,2.1515353942902493e-09,6.938893903907228e-18
rho0.90_N4000_r008,0.9,deep,4000,8,3079,2042,513,524,921,1521,1558,True,-699.6974853241817,702.6932175977357,stratumwise_add_one,float64 evaluation; not a rational certificate,no_D_ablation,0.3335933361445417,0.04237144110444028,0.05041769194098551,0.10993609928510566,0.0,0.04394840071310855,0.9776472962732383,0.0042028739999295794,39,9.940195422331044e-08,score_tolerance_reached_not_global_certificate,,1.9904966563899507e-11,0.033279071736023486
rho0.90_N4000_r008,0.9,deep,4000,8,3079,2042,513,524,921,1521,1558,True,-699.6974853241817,702.6932175977357,stratumwise_add_one,float64 evaluation; not a rational certificate,A_only_histogram,0.4550253356219992,0.10845426264522806,0.11598406657659115,0.2360696702435301,0.0,0.04394840071310855,1.0,0.0,0,0.0,deliberately_uncorrected_histogram,,,
rho0.90_N4000_r009,0.9,shallow,4000,9,2828,1684,569,575,1172,1443,1385,True,-538.7931847579176,541.7889170314717,stratumwise_add_one,float64 evaluation; not a rational certificate,D_completion,0.15223160518779255,0.011543744531212942,0.03258393242326772,0.07355190978107373,0.14253695659655094,0.24532588993020876,0.8477986977511276,0.010126628999955756,66,8.909376105077514e-08,score_tolerance_reached_not_global_certificate,True,3.207567544905032e-11,2.7755575615628914e-17
rho0.90_N4000_r009,0.9,shallow,4000,9,2828,1684,569,575,1172,1443,1385,True,-538.7931847579176,541.7889170314717,stratumwise_add_one,float64 evaluation; not a rational certificate,no_D_ablation,0.18730475795938142,0.02449690512737753,0.08127910351864483,0.09150383406474336,0.0,0.24532588993020876,0.9164087257824769,0.00737483099999281,65,9.070705275782132e-08,score_tolerance_reached_not_global_certificate,,4.009237386526365e-11,0.1425369565965509
rho0.90_N4000_r009,0.9,shallow,4000,9,2828,1684,569,575,1172,1443,1385,True,-538.7931847579176,541.7889170314717,stratumwise_add_one,float64 evaluation; not a rational certificate,A_only_histogram,0.5118557881427336,0.137236716608526,0.19105338251862014,0.31129039193648844,0.0,0.24532588993020876,0.9999999999999999,0.0,0,0.0,deliberately_uncorrected_histogram,,,
rho0.90_N4000_r009,0.9,deep,4000,9,3099,2041,529,529,901,1587,1512,True,-626.3511908312415,629.3469231047956,stratumwise_add_one,float64 evaluation; not a rational certificate,D_completion,0.18685675750572803,0.008729442254081125,0.010078088527269661,0.07959292542131782,0.033279071736023486,0.04394840071310855,0.9458511329756333,0.012452491999965787,66,9.157891226679403e-08,score_tolerance_reached_not_global_certificate,True,2.972644352894349e-11,0.0
rho0.90_N4000_r009,0.9,deep,4000,9,3099,2041,529,529,901,1587,1512,True,-626.3511908312415,629.3469231047956,stratumwise_add_one,float64 evaluation; not a rational certificate,no_D_ablation,0.39751654965836397,0.05074855084019794,0.058810656849950765,0.12660180956966507,0.0,0.04394840071310855,0.9775521276622976,0.0073623120000547715,65,9.07070523137321e-08,score_tolerance_reached_not_global_certificate,,3.658762182112696e-11,0.033279071736023486
rho0.90_N4000_r009,0.9,deep,4000,9,3099,2041,529,529,901,1587,1512,True,-626.3511908312415,629.3469231047956,stratumwise_add_one,float64 evaluation; not a rational certificate,A_only_histogram,0.5482257759832763,0.12090994854395913,0.1284460193057214,0.2771980000294558,0.0,0.04394840071310855,1.0,0.0,0,0.0,deliberately_uncorrected_histogram,,,
rho0.90_N4000_r010,0.9,shallow,4000,10,2859,1657,593,609,1141,1445,1414,True,-588.8674705246884,591.8632027982425,stratumwise_add_one,float64 evaluation; not a rational certificate,D_completion,0.14089303334463782,0.002916902802107082,0.023932594039363184,0.0608282738250774,0.1425369565965509,0.24532588993020876,0.8318904976966685,0.005774314999939634,42,7.021386245666562e-08,score_tolerance_reached_not_global_certificate,True,4.0811798385220754e-13,2.7755575615628914e-17
rho0.90_N4000_r010,0.9,shallow,4000,10,2859,1657,593,609,1141,1445,1414,True,-588.8674705246884,591.8632027982425,stratumwise_add_one,float64 evaluation; not a rational certificate,no_D_ablation,0.1613512355579561,0.015249379542649356,0.07218176787537547,0.0781486453231914,0.0,0.24532588993020876,0.9041177443525084,0.004084820000002765,39,9.458444094612162e-08,score_tolerance_reached_not_global_certificate,,1.8816059821347153e-12,0.1425369565965509
rho0.90_N4000_r010,0.9,shallow,4000,10,2859,1657,593,609,1141,1445,1414,True,-588.8674705246884,591.8632027982425,stratumwise_add_one,float64 evaluation; not a rational certificate,A_only_histogram,0.45471818414385623,0.12964433083416782,0.1836754471093891,0.28242867483425715,0.0,0.24532588993020876,1.0,0.0,0,0.0,deliberately_uncorrected_histogram,,,
rho0.90_N4000_r010,0.9,deep,4000,10,3129,2032,543,554,871,1589,1540,True,-671.4916897426709,674.487422016225,stratumwise_add_one,float64 evaluation; not a rational certificate,D_completion,0.1885952923006454,0.0023945751430475603,0.0034192190921418985,0.07382829674187237,0.033279071736023486,0.04394840071310855,0.9417836762918815,0.007482148999997662,42,7.059307154500373e-08,score_tolerance_reached_not_global_certificate,True,1.9807502305013713e-09,0.0
rho0.90_N4000_r010,0.9,deep,4000,10,3129,2032,543,554,871,1589,1540,True,-671.4916897426709,674.487422016225,stratumwise_add_one,float64 evaluation; not a rational certificate,no_D_ablation,0.3572990856058712,0.04269024628108919,0.05077075908805677,0.11252136262447177,0.0,0.04394840071310855,0.9753055621490554,0.004629791999946065,39,9.458444139021083e-08,score_tolerance_reached_not_global_certificate,,1.7195134205394424e-12,0.033279071736023486
rho0.90_N4000_r010,0.9,deep,4000,10,3129,2032,543,554,871,1589,1540,True,-671.4916897426709,674.487422016225,stratumwise_add_one,float64 evaluation; not a rational certificate,A_only_histogram,0.4904630938814605,0.11134139344431206,0.11889014562151107,0.24610860088638306,0.0,0.04394840071310855,0.9999999999999998,0.0,0,0.0,deliberately_uncorrected_histogram,,,
rho0.90_N4000_r011,0.9,shallow,4000,11,2877,1676,576,625,1123,1412,1465,True,-599.9854102115468,602.9811424851008,stratumwise_add_one,float64 evaluation; not a rational certificate,D_completion,0.13939976030294907,0.0042438853504496695,0.02470066498980261,0.07050967870742565,0.1425369565965509,0.24532588993020876,0.8382554168121582,0.008982295999999224,66,8.929537497670042e-08,score_tolerance_reached_not_global_certificate,True,3.1527669364095345e-11,2.7755575615628914e-17
rho0.90_N4000_r011,0.9,shallow,4000,11,2877,1676,576,625,1123,1412,1465,True,-599.9854102115468,602.9811424851008,stratumwise_add_one,float64 evaluation; not a rational certificate,no_D_ablation,0.17516618922104826,0.015978325777974898,0.07264763302382245,0.08640686135226847,0.0,0.24532588993020876,0.9101929388314405,0.007651466999959666,65,9.07070520916875e-08,score_tolerance_reached_not_global_certificate,,3.941114101735366e-11,0.1425369565965509
rho0.90_N4000_r011,0.9,shallow,4000,11,2877,1676,576,625,1123,1412,1465,True,-599.9854102115468,602.9811424851008,stratumwise_add_one,float64 evaluation; not a rational certificate,A_only_histogram,0.4858658896331003,0.12956260913676418,0.18377857757461422,0.298814417573816,0.0,0.24532588993020876,1.0000000000000002,0.0,0,0.0,deliberately_uncorrected_histogram,,,
rho0.90_N4000_r011,0.9,deep,4000,11,3149,2046,534,569,851,1532,1617,True,-718.7873460089515,721.7830782825056,stratumwise_add_one,float64 evaluation; not a rational certificate,D_completion,0.17970854956383978,0.0034190110996249246,0.004205714933825275,0.07504245743416463,0.033279071736023486,0.04394840071310855,0.949878209823376,0.010480720000032306,66,9.148966742917151e-08,score_tolerance_reached_not_global_certificate,True,3.2727598409110215e-11,0.0
rho0.90_N4000_r011,0.9,deep,4000,11,3149,2046,534,569,851,1532,1617,True,-718.7873460089515,721.7830782825056,stratumwise_add_one,float64 evaluation; not a rational certificate,no_D_ablation,0.37420646688784054,0.04313124335147333,0.051195142285901434,0.11981505823237559,0.0,0.04394840071310855,0.9789642983623673,0.00659711600007995,65,9.07070523137321e-08,score_tolerance_reached_not_global_certificate,,4.0468961515216506e-11,0.033279071736023486
rho0.90_N4000_r011,0.9,deep,4000,11,3149,2046,534,569,851,1532,1617,True,-718.7873460089515,721.7830782825056,stratumwise_add_one,float64 evaluation; not a rational certificate,A_only_histogram,0.521313735945583,0.11258762768998812,0.12017469731669249,0.2646135803454911,0.0,0.04394840071310855,1.0000000000000002,0.0,0,0.0,deliberately_uncorrected_histogram,,,
rho0.90_N4000_r012,0.9,shallow,4000,12,2893,1605,638,650,1107,1404,1489,True,-593.1172563240988,596.1129885976528,stratumwise_add_one,float64 evaluation; not a rational certificate,D_completion,0.14699931519599724,0.008328473102285874,0.017671635003495306,0.07053137460332791,0.1425369565965509,0.24532588993020876,0.8082709815394878,0.006247702999985449,45,9.970702468373521e-08,score_tolerance_reached_not_global_certificate,True,1.7763568394002505e-15,2.7755575615628914e-17
rho0.90_N4000_r012,0.9,shallow,4000,12,2893,1605,638,650,1107,1404,1489,True,-593.1172563240988,596.1129885976528,stratumwise_add_one,float64 evaluation; not a rational certificate,no_D_ablation,0.18113179691439638,0.011066557003110685,0.06747514831381458,0.08061479323032764,0.0,0.24532588993020876,0.8990877319753667,0.005520352000075945,52,9.259509914372188e-08,score_tolerance_reached_not_global_certificate,,1.7763568394002505e-15,0.1425369565965509
rho0.90_N4000_r012,0.9,shallow,4000,12,2893,1605,638,650,1107,1404,1489,True,-593.1172563240988,596.1129885976528,stratumwise_add_one,float64 evaluation; not a rational certificate,A_only_histogram,0.4758295501813752,0.13552043505133654,0.1896263350578838,0.2917790256123889,0.0,0.24532588993020876,0.9999999999999999,0.0,0,0.0,deliberately_uncorrected_histogram,,,
rho0.90_N4000_r012,0.9,deep,4000,12,3161,1982,595,584,839,1549,1612,True,-666.2518715172835,669.2476037908375,stratumwise_add_one,float64 evaluation; not a rational certificate,D_completion,0.1948649192103183,0.0072869629895109716,0.005252063843050618,0.07963916820284359,0.033279071736023486,0.04394840071310855,0.9455197937017394,0.01094919900003788,81,9.525750460393659e-08,score_tolerance_reached_not_global_certificate,True,2.8119284678496115e-11,0.0
rho0.90_N4000_r012,0.9,deep,4000,12,3161,1982,595,584,839,1549,1612,True,-666.2518715172835,669.2476037908375,stratumwise_add_one,float64 evaluation; not a rational certificate,no_D_ablation,0.36384885416315166,0.03879872605677126,0.04685927604535319,0.11212502759918201,0.0,0.04394840071310855,0.9780042882510898,0.009477573999902233,80,8.88643685303947e-08,score_tolerance_reached_not_global_certificate,,3.376054991122146e-11,0.033279071736023486
rho0.90_N4000_r012,0.9,deep,4000,12,3161,1982,595,584,839,1549,1612,True,-666.2518715172835,669.2476037908375,stratumwise_add_one,float64 evaluation; not a rational certificate,A_only_histogram,0.5005536058954788,0.11415291968929508,0.12170637542271516,0.252367525023754,0.0,0.04394840071310855,1.0,0.0,0,0.0,deliberately_uncorrected_histogram,,,
rho0.90_N4000_r013,0.9,shallow,4000,13,2836,1620,576,640,1164,1466,1370,True,-565.8168905110085,568.8126227845626,stratumwise_add_one,float64 evaluation; not a rational certificate,D_completion,0.1542723723037945,0.005550145863363231,0.023332553317754644,0.07020606519366365,0.14253695659655094,0.24532588993020876,0.8266617180459256,0.008464352999908442,49,9.927797292542909e-08,score_tolerance_reached_not_global_certificate,True,6.217248937900877e-15,2.7755575615628914e-17
rho0.90_N4000_r013,0.9,shallow,4000,13,2836,1620,576,640,1164,1466,1370,True,-565.8168905110085,568.8126227845626,stratumwise_add_one,float64 evaluation; not a rational certificate,no_D_ablation,0.16964869912382743,0.015700240849651145,0.0719390841287802,0.08353858496124691,0.0,0.24532588993020876,0.9019767458111682,0.005383110000025226,44,9.950352075627222e-08,score_tolerance_reached_not_global_certificate,,2.6645352591003757e-15,0.1425369565965509
rho0.90_N4000_r013,0.9,shallow,4000,13,2836,1620,576,640,1164,1466,1370,True,-565.8168905110085,568.8126227845626,stratumwise_add_one,float64 evaluation; not a rational certificate,A_only_histogram,0.4459676032125759,0.13008956177508474,0.18412644907592565,0.2790793812903516,0.0,0.24532588993020876,1.0,0.0,0,0.0,deliberately_uncorrected_histogram,,,
rho0.90_N4000_r013,0.9,deep,4000,13,3094,1995,501,598,906,1586,1508,True,-661.6278634820164,664.6235957555705,stratumwise_add_one,float64 evaluation; not a rational certificate,D_completion,0.19110476727303546,0.0043962277774116385,0.005040712567255591,0.0770580482434575,0.033279071736023486,0.04394840071310855,0.9499951920736487,0.007993721999923764,50,7.492956450751704e-08,score_tolerance_reached_not_global_certificate,True,7.461276041453857e-10,0.0
rho0.90_N4000_r013,0.9,deep,4000,13,3094,1995,501,598,906,1586,1508,True,-661.6278634820164,664.6235957555705,stratumwise_add_one,float64 evaluation; not a rational certificate,no_D_ablation,0.3564207736115928,0.0432764988330566,0.051316714819192887,0.1163983382825765,0.0,0.04394840071310855,0.9786929069178613,0.005121104999943782,44,9.950352075627222e-08,score_tolerance_reached_not_global_certificate,,8.881784197001252e-16,0.033279071736023486
rho0.90_N4000_r013,0.9,deep,4000,13,3094,1995,501,598,906,1586,1508,True,-661.6278634820164,664.6235957555705,stratumwise_add_one,float64 evaluation; not a rational certificate,A_only_histogram,0.4732122396549131,0.11051983877529074,0.11806272433384683,0.2407014248381355,0.0,0.04394840071310855,1.0000000000000004,0.0,0,0.0,deliberately_uncorrected_histogram,,,
rho0.90_N4000_r014,0.9,shallow,4000,14,2843,1743,557,543,1157,1370,1473,True,-638.8625547186691,641.8582869922232,stratumwise_add_one,float64 evaluation; not a rational certificate,D_completion,0.1325177513301075,0.006905787174237294,0.029488288510945617,0.06321884820966206,0.1425369565965509,0.24532588993020876,0.8536462655008135,0.00789982300000247,37,7.795228767574422e-08,score_tolerance_reached_not_global_certificate,True,6.661338147750939e-15,2.7755575615628914e-17
rho0.90_N4000_r014,0.9,shallow,4000,14,2843,1743,557,543,1157,1370,1473,True,-638.8625547186691,641.8582869922232,stratumwise_add_one,float64 evaluation; not a rational certificate,no_D_ablation,0.16550864412338862,0.01928856779113722,0.07638338149761184,0.08468154132382337,0.0,0.24532588993020876,0.9153281117308688,0.004179138000040439,35,8.768600601172238e-08,score_tolerance_reached_not_global_certificate,,7.993605777301127e-15,0.1425369565965509
rho0.90_N4000_r014,0.9,shallow,4000,14,2843,1743,557,543,1157,1370,1473,True,-638.8625547186691,641.8582869922232,stratumwise_add_one,float64 evaluation; not a rational certificate,A_only_histogram,0.4638949700754652,0.12193480435354966,0.17653454817400527,0.2867427806597092,0.0,0.24532588993020876,1.0,0.0,0,0.0,deliberately_uncorrected_histogram,,,
rho0.90_N4000_r014,0.9,deep,4000,14,3107,2115,500,492,893,1509,1598,True,-724.7255360005422,727.7212682740962,stratumwise_add_one,float64 evaluation; not a rational certificate,D_completion,0.17236823403910517,0.008436246927845677,0.01006118028349023,0.07154916488505526,0.033279071736023486,0.04394840071310855,0.9626720462054134,0.008442070000000967,57,7.819186534400158e-08,score_tolerance_reached_not_global_certificate,True,2.7641444688697447e-11,0.0
rho0.90_N4000_r014,0.9,deep,4000,14,3107,2115,500,492,893,1509,1598,True,-724.7255360005422,727.7212682740962,stratumwise_add_one,float64 evaluation; not a rational certificate,no_D_ablation,0.3718219908412526,0.04684543144318085,0.05493394002090921,0.1213677231985518,0.0,0.04394840071310855,0.9835847071673096,0.00799642499998754,56,8.316575872413523e-08,score_tolerance_reached_not_global_certificate,,3.5201175307975063e-11,0.033279071736023486
rho0.90_N4000_r014,0.9,deep,4000,14,3107,2115,500,492,893,1509,1598,True,-724.7255360005422,727.7212682740962,stratumwise_add_one,float64 evaluation; not a rational certificate,A_only_histogram,0.5063006859503869,0.10808688112064409,0.11574322181904569,0.25444328970585195,0.0,0.04394840071310855,0.9999999999999999,0.0,0,0.0,deliberately_uncorrected_histogram,,,
rho0.90_N4000_r015,0.9,shallow,4000,15,2859,1658,598,603,1141,1418,1441,True,-581.5758283365753,584.5715606101294,stratumwise_add_one,float64 evaluation; not a rational certificate,D_completion,0.17026028349581596,0.0061721604920485845,0.02238280406567112,0.07128147943182009,0.1425369565965509,0.24532588993020876,0.8139841712766982,0.006479774000013094,44,7.281725461616626e-08,score_tolerance_reached_not_global_certificate,True,1.7763568394002505e-15,2.7755575615628914e-17
rho0.90_N4000_r015,0.9,shallow,4000,15,2859,1658,598,603,1141,1418,1441,True,-581.5758283365753,584.5715606101294,stratumwise_add_one,float64 evaluation; not a rational certificate,no_D_ablation,0.17768885264996193,0.015681326231876184,0.07206233035588294,0.08144168661349496,0.0,0.24532588993020876,0.8958944101863143,0.005352745000095638,44,7.892130216013982e-08,score_tolerance_reached_not_global_certificate,,4.440892098500626e-15,0.1425369565965509
rho0.90_N4000_r015,0.9,shallow,4000,15,2859,1658,598,603,1141,1418,1441,True,-581.5758283365753,584.5715606101294,stratumwise_add_one,float64 evaluation; not a rational certificate,A_only_histogram,0.4635343657317813,0.1320649444151947,0.18607644064148104,0.2856882388262397,0.0,0.24532588993020876,1.0,0.0,0,0.0,deliberately_uncorrected_histogram,,,
rho0.90_N4000_r015,0.9,deep,4000,15,3101,2038,529,534,899,1540,1561,True,-657.9186671499872,660.9143994235412,stratumwise_add_one,float64 evaluation; not a rational certificate,D_completion,0.21018636220884068,0.005158932291226767,0.006158455606522496,0.08099152947211624,0.033279071736023486,0.04394840071310855,0.9572446553394481,0.009875459999989289,68,8.225684405070197e-08,score_tolerance_reached_not_global_certificate,True,2.6911362027703944e-11,0.0
rho0.90_N4000_r015,0.9,deep,4000,15,3101,2038,529,534,899,1540,1561,True,-657.9186671499872,660.9143994235412,stratumwise_add_one,float64 evaluation; not a rational certificate,no_D_ablation,0.3621956410068919,0.044691784724270954,0.05274257980426711,0.11506644973562422,0.0,0.04394840071310855,0.9825862621296243,0.007580803999985619,67,8.208969415335332e-08,score_tolerance_reached_not_global_certificate,,3.320188568523008e-11,0.033279071736023486
rho0.90_N4000_r015,0.9,deep,4000,15,3101,2038,529,534,899,1540,1561,True,-657.9186671499872,660.9143994235412,stratumwise_add_one,float64 evaluation; not a rational certificate,A_only_histogram,0.4950127396776173,0.11264915019446847,0.1201920546943464,0.24685074573243743,0.0,0.04394840071310855,1.0,0.0,0,0.0,deliberately_uncorrected_histogram,,,
rho0.90_N4000_r016,0.9,shallow,4000,16,2823,1613,604,606,1177,1403,1420,True,-593.399886145753,596.3956184193071,stratumwise_add_one,float64 evaluation; not a rational certificate,D_completion,0.1430864887748461,0.003247921605578856,0.025302887925093023,0.06340486704435963,0.1425369565965509,0.24532588993020876,0.8318096148278541,0.006275332999962302,43,7.167074957508178e-08,score_tolerance_reached_not_global_certificate,True,5.773159728050814e-15,2.7755575615628914e-17
rho0.90_N4000_r016,0.9,shallow,4000,16,2823,1613,604,606,1177,1403,1420,True,-593.399886145753,596.3956184193071,stratumwise_add_one,float64 evaluation; not a rational certificate,no_D_ablation,0.16932523101413052,0.017460476405702825,0.07451956453340713,0.0792458718469283,0.0,0.24532588993020876,0.9097700589222982,0.005797649999976784,44,8.21792678351585e-08,score_tolerance_reached_not_global_certificate,,3.552713678800501e-15,0.1425369565965509
rho0.90_N4000_r016,0.9,shallow,4000,16,2823,1613,604,606,1177,1403,1420,True,-593.399886145753,596.3956184193071,stratumwise_add_one,float64 evaluation; not a rational certificate,A_only_histogram,0.4717485466498066,0.13652732716729107,0.19042242516399313,0.2930171277804313,0.0,0.24532588993020876,1.0,0.0,0,0.0,deliberately_uncorrected_histogram,,,
rho0.90_N4000_r016,0.9,deep,4000,16,3076,1976,550,550,924,1533,1543,True,-677.859170499643,680.8549027731971,stratumwise_add_one,float64 evaluation; not a rational certificate,D_completion,0.1814414051073494,0.0029256539943535932,0.004309504842098517,0.07134845451358765,0.033279071736023486,0.04394840071310855,0.9564746237020005,0.009685880999995788,43,7.1062673835836e-08,score_tolerance_reached_not_global_certificate,True,2.6527060548175996e-09,0.0
rho0.90_N4000_r016,0.9,deep,4000,16,3076,1976,550,550,924,1533,1543,True,-677.859170499643,680.8549027731971,stratumwise_add_one,float64 evaluation; not a rational certificate,no_D_ablation,0.36873333796311064,0.04582411629405457,0.05391142230794076,0.11298864177409516,0.0,0.04394840071310855,0.9823867617868444,0.005526441000029081,44,8.21792678351585e-08,score_tolerance_reached_not_global_certificate,,3.552713678800501e-15,0.033279071736023486
rho0.90_N4000_r016,0.9,deep,4000,16,3076,1976,550,550,924,1533,1543,True,-677.859170499643,680.8549027731971,stratumwise_add_one,float64 evaluation; not a rational certificate,A_only_histogram,0.5021462757024586,0.1172378996981886,0.12476929594285772,0.2570394674507468,0.0,0.04394840071310855,1.0,0.0,0,0.0,deliberately_uncorrected_histogram,,,
rho0.90_N4000_r017,0.9,shallow,4000,17,2836,1656,595,585,1164,1367,1469,True,-653.9099374294564,656.9056697030104,stratumwise_add_one,float64 evaluation; not a rational certificate,D_completion,0.15546073046579656,0.005169810853718385,0.026625547106278926,0.0747170921143804,0.14253695659655094,0.24532588993020876,0.8242490098148232,0.006344645000012861,42,7.127573136683984e-08,score_tolerance_reached_not_global_certificate,True,1.3322676295501878e-15,2.7755575615628914e-17
rho0.90_N4000_r017,0.9,shallow,4000,17,2836,1656,595,585,1164,1367,1469,True,-653.9099374294564,656.9056697030104,stratumwise_add_one,float64 evaluation; not a rational certificate,no_D_ablation,0.18007194372796304,0.019378058439273864,0.07640429635788737,0.09055628902477744,0.0,0.24532588993020876,0.9028569651691556,0.006509125999969001,43,9.746853901759778e-08,score_tolerance_reached_not_global_certificate,,3.1086244689504383e-15,0.1425369565965509
rho0.90_N4000_r017,0.9,shallow,4000,17,2836,1656,595,585,1164,1367,1469,True,-653.9099374294564,656.9056697030104,stratumwise_add_one,float64 evaluation; not a rational certificate,A_only_histogram,0.48487021569867256,0.13757509993897188,0.19152514928366163,0.30263432287382364,0.0,0.24532588993020876,1.0,0.0,0,0.0,deliberately_uncorrected_histogram,,,
rho0.90_N4000_r017,0.9,deep,4000,17,3126,2053,542,531,874,1508,1618,True,-746.1741195387126,749.1698518122666,stratumwise_add_one,float64 evaluation; not a rational certificate,D_completion,0.1944124750868133,0.0034394918613738306,0.003634406337233338,0.08108971569553955,0.033279071736023486,0.04394840071310855,0.9470961472069291,0.006117980999988504,42,7.198932315866443e-08,score_tolerance_reached_not_global_certificate,True,2.1786825676883836e-09,0.0
rho0.90_N4000_r017,0.9,deep,4000,17,3126,2053,542,531,874,1508,1618,True,-746.1741195387126,749.1698518122666,stratumwise_add_one,float64 evaluation; not a rational certificate,no_D_ablation,0.3451237287925271,0.044908015183954424,0.05299069128051767,0.1188660491941317,0.0,0.04394840071310855,0.9777395571355668,0.004864085999997769,43,9.746853901759778e-08,score_tolerance_reached_not_global_certificate,,1.7763568394002505e-15,0.033279071736023486
rho0.90_N4000_r017,0.9,deep,4000,17,3126,2053,542,531,874,1508,1618,True,-746.1741195387126,749.1698518122666,stratumwise_add_one,float64 evaluation; not a rational certificate,A_only_histogram,0.5002276294706853,0.11468290246519451,0.12220431861490856,0.2632341366208029,0.0,0.04394840071310855,0.9999999999999999,0.0,0,0.0,deliberately_uncorrected_histogram,,,
rho0.90_N4000_r018,0.9,shallow,4000,18,2805,1638,609,558,1195,1376,1429,True,-603.8822400533866,606.8779723269406,stratumwise_add_one,float64 evaluation; not a rational certificate,D_completion,0.14473244301005442,0.004248890785365813,0.023286426602662003,0.07013459749025344,0.1425369565965509,0.24532588993020876,0.8191344120046801,0.006243356000027234,43,8.290940553408304e-08,score_tolerance_reached_not_global_certificate,True,3.2862601528904634e-14,2.7755575615628914e-17
rho0.90_N4000_r018,0.9,shallow,4000,18,2805,1638,609,558,1195,1376,1429,True,-603.8822400533866,606.8779723269406,stratumwise_add_one,float64 evaluation; not a rational certificate,no_D_ablation,0.16813434920969056,0.015673089494431497,0.07253360030499002,0.08315177729676394,0.0,0.24532588993020876,0.8977064303074945,0.004767394000054992,39,8.967763487355285e-08,score_tolerance_reached_not_global_certificate,,2.438049762076844e-13,0.1425369565965509
rho0.90_N4000_r018,0.9,shallow,4000,18,2805,1638,609,558,1195,1376,1429,True,-603.8822400533866,606.8779723269406,stratumwise_add_one,float64 evaluation; not a rational certificate,A_only_histogram,0.46220515017376185,0.1308354037790864,0.18491468876834166,0.2878376658944076,0.0,0.24532588993020876,1.0,0.0,0,0.0,deliberately_uncorrected_histogram,,,
rho0.90_N4000_r018,0.9,deep,4000,18,3076,2033,549,494,924,1520,1556,True,-687.675793090969,690.6715253645231,stratumwise_add_one,float64 evaluation; not a rational certificate,D_completion,0.1906474008443556,0.003921382559189982,0.0031061270346101253,0.07756722994025986,0.033279071736023486,0.04394840071310855,0.9523963882947848,0.01507742799992684,64,8.735358225869859e-08,score_tolerance_reached_not_global_certificate,True,2.970246271161159e-11,0.0
rho0.90_N4000_r018,0.9,deep,4000,18,3076,2033,549,494,924,1520,1556,True,-687.675793090969,690.6715253645231,stratumwise_add_one,float64 evaluation; not a rational certificate,no_D_ablation,0.34114822514838344,0.04257271118213319,0.05064813503265111,0.11401018469111215,0.0,0.04394840071310855,0.9793467886224563,0.008567466000044988,63,8.682358965117487e-08,score_tolerance_reached_not_global_certificate,,3.5916158935833664e-11,0.033279071736023486
rho0.90_N4000_r018,0.9,deep,4000,18,3076,2033,549,494,924,1520,1556,True,-687.675793090969,690.6715253645231,stratumwise_add_one,float64 evaluation; not a rational certificate,A_only_histogram,0.4761019752489336,0.10893601870317823,0.11647324300460364,0.24697457141196805,0.0,0.04394840071310855,0.9999999999999999,0.0,0,0.0,deliberately_uncorrected_histogram,,,
rho0.90_N4000_r019,0.9,shallow,4000,19,2874,1636,609,629,1126,1435,1439,True,-599.4199222847707,602.4156545583247,stratumwise_add_one,float64 evaluation; not a rational certificate,D_completion,0.15673597843524362,0.004323709228799192,0.02370247203815344,0.07651782856400835,0.1425369565965509,0.24532588993020876,0.8287061880246106,0.005414054999960172,42,7.938772384452804e-08,score_tolerance_reached_not_global_certificate,True,1.6431300764452317e-14,2.7755575615628914e-17
rho0.90_N4000_r019,0.9,shallow,4000,19,2874,1636,609,629,1126,1435,1439,True,-599.4199222847707,602.4156545583247,stratumwise_add_one,float64 evaluation; not a rational certificate,no_D_ablation,0.17277479321558806,0.015749070118746322,0.07234309160781001,0.08770488152576453,0.0,0.24532588993020876,0.9062064564145529,0.007179778000022452,45,9.036729098355067e-08,score_tolerance_reached_not_global_certificate,,5.329070518200751e-15,0.1425369565965509
rho0.90_N4000_r019,0.9,shallow,4000,19,2874,1636,609,629,1126,1435,1439,True,-599.4199222847707,602.4156545583247,stratumwise_add_one,float64 evaluation; not a rational certificate,A_only_histogram,0.47778222352137717,0.13180602424771692,0.18609140676802421,0.293562462037007,0.0,0.24532588993020876,1.0,0.0,0,0.0,deliberately_uncorrected_histogram,,,
rho0.90_N4000_r019,0.9,deep,4000,19,3124,2009,543,572,876,1560,1564,True,-695.931594292429,698.9273265659831,stratumwise_add_one,float64 evaluation; not a rational certificate,D_completion,0.20722582277503,0.004043226690273618,0.005229945992072787,0.08422086389616376,0.033279071736023486,0.04394840071310855,0.9626136627013673,0.009535299000049235,42,7.870795781922665e-08,score_tolerance_reached_not_global_certificate,True,4.0095300413156565e-09,0.0
rho0.90_N4000_r019,0.9,deep,4000,19,3124,2009,543,572,876,1560,1564,True,-695.931594292429,698.9273265659831,stratumwise_add_one,float64 evaluation; not a rational certificate,no_D_ablation,0.3680768686584317,0.04443392492339765,0.052495818547051855,0.12147512400938093,0.0,0.04394840071310855,0.984776824141985,0.0048896939999849565,45,9.036729098355067e-08,score_tolerance_reached_not_global_certificate,,1.1122658349904668e-11,0.033279071736023486
rho0.90_N4000_r019,0.9,deep,4000,19,3124,2009,543,572,876,1560,1564,True,-695.931594292429,698.9273265659831,stratumwise_add_one,float64 evaluation; not a rational certificate,A_only_histogram,0.5030199556945824,0.11275172066003639,0.12034249894467712,0.2549097990577114,0.0,0.04394840071310855,1.0,0.0,0,0.0,deliberately_uncorrected_histogram,,,
rho0.90_N16000_r000,0.9,shallow,16000,0,11441,6555,2405,2481,4559,5734,5707,True,-750.5464061456163,753.5421384191703,stratumwise_add_one,float64 evaluation; not a rational certificate,D_completion,0.08179690307676113,0.004958130104856833,0.02079326349567593,0.03787630480861603,0.14253695659655094,0.24532588993020876,0.8236238050787948,0.0054221369999822855,40,7.503814837775591e-08,score_tolerance_reached_not_global_certificate,True,1.7763568394002505e-14,2.7755575615628914e-17
rho0.90_N16000_r000,0.9,shallow,16000,0,11441,6555,2405,2481,4559,5734,5707,True,-750.5464061456163,753.5421384191703,stratumwise_add_one,float64 evaluation; not a rational certificate,no_D_ablation,0.11795565596260225,0.012974934467400171,0.06953959612164806,0.05666701963149789,0.0,0.24532588993020876,0.9039905107915391,0.004437217999907261,43,9.71436040497764e-08,score_tolerance_reached_not_global_certificate,,5.773159728050814e-15,0.1425369565965509
rho0.90_N16000_r000,0.9,shallow,16000,0,11441,6555,2405,2481,4559,5734,5707,True,-750.5464061456163,753.5421384191703,stratumwise_add_one,float64 evaluation; not a rational certificate,A_only_histogram,0.4437917051480904,0.1268650645921113,0.18143784979047345,0.27664616633458167,0.0,0.24532588993020876,1.0000000000000002,0.0,0,0.0,deliberately_uncorrected_histogram,,,
rho0.90_N16000_r000,0.9,deep,16000,0,12517,8085,2178,2254,3483,6274,6243,True,-868.1363382969542,871.1320705705083,stratumwise_add_one,float64 evaluation; not a rational certificate,D_completion,0.10103795738473742,0.003931464289787066,0.0025329379864860624,0.04154497311547225,0.033279071736023486,0.04394840071310855,0.9531319273480987,0.009251962000007552,51,9.708228850024381e-08,score_tolerance_reached_not_global_certificate,True,4.0111025612077356e-11,6.938893903907228e-18
rho0.90_N16000_r000,0.9,deep,16000,0,12517,8085,2178,2254,3483,6274,6243,True,-868.1363382969542,871.1320705705083,stratumwise_add_one,float64 evaluation; not a rational certificate,no_D_ablation,0.3212384369955463,0.04039337357017899,0.048456675233116336,0.09259796111342429,0.0,0.04394840071310855,0.980543485188977,0.007302804000005381,51,7.628413967175618e-08,score_tolerance_reached_not_global_certificate,,2.950617528085786e-11,0.033279071736023486
rho0.90_N16000_r000,0.9,deep,16000,0,12517,8085,2178,2254,3483,6274,6243,True,-868.1363382969542,871.1320705705083,stratumwise_add_one,float64 evaluation; not a rational certificate,A_only_histogram,0.468413482965809,0.10752726723609755,0.11515785565591329,0.23705133690815022,0.0,0.04394840071310855,1.0,0.0,0,0.0,deliberately_uncorrected_histogram,,,
rho0.90_N16000_r001,0.9,shallow,16000,1,11357,6532,2342,2483,4643,5646,5711,True,-757.7131044857542,760.7088367593083,stratumwise_add_one,float64 evaluation; not a rational certificate,D_completion,0.06698113562559407,0.0027037741445386826,0.021971648435578545,0.031035712153625335,0.1425369565965509,0.24532588993020876,0.8203556062201742,0.005375570000069274,39,8.109088892084464e-08,score_tolerance_reached_not_global_certificate,True,5.622169396701793e-12,2.7755575615628914e-17
rho0.90_N16000_r001,0.9,shallow,16000,1,11357,6532,2342,2483,4643,5646,5711,True,-757.7131044857542,760.7088367593083,stratumwise_add_one,float64 evaluation; not a rational certificate,no_D_ablation,0.10221175959033446,0.014304585056443773,0.07141594030379131,0.04990657750259979,0.0,0.24532588993020876,0.9009417223040961,0.004409767999959513,41,7.645844002368563e-08,score_tolerance_reached_not_global_certificate,,2.475353255704249e-12,0.1425369565965509
rho0.90_N16000_r001,0.9,shallow,16000,1,11357,6532,2342,2483,4643,5646,5711,True,-757.7131044857542,760.7088367593083,stratumwise_add_one,float64 evaluation; not a rational certificate,A_only_histogram,0.44250341611666355,0.12959211835691115,0.1839367172154135,0.27617845730178303,0.0,0.24532588993020876,1.0,0.0,0,0.0,deliberately_uncorrected_histogram,,,
rho0.90_N16000_r001,0.9,deep,16000,1,12520,8138,2130,2252,3480,6238,6282,True,-880.5155261485895,883.5112584221436,stratumwise_add_one,float64 evaluation; not a rational certificate,D_completion,0.09078610382368765,0.005592108983867149,0.0034846793204933602,0.03603114388270115,0.033279071736023486,0.04394840071310855,0.9464360229007442,0.009880046000034781,65,8.914788495734358e-08,score_tolerance_reached_not_global_certificate,True,7.144063118857957e-12,0.0
rho0.90_N16000_r001,0.9,deep,16000,1,12520,8138,2130,2252,3480,6238,6282,True,-880.5155261485895,883.5112584221436,stratumwise_add_one,float64 evaluation; not a rational certificate,no_D_ablation,0.3065807693303442,0.040332928430664126,0.048423829655595496,0.08631001162201049,0.0,0.04394840071310855,0.9778200352377371,0.007619078999937301,64,8.780190752233352e-08,score_tolerance_reached_not_global_certificate,,8.907541371172556e-12,0.033279071736023486
rho0.90_N16000_r001,0.9,deep,16000,1,12520,8138,2130,2252,3480,6238,6282,True,-880.5155261485895,883.5112584221436,stratumwise_add_one,float64 evaluation; not a rational certificate,A_only_histogram,0.45711663462965896,0.1068989495612031,0.11447555294417236,0.23401363821499513,0.0,0.04394840071310855,1.0,0.0,0,0.0,deliberately_uncorrected_histogram,,,
rho0.90_N16000_r002,0.9,shallow,16000,2,11464,6670,2477,2317,4536,5751,5713,True,-735.924446412281,738.920178685835,stratumwise_add_one,float64 evaluation; not a rational certificate,D_completion,0.07602191837600453,0.002662415002440562,0.023115730447023773,0.03793738718819621,0.1425369565965509,0.24532588993020876,0.8328915788460306,0.0066704339999432705,37,9.761210816703325e-08,score_tolerance_reached_not_global_certificate,True,1.3322676295501878e-14,0.0
rho0.90_N16000_r002,0.9,shallow,16000,2,11464,6670,2477,2317,4536,5751,5713,True,-735.924446412281,738.920178685835,stratumwise_add_one,float64 evaluation; not a rational certificate,no_D_ablation,0.10807709235577231,0.014632120568909446,0.07151351132601672,0.05551680559629747,0.0,0.24532588993020876,0.9071016026230397,0.004679185000100006,37,7.771627386077284e-08,score_tolerance_reached_not_global_certificate,,2.220446049250313e-15,0.1425369565965509
rho0.90_N16000_r002,0.9,shallow,16000,2,11464,6670,2477,2317,4536,5751,5713,True,-735.924446412281,738.920178685835,stratumwise_add_one,float64 evaluation; not a rational certificate,A_only_histogram,0.42508167752086756,0.1253162835922536,0.1797061335933304,0.2671588556999989,0.0,0.24532588993020876,0.9999999999999999,0.0,0,0.0,deliberately_uncorrected_histogram,,,
rho0.90_N16000_r002,0.9,deep,16000,2,12509,8179,2205,2125,3491,6272,6237,True,-854.3164797749612,857.3122120485152,stratumwise_add_one,float64 evaluation; not a rational certificate,D_completion,0.1045141462588339,0.001928152971200722,0.002892334561494415,0.04260026392142917,0.033279071736023486,0.04394840071310855,0.9561981955925702,0.008020610000016859,53,8.128021139143699e-08,score_tolerance_reached_not_global_certificate,True,2.2996715642875643e-11,0.0
rho0.90_N16000_r002,0.9,deep,16000,2,12509,8179,2205,2125,3491,6272,6237,True,-854.3164797749612,857.3122120485152,stratumwise_add_one,float64 evaluation; not a rational certificate,no_D_ablation,0.3289985106536969,0.042764297882780807,0.050842981801388715,0.09416775917758297,0.0,0.04394840071310855,0.9818514128521738,0.00704194100001132,52,8.713508869995223e-08,score_tolerance_reached_not_global_certificate,,1.929389981114582e-11,0.033279071736023486
rho0.90_N16000_r002,0.9,deep,16000,2,12509,8179,2205,2125,3491,6272,6237,True,-854.3164797749612,857.3122120485152,stratumwise_add_one,float64 evaluation; not a rational certificate,A_only_histogram,0.46138204794420373,0.10787713926111483,0.11548439136416294,0.2307596532786118,0.0,0.04394840071310855,1.0,0.0,0,0.0,deliberately_uncorrected_histogram,,,
rho0.90_N16000_r003,0.9,shallow,16000,3,11346,6595,2410,2341,4654,5737,5609,True,-720.1841645265258,723.1798968000799,stratumwise_add_one,float64 evaluation; not a rational certificate,D_completion,0.08014350471750907,0.0036769152213248467,0.022167775105411604,0.036245777236524834,0.1425369565965509,0.24532588993020876,0.8318899817471858,0.00608552400001372,38,8.958627645635472e-08,score_tolerance_reached_not_global_certificate,True,1.1102230246251565e-14,2.7755575615628914e-17
rho0.90_N16000_r003,0.9,shallow,16000,3,11346,6595,2410,2341,4654,5737,5609,True,-720.1841645265258,723.1798968000799,stratumwise_add_one,float64 evaluation; not a rational certificate,no_D_ablation,0.11472764834141515,0.013565666322618764,0.07024336723584453,0.05551156344559856,0.0,0.24532588993020876,0.9073538920572721,0.008124764000058349,42,7.420477787789537e-08,score_tolerance_reached_not_global_certificate,,0.0,0.1425369565965509
rho0.90_N16000_r003,0.9,shallow,16000,3,11346,6595,2410,2341,4654,5737,5609,True,-720.1841645265258,723.1798968000799,stratumwise_add_one,float64 evaluation; not a rational certificate,A_only_histogram,0.43506901774511314,0.12447547363814596,0.17910104414810618,0.27236664786210585,0.0,0.24532588993020876,1.0,0.0,0,0.0,deliberately_uncorrected_histogram,,,
rho0.90_N16000_r003,0.9,deep,16000,3,12424,8097,2205,2122,3576,6274,6150,True,-844.4302899810622,847.4260222546162,stratumwise_add_one,float64 evaluation; not a rational certificate,D_completion,0.10009606505722121,0.0030044362598799054,0.0021860326070043084,0.04102331032848322,0.033279071736023486,0.04394840071310855,0.9513348960836989,0.009406409999996868,39,8.175208480356158e-08,score_tolerance_reached_not_global_certificate,True,2.9626234798740825e-09,0.0
rho0.90_N16000_r003,0.9,deep,16000,3,12424,8097,2205,2122,3576,6274,6150,True,-844.4302899810622,847.4260222546162,stratumwise_add_one,float64 evaluation; not a rational certificate,no_D_ablation,0.32855115776113863,0.040828495219746075,0.04889650614252471,0.09293680507948654,0.0,0.04394840071310855,0.9796622462882822,0.008482700999934423,42,7.420477787789537e-08,score_tolerance_reached_not_global_certificate,,3.019806626980426e-14,0.033279071736023486
rho0.90_N16000_r003,0.9,deep,16000,3,12424,8097,2205,2122,3576,6274,6150,True,-844.4302899810622,847.4260222546162,stratumwise_add_one,float64 evaluation; not a rational certificate,A_only_histogram,0.4688551422628608,0.10687969008523464,0.11452480714542221,0.23589078522101337,0.0,0.04394840071310855,1.0,0.0,0,0.0,deliberately_uncorrected_histogram,,,
rho0.90_N16000_r004,0.9,shallow,16000,4,11398,6593,2443,2362,4602,5732,5666,True,-710.5509577816563,713.5466900552103,stratumwise_add_one,float64 evaluation; not a rational certificate,D_completion,0.0801198035827118,0.0013094626345221514,0.023690578776927124,0.03434386860503637,0.1425369565965509,0.24532588993020876,0.8304262859266864,0.005469978999940395,40,8.643964646155906e-08,score_tolerance_reached_not_global_certificate,True,7.549516567451064e-15,2.7755575615628914e-17
rho0.90_N16000_r004,0.9,shallow,16000,4,11398,6593,2443,2362,4602,5732,5666,True,-710.5509577816563,713.5466900552103,stratumwise_add_one,float64 evaluation; not a rational certificate,no_D_ablation,0.1091127164573502,0.015518679493001111,0.07264076601743272,0.05455937517850688,0.0,0.24532588993020876,0.9077221034221943,0.0041220840000733006,40,9.765434061392853e-08,score_tolerance_reached_not_global_certificate,,2.6645352591003757e-15,0.1425369565965509
rho0.90_N16000_r004,0.9,shallow,16000,4,11398,6593,2443,2362,4602,5732,5666,True,-710.5509577816563,713.5466900552103,stratumwise_add_one,float64 evaluation; not a rational certificate,A_only_histogram,0.4587969367714093,0.130810168570419,0.18507777503709635,0.28399547929226054,0.0,0.24532588993020876,1.0,0.0,0,0.0,deliberately_uncorrected_histogram,,,
rho0.90_N16000_r004,0.9,deep,16000,4,12479,8091,2247,2141,3521,6282,6197,True,-826.902510210205,829.8982424837591,stratumwise_add_one,float64 evaluation; not a rational certificate,D_completion,0.0957721870715792,0.0012178428699002673,0.0015878785757846496,0.038219874898715596,0.033279071736023486,0.04394840071310855,0.9503822893786785,0.006148596999992151,40,9.954989798118613e-08,score_tolerance_reached_not_global_certificate,True,4.678336384955628e-09,6.938893903907228e-18
rho0.90_N16000_r004,0.9,deep,16000,4,12479,8091,2247,2141,3521,6282,6197,True,-826.902510210205,829.8982424837591,stratumwise_add_one,float64 evaluation; not a rational certificate,no_D_ablation,0.3253236765783023,0.043001532647104775,0.051093131854841,0.09210147689554338,0.0,0.04394840071310855,0.9794816668289834,0.004754225000056067,40,9.765434061392853e-08,score_tolerance_reached_not_global_certificate,,2.7465141272386973e-11,0.033279071736023486
rho0.90_N16000_r004,0.9,deep,16000,4,12479,8091,2247,2141,3521,6282,6197,True,-826.902510210205,829.8982424837591,stratumwise_add_one,float64 evaluation; not a rational certificate,A_only_histogram,0.48830435559135305,0.11211892678887844,0.11970715080531118,0.24620208118139794,0.0,0.04394840071310855,1.0,0.0,0,0.0,deliberately_uncorrected_histogram,,,
rho0.90_N16000_r005,0.9,shallow,16000,5,11362,6663,2407,2292,4638,5632,5730,True,-760.6840910313437,763.6798233048977,stratumwise_add_one,float64 evaluation; not a rational certificate,D_completion,0.07074513498179558,0.002602600900476024,0.025699465983241757,0.034031485309821176,0.14253695659655094,0.24532588993020876,0.8299692047321847,0.005435726999962753,38,7.47606590000918e-08,score_tolerance_reached_not_global_certificate,True,1.2878587085651816e-14,2.7755575615628914e-17
rho0.90_N16000_r005,0.9,shallow,16000,5,11362,6663,2407,2292,4638,5632,5730,True,-760.6840910313437,763.6798233048977,stratumwise_add_one,float64 evaluation; not a rational certificate,no_D_ablation,0.10664083540709697,0.01777158781402759,0.07499562055980351,0.056460402230283147,0.0,0.24532588993020876,0.9058814867613603,0.0044305080000413,39,9.305760073630154e-08,score_tolerance_reached_not_global_certificate,,2.6645352591003757e-15,0.1425369565965509
rho0.90_N16000_r005,0.9,shallow,16000,5,11362,6663,2407,2292,4638,5632,5730,True,-760.6840910313437,763.6798233048977,stratumwise_add_one,float64 evaluation; not a rational certificate,A_only_histogram,0.45680096882804644,0.13021531574672338,0.18457925620532575,0.28338574828303037,0.0,0.24532588993020876,1.0,0.0,0,0.0,deliberately_uncorrected_histogram,,,
rho0.90_N16000_r005,0.9,deep,16000,5,12474,8217,2193,2064,3526,6180,6294,True,-897.9595931880013,900.9553254615554,stratumwise_add_one,float64 evaluation; not a rational certificate,D_completion,0.09092793520878924,0.001427167987831067,0.0026878600276395905,0.038543781416870794,0.033279071736023486,0.04394840071310855,0.9516477694754668,0.00532758899998953,39,8.55500254285723e-08,score_tolerance_reached_not_global_certificate,True,3.7057432678011537e-09,0.0
rho0.90_N16000_r005,0.9,deep,16000,5,12474,8217,2193,2064,3526,6180,6294,True,-897.9595931880013,900.9553254615554,stratumwise_add_one,float64 evaluation; not a rational certificate,no_D_ablation,0.3191040011931373,0.04450686040705169,0.0526041428282037,0.09394649171677416,0.0,0.04394840071310855,0.9797749733747324,0.004114223000101447,39,9.305760095834614e-08,score_tolerance_reached_not_global_certificate,,8.321343614170473e-12,0.033279071736023486
rho0.90_N16000_r005,0.9,deep,16000,5,12474,8217,2193,2064,3526,6180,6294,True,-897.9595931880013,900.9553254615554,stratumwise_add_one,float64 evaluation; not a rational certificate,A_only_histogram,0.48086112783409357,0.11026248235502058,0.11785922504272138,0.24418626290329892,0.0,0.04394840071310855,1.0,0.0,0,0.0,deliberately_uncorrected_histogram,,,
rho0.90_N16000_r006,0.9,shallow,16000,6,11506,6662,2366,2478,4494,5738,5768,True,-722.7119096805383,725.7076419540923,stratumwise_add_one,float64 evaluation; not a rational certificate,D_completion,0.07723621072729962,0.0029756422415456907,0.025439128911989857,0.03546340098898663,0.1425369565965509,0.24532588993020876,0.8314555770951184,0.011092299999972965,66,8.955681341070807e-08,score_tolerance_reached_not_global_certificate,True,7.883027564048461e-12,0.0
rho0.90_N16000_r006,0.9,shallow,16000,6,11506,6662,2366,2478,4494,5738,5768,True,-722.7119096805383,725.7076419540923,stratumwise_add_one,float64 evaluation; not a rational certificate,no_D_ablation,0.10209658063131544,0.017273122737403213,0.07432198562331961,0.0571735798798427,0.0,0.24532588993020876,0.9063180443409898,0.006745052999917789,65,9.07070518696429e-08,score_tolerance_reached_not_global_certificate,,9.85389547736304e-12,0.1425369565965509
rho0.90_N16000_r006,0.9,shallow,16000,6,11506,6662,2366,2478,4494,5738,5768,True,-722.7119096805383,725.7076419540923,stratumwise_add_one,float64 evaluation; not a rational certificate,A_only_histogram,0.45424580649341706,0.13019977260121096,0.18460424655556318,0.282357935295243,0.0,0.24532588993020876,1.0,0.0,0,0.0,deliberately_uncorrected_histogram,,,
rho0.90_N16000_r006,0.9,deep,16000,6,12566,8160,2152,2254,3434,6252,6314,True,-856.5205588699467,859.5162911435008,stratumwise_add_one,float64 evaluation; not a rational certificate,D_completion,0.09512552832103266,0.0028917603495609476,0.004427000405665144,0.03945626010469176,0.033279071736023486,0.04394840071310855,0.9519455922798737,0.012926729000014348,66,9.172413413515221e-08,score_tolerance_reached_not_global_certificate,True,2.6978863587601154e-11,0.0
rho0.90_N16000_r006,0.9,deep,16000,6,12566,8160,2152,2254,3434,6252,6314,True,-856.5205588699467,859.5162911435008,stratumwise_add_one,float64 evaluation; not a rational certificate,no_D_ablation,0.3301350935064657,0.04511737710983016,0.05320388586917185,0.09643288870664268,0.0,0.04394840071310855,0.9803335982418881,0.007936357000062344,65,9.07070520916875e-08,score_tolerance_reached_not_global_certificate,,3.3797853404848865e-11,0.033279071736023486
rho0.90_N16000_r006,0.9,deep,16000,6,12566,8160,2152,2254,3434,6252,6314,True,-856.5205588699467,859.5162911435008,stratumwise_add_one,float64 evaluation; not a rational certificate,A_only_histogram,0.48701238740484165,0.1121859828750725,0.11979991344495343,0.24521813448621477,0.0,0.04394840071310855,1.0,0.0,0,0.0,deliberately_uncorrected_histogram,,,
rho0.90_N16000_r007,0.9,shallow,16000,7,11421,6575,2415,2431,4579,5764,5657,True,-734.1187278214015,737.1144600949556,stratumwise_add_one,float64 evaluation; not a rational certificate,D_completion,0.08475149921125676,0.0050197110041222456,0.02082900790299095,0.04068183778881736,0.1425369565965509,0.24532588993020876,0.832784887407623,0.005438412000103199,38,8.764988041687787e-08,score_tolerance_reached_not_global_certificate,True,4.0323300254385686e-13,2.7755575615628914e-17
rho0.90_N16000_r007,0.9,shallow,16000,7,11421,6575,2415,2431,4579,5764,5657,True,-734.1187278214015,737.1144600949556,stratumwise_add_one,float64 evaluation; not a rational certificate,no_D_ablation,0.12197457875822192,0.012276934760172274,0.06868302895076356,0.057535223373800765,0.0,0.24532588993020876,0.9083523304846459,0.008012429000018528,40,9.105108023099717e-08,score_tolerance_reached_not_global_certificate,,1.4344081478157023e-13,0.1425369565965509
rho0.90_N16000_r007,0.9,shallow,16000,7,11421,6575,2415,2431,4579,5764,5657,True,-734.1187278214015,737.1144600949556,stratumwise_add_one,float64 evaluation; not a rational certificate,A_only_histogram,0.42781663735416064,0.1236620330988952,0.1782044558219301,0.2689546897509865,0.0,0.24532588993020876,1.0,0.0,0,0.0,deliberately_uncorrected_histogram,,,
rho0.90_N16000_r007,0.9,deep,16000,7,12469,8064,2201,2204,3531,6297,6172,True,-858.7626560944914,861.7583883680454,stratumwise_add_one,float64 evaluation; not a rational certificate,D_completion,0.0986311245684327,0.0032817018078614784,0.0024167654342200904,0.041869311178752325,0.033279071736023486,0.04394840071310855,0.9546742862360755,0.012512884999978269,61,8.756490216704331e-08,score_tolerance_reached_not_global_certificate,True,7.644551658358978e-12,0.0
rho0.90_N16000_r007,0.9,deep,16000,7,12469,8064,2201,2204,3531,6297,6172,True,-858.7626560944914,861.7583883680454,stratumwise_add_one,float64 evaluation; not a rational certificate,no_D_ablation,0.3342499141511517,0.040090965913377304,0.04814850611517344,0.09458792297163185,0.0,0.04394840071310855,0.981413702824019,0.00794936600004803,60,8.967745035448615e-08,score_tolerance_reached_not_global_certificate,,9.309442106086863e-12,0.033279071736023486
rho0.90_N16000_r007,0.9,deep,16000,7,12469,8064,2201,2204,3531,6297,6172,True,-858.7626560944914,861.7583883680454,stratumwise_add_one,float64 evaluation; not a rational certificate,A_only_histogram,0.46332102808767983,0.10649710356142061,0.114129157334372,0.23255425465151836,0.0,0.04394840071310855,1.0000000000000002,0.0,0,0.0,deliberately_uncorrected_histogram,,,
rho0.90_N16000_r008,0.9,shallow,16000,8,11286,6467,2405,2414,4714,5595,5691,True,-754.9203975054199,757.916129778974,stratumwise_add_one,float64 evaluation; not a rational certificate,D_completion,0.07558631866512383,0.004121272102808367,0.022196569368098284,0.0339209346251638,0.1425369565965509,0.24532588993020876,0.8252752626528417,0.006413646000055451,41,7.426016777703286e-08,score_tolerance_reached_not_global_certificate,True,7.993605777301127e-14,2.7755575615628914e-17
rho0.90_N16000_r008,0.9,shallow,16000,8,11286,6467,2405,2414,4714,5595,5691,True,-754.9203975054199,757.916129778974,stratumwise_add_one,float64 evaluation; not a rational certificate,no_D_ablation,0.10554413229495446,0.014371315854895001,0.07105620277750417,0.053183199376137566,0.0,0.24532588993020876,0.9035245181673331,0.00423060399998576,39,7.883851105283668e-08,score_tolerance_reached_not_global_certificate,,2.1449508835758024e-13,0.1425369565965509
rho0.90_N16000_r008,0.9,shallow,16000,8,11286,6467,2405,2414,4714,5595,5691,True,-754.9203975054199,757.916129778974,stratumwise_add_one,float64 evaluation; not a rational certificate,A_only_histogram,0.4526481025219254,0.12802860201422137,0.18250768030800235,0.2807436932718647,0.0,0.24532588993020876,1.0,0.0,0,0.0,deliberately_uncorrected_histogram,,,
rho0.90_N16000_r008,0.9,deep,16000,8,12374,8013,2178,2183,3626,6141,6233,True,-877.2113144874975,880.2070467610515,stratumwise_add_one,float64 evaluation; not a rational certificate,D_completion,0.09449507935254735,0.0038861623616312617,0.0026893935265053775,0.03719459633206491,0.033279071736023486,0.04394840071310855,0.9532391107577494,0.007993520000013632,47,8.710199903385896e-08,score_tolerance_reached_not_global_certificate,True,2.8229729664985825e-10,0.0
rho0.90_N16000_r008,0.9,deep,16000,8,12374,8013,2178,2183,3626,6141,6233,True,-877.2113144874975,880.2070467610515,stratumwise_add_one,float64 evaluation; not a rational certificate,no_D_ablation,0.318373112885208,0.04128758529280938,0.04935434938726001,0.09100687921482664,0.0,0.04394840071310855,0.9806449940006406,0.0071719310000162295,46,9.590692773286946e-08,score_tolerance_reached_not_global_certificate,,3.749534016606049e-11,0.033279071736023486
rho0.90_N16000_r008,0.9,deep,16000,8,12374,8013,2178,2183,3626,6141,6233,True,-877.2113144874975,880.2070467610515,stratumwise_add_one,float64 evaluation; not a rational certificate,A_only_histogram,0.47024916523841065,0.10717958332010345,0.11478762593758841,0.23911131146421383,0.0,0.04394840071310855,0.9999999999999999,0.0,0,0.0,deliberately_uncorrected_histogram,,,
rho0.90_N16000_r009,0.9,shallow,16000,9,11399,6587,2337,2475,4601,5726,5673,True,-722.8541780389891,725.8499103125431,stratumwise_add_one,float64 evaluation; not a rational certificate,D_completion,0.07208828154630098,0.002733020637072724,0.02236621993852188,0.03288886124891228,0.1425369565965509,0.24532588993020876,0.8303168110341551,0.0057570099999111335,40,7.141742877053419e-08,score_tolerance_reached_not_global_certificate,True,1.2745360322696797e-13,2.7755575615628914e-17
rho0.90_N16000_r009,0.9,shallow,16000,9,11399,6587,2337,2475,4601,5726,5673,True,-722.8541780389891,725.8499103125431,stratumwise_add_one,float64 evaluation; not a rational certificate,no_D_ablation,0.10735238042603812,0.013740485888737174,0.07067464136362188,0.05247858181940828,0.0,0.24532588993020876,0.9053048963369658,0.004276112000070498,37,7.862496631538818e-08,score_tolerance_reached_not_global_certificate,,5.848654893725325e-13,0.1425369565965509
rho0.90_N16000_r009,0.9,shallow,16000,9,11399,6587,2337,2475,4601,5726,5673,True,-722.8541780389891,725.8499103125431,stratumwise_add_one,float64 evaluation; not a rational certificate,A_only_histogram,0.4460046498106362,0.12749606733182703,0.18184590680077184,0.27874679819819626,0.0,0.24532588993020876,1.0,0.0,0,0.0,deliberately_uncorrected_histogram,,,
rho0.90_N16000_r009,0.9,deep,16000,9,12498,8127,2127,2244,3502,6283,6215,True,-846.7638453060017,849.7595775795558,stratumwise_add_one,float64 evaluation; not a rational certificate,D_completion,0.09634258146303705,0.0021211708230254676,0.0015238225208337101,0.03784092200024712,0.033279071736023486,0.04394840071310855,0.951570568562924,0.012537006000002293,84,9.660810693995414e-08,score_tolerance_reached_not_global_certificate,True,1.459898868461096e-11,0.0
rho0.90_N16000_r009,0.9,deep,16000,9,12498,8127,2127,2244,3502,6283,6215,True,-846.7638453060017,849.7595775795558,stratumwise_add_one,float64 evaluation; not a rational certificate,no_D_ablation,0.321947819937296,0.040904459413996404,0.04898615276550755,0.09103146071814766,0.0,0.04394840071310855,0.9795831855943882,0.011814297999990231,83,9.122642463665898e-08,score_tolerance_reached_not_global_certificate,,1.7434054200293758e-11,0.033279071736023486
rho0.90_N16000_r009,0.9,deep,16000,9,12498,8127,2127,2244,3502,6283,6215,True,-846.7638453060017,849.7595775795558,stratumwise_add_one,float64 evaluation; not a rational certificate,A_only_histogram,0.47017661565746194,0.10792555681764854,0.11551753083927374,0.239200425455066,0.0,0.04394840071310855,1.0,0.0,0,0.0,deliberately_uncorrected_histogram,,,
rho0.90_N16000_r010,0.9,shallow,16000,10,11382,6563,2415,2404,4618,5718,5664,True,-725.2907129523866,728.2864452259406,stratumwise_add_one,float64 evaluation; not a rational certificate,D_completion,0.07604579400637787,0.001588500313140568,0.023649911354867593,0.03626191802200253,0.1425369565965509,0.24532588993020876,0.8287685045340161,0.0068277450000096,41,7.527339536580032e-08,score_tolerance_reached_not_global_certificate,True,5.773159728050814e-15,2.7755575615628914e-17
rho0.90_N16000_r010,0.9,shallow,16000,10,11382,6563,2415,2404,4618,5718,5664,True,-725.2907129523866,728.2864452259406,stratumwise_add_one,float64 evaluation; not a rational certificate,no_D_ablation,0.1136512139009734,0.015473271752907865,0.07260175801044706,0.053705735936020835,0.0,0.24532588993020876,0.9070588743143683,0.0048286539999935485,43,9.678958234893287e-08,score_tolerance_reached_not_global_certificate,,2.220446049250313e-15,0.1425369565965509
rho0.90_N16000_r010,0.9,shallow,16000,10,11382,6563,2415,2404,4618,5718,5664,True,-725.2907129523866,728.2864452259406,stratumwise_add_one,float64 evaluation; not a rational certificate,A_only_histogram,0.46345151926396594,0.13174278303918124,0.18605858618436066,0.28650313143745226,0.0,0.24532588993020876,1.0,0.0,0,0.0,deliberately_uncorrected_histogram,,,
rho0.90_N16000_r010,0.9,deep,16000,10,12452,8044,2200,2208,3548,6234,6218,True,-853.6054999655128,856.6012322390668,stratumwise_add_one,float64 evaluation; not a rational certificate,D_completion,0.09883751042202928,0.0015383077782362355,0.0015509550174612058,0.04026666222246046,0.033279071736023486,0.04394840071310855,0.9492981340142207,0.006340098000009675,48,8.000698444562004e-08,score_tolerance_reached_not_global_certificate,True,2.5928414970621816e-10,0.0
rho0.90_N16000_r010,0.9,deep,16000,10,12452,8044,2200,2208,3548,6234,6218,True,-853.6054999655128,856.6012322390668,stratumwise_add_one,float64 evaluation; not a rational certificate,no_D_ablation,0.3288101597953307,0.043137909576207466,0.05122996997768265,0.09085460686100624,0.0,0.04394840071310855,0.9793773631798504,0.004901270999994267,47,8.737698942162808e-08,score_tolerance_reached_not_global_certificate,,2.8143709585037868e-11,0.033279071736023486
rho0.90_N16000_r010,0.9,deep,16000,10,12452,8044,2200,2208,3548,6234,6218,True,-853.6054999655128,856.6012322390668,stratumwise_add_one,float64 evaluation; not a rational certificate,A_only_histogram,0.49285201349693,0.11324711877678924,0.1208458986075502,0.24858860561182478,0.0,0.04394840071310855,1.0,0.0,0,0.0,deliberately_uncorrected_histogram,,,
rho0.90_N16000_r011,0.9,shallow,16000,11,11467,6708,2387,2372,4533,5759,5708,True,-729.9709726928966,732.9667049664506,stratumwise_add_one,float64 evaluation; not a rational certificate,D_completion,0.0871563081093516,0.002290808606396273,0.02502351427963556,0.040481408417905096,0.1425369565965509,0.24532588993020876,0.8415749642951822,0.007415029000071627,40,7.221237647734073e-08,score_tolerance_reached_not_global_certificate,True,7.105427357601002e-15,0.0
rho0.90_N16000_r011,0.9,shallow,16000,11,11467,6708,2387,2372,4533,5759,5708,True,-729.9709726928966,732.9667049664506,stratumwise_add_one,float64 evaluation; not a rational certificate,no_D_ablation,0.11982111700223301,0.015897099352492734,0.07292146445612042,0.06107786953304508,0.0,0.24532588993020876,0.9125349600112903,0.004420282999944902,39,9.847912796345781e-08,score_tolerance_reached_not_global_certificate,,2.220446049250313e-15,0.1425369565965509
rho0.90_N16000_r011,0.9,shallow,16000,11,11467,6708,2387,2372,4533,5759,5708,True,-729.9709726928966,732.9667049664506,stratumwise_add_one,float64 evaluation; not a rational certificate,A_only_histogram,0.4476617468079048,0.12637760591837374,0.18076503690738166,0.27868245419203574,0.0,0.24532588993020876,1.0,0.0,0,0.0,deliberately_uncorrected_histogram,,,
rho0.90_N16000_r011,0.9,deep,16000,11,12571,8218,2164,2189,3429,6324,6247,True,-855.0745299547924,858.0702622283465,stratumwise_add_one,float64 evaluation; not a rational certificate,D_completion,0.10002581109033286,0.0015708853397735508,0.0024972936962979787,0.04188835388703556,0.033279071736023486,0.04394840071310855,0.9539861216460237,0.009187587000042186,55,9.59600315324866e-08,score_tolerance_reached_not_global_certificate,True,2.930322651195638e-11,0.0
rho0.90_N16000_r011,0.9,deep,16000,11,12571,8218,2164,2189,3429,6324,6247,True,-855.0745299547924,858.0702622283465,stratumwise_add_one,float64 evaluation; not a rational certificate,no_D_ablation,0.33575850384758876,0.04297415034084952,0.051059472306914655,0.09804497471450521,0.0,0.04394840071310855,0.9811024468280659,0.00602516399999331,55,7.575349680877252e-08,score_tolerance_reached_not_global_certificate,,2.1723067789025663e-11,0.033279071736023486
rho0.90_N16000_r011,0.9,deep,16000,11,12571,8218,2164,2189,3429,6324,6247,True,-855.0745299547924,858.0702622283465,stratumwise_add_one,float64 evaluation; not a rational certificate,A_only_histogram,0.4814033115798327,0.10900301473221338,0.11661184049649259,0.24277607014987065,0.0,0.04394840071310855,1.0,0.0,0,0.0,deliberately_uncorrected_histogram,,,
rho0.90_N16000_r012,0.9,shallow,16000,12,11335,6595,2360,2380,4665,5712,5623,True,-697.0518282153228,700.0475604888768,stratumwise_add_one,float64 evaluation; not a rational certificate,D_completion,0.08375560766450334,0.003339035432548738,0.025881721920574266,0.03707103273232113,0.14253695659655094,0.24532588993020876,0.8352018646196321,0.005807845000049383,41,7.541229111412775e-08,score_tolerance_reached_not_global_certificate,True,6.217248937900877e-15,2.7755575615628914e-17
rho0.90_N16000_r012,0.9,shallow,16000,12,11335,6595,2360,2380,4665,5712,5623,True,-697.0518282153228,700.0475604888768,stratumwise_add_one,float64 evaluation; not a rational certificate,no_D_ablation,0.1177671358880604,0.017699645268092146,0.0747669594975003,0.058791574856739914,0.0,0.24532588993020876,0.9094359742731551,0.004610782999975527,39,9.356041852370822e-08,score_tolerance_reached_not_global_certificate,,3.552713678800501e-15,0.1425369565965509
rho0.90_N16000_r012,0.9,shallow,16000,12,11335,6595,2360,2380,4665,5712,5623,True,-697.0518282153228,700.0475604888768,stratumwise_add_one,float64 evaluation; not a rational certificate,A_only_histogram,0.44198109075168845,0.13016114294798375,0.18440876705400525,0.27533271667973747,0.0,0.24532588993020876,1.0,0.0,0,0.0,deliberately_uncorrected_histogram,,,
rho0.90_N16000_r012,0.9,deep,16000,12,12443,8093,2169,2181,3557,6260,6183,True,-832.9270461257656,835.9227783993197,stratumwise_add_one,float64 evaluation; not a rational certificate,D_completion,0.09403315595107042,0.0021001304135479988,0.0024745586771794297,0.04007568632116172,0.033279071736023486,0.04394840071310855,0.9471214679530058,0.011518407000039588,83,9.696930808870184e-08,score_tolerance_reached_not_global_certificate,True,1.460431775512916e-11,0.0
rho0.90_N16000_r012,0.9,deep,16000,12,12443,8093,2169,2181,3557,6260,6183,True,-832.9270461257656,835.9227783993197,stratumwise_add_one,float64 evaluation; not a rational certificate,no_D_ablation,0.3301812960487521,0.04434699533213155,0.05243389321074082,0.09489858756926656,0.0,0.04394840071310855,0.9782458805254315,0.009003387000007024,82,9.085621877069627e-08,score_tolerance_reached_not_global_certificate,,1.7480239478118165e-11,0.033279071736023486
rho0.90_N16000_r012,0.9,deep,16000,12,12443,8093,2169,2181,3557,6260,6183,True,-832.9270461257656,835.9227783993197,stratumwise_add_one,float64 evaluation; not a rational certificate,A_only_histogram,0.47351034580224083,0.11160265066096875,0.11918723080026246,0.23893256550693148,0.0,0.04394840071310855,1.0,0.0,0,0.0,deliberately_uncorrected_histogram,,,
rho0.90_N16000_r013,0.9,shallow,16000,13,11491,6563,2438,2490,4509,5744,5747,True,-753.9545468177885,756.9502790913425,stratumwise_add_one,float64 evaluation; not a rational certificate,D_completion,0.0770519260941806,0.005322687406799352,0.020589397601426553,0.03857534120790117,0.1425369565965509,0.24532588993020876,0.8281476195058773,0.005418372000008276,39,7.388376747202286e-08,score_tolerance_reached_not_global_certificate,True,1.7763568394002505e-14,2.7755575615628914e-17
rho0.90_N16000_r013,0.9,shallow,16000,13,11491,6563,2438,2490,4509,5744,5747,True,-753.9545468177885,756.9502790913425,stratumwise_add_one,float64 evaluation; not a rational certificate,no_D_ablation,0.1116052687370608,0.012518311555887448,0.06888356806300446,0.05584058071970398,0.0,0.24532588993020876,0.9057868613465744,0.004109786999947573,39,8.650418314992692e-08,score_tolerance_reached_not_global_certificate,,8.881784197001252e-15,0.1425369565965509
rho0.90_N16000_r013,0.9,shallow,16000,13,11491,6563,2438,2490,4509,5744,5747,True,-753.9545468177885,756.9502790913425,stratumwise_add_one,float64 evaluation; not a rational certificate,A_only_histogram,0.4372351372766097,0.1259317776236892,0.18042503123891482,0.27323586514574844,0.0,0.24532588993020876,1.0,0.0,0,0.0,deliberately_uncorrected_histogram,,,
rho0.90_N16000_r013,0.9,deep,16000,13,12547,8058,2207,2282,3453,6273,6274,True,-878.7705558113062,881.7662880848602,stratumwise_add_one,float64 evaluation; not a rational certificate,D_completion,0.09353685550364575,0.004034526214593069,0.002697412596051159,0.040831892322218656,0.033279071736023486,0.04394840071310855,0.9511639573536159,0.008155388999966817,47,8.144820902920114e-08,score_tolerance_reached_not_global_certificate,True,2.3241408797503027e-10,0.0
rho0.90_N16000_r013,0.9,deep,16000,13,12547,8058,2207,2282,3453,6273,6274,True,-878.7705558113062,881.7662880848602,stratumwise_add_one,float64 evaluation; not a rational certificate,no_D_ablation,0.33290713686875906,0.04025240719198971,0.04830725176050042,0.09380654152891327,0.0,0.04394840071310855,0.9800426451874722,0.007630116000086673,46,9.013048418715641e-08,score_tolerance_reached_not_global_certificate,,8.434275500235344e-11,0.033279071736023486
rho0.90_N16000_r013,0.9,deep,16000,13,12547,8058,2207,2282,3453,6273,6274,True,-878.7705558113062,881.7662880848602,stratumwise_add_one,float64 evaluation; not a rational certificate,A_only_histogram,0.4699166934484173,0.1080384933220819,0.1156617384578534,0.2366516193074888,0.0,0.04394840071310855,1.0000000000000002,0.0,0,0.0,deliberately_uncorrected_histogram,,,
rho0.90_N16000_r014,0.9,shallow,16000,14,11304,6552,2353,2399,4696,5656,5648,True,-728.3821385408761,731.3778708144301,stratumwise_add_one,float64 evaluation; not a rational certificate,D_completion,0.06129067627350977,0.0020643289145986024,0.024194663558763138,0.03017227922128588,0.1425369565965509,0.24532588993020876,0.8324192856764572,0.00768227300000035,52,8.8854260377816e-08,score_tolerance_reached_not_global_certificate,True,8.483436175765746e-12,2.7755575615628914e-17
rho0.90_N16000_r014,0.9,shallow,16000,14,11304,6552,2353,2399,4696,5656,5648,True,-728.3821385408761,731.3778708144301,stratumwise_add_one,float64 evaluation; not a rational certificate,no_D_ablation,0.10377445809532765,0.015794849935042193,0.07290514781866546,0.050499349019238846,0.0,0.24532588993020876,0.9080182307313663,0.005283594000047742,51,9.590170235718176e-08,score_tolerance_reached_not_global_certificate,,1.1311396264090945e-11,0.1425369565965509
rho0.90_N16000_r014,0.9,shallow,16000,14,11304,6552,2353,2399,4696,5656,5648,True,-728.3821385408761,731.3778708144301,stratumwise_add_one,float64 evaluation; not a rational certificate,A_only_histogram,0.4518320065464889,0.1306178294646309,0.1848373063815931,0.28097690886930743,0.0,0.24532588993020876,1.0,0.0,0,0.0,deliberately_uncorrected_histogram,,,
rho0.90_N16000_r014,0.9,deep,16000,14,12352,8028,2150,2174,3648,6186,6166,True,-850.9788967272123,853.9746290007663,stratumwise_add_one,float64 evaluation; not a rational certificate,D_completion,0.09052566894189398,0.0016598463799129455,0.0027724202453570097,0.03462678164098643,0.033279071736023486,0.04394840071310855,0.9525803141819074,0.007705767000061314,52,9.122119556214534e-08,score_tolerance_reached_not_global_certificate,True,4.417177734694633e-11,0.0
rho0.90_N16000_r014,0.9,deep,16000,14,12352,8028,2150,2174,3648,6186,6166,True,-850.9788967272123,853.9746290007663,stratumwise_add_one,float64 evaluation; not a rational certificate,no_D_ablation,0.32941215355715014,0.04368808121689249,0.051779017865031085,0.08971069547674378,0.0,0.04394840071310855,0.9806331829746535,0.005714758000067377,51,9.590170235718176e-08,score_tolerance_reached_not_global_certificate,,1.623234879843949e-11,0.033279071736023486
rho0.90_N16000_r014,0.9,deep,16000,14,12352,8028,2150,2174,3648,6186,6166,True,-850.9788967272123,853.9746290007663,stratumwise_add_one,float64 evaluation; not a rational certificate,A_only_histogram,0.48370650635231377,0.11240345303858346,0.11998590409618526,0.2439101284360943,0.0,0.04394840071310855,1.0,0.0,0,0.0,deliberately_uncorrected_histogram,,,
rho0.90_N16000_r015,0.9,shallow,16000,15,11376,6525,2425,2426,4624,5701,5675,True,-746.2373685709149,749.2331008444689,stratumwise_add_one,float64 evaluation; not a rational certificate,D_completion,0.06938272493166156,0.004673196091917483,0.020994080289509175,0.034180810372930796,0.1425369565965509,0.24532588993020876,0.8275802302676377,0.006313528999953633,38,8.91876176037853e-08,score_tolerance_reached_not_global_certificate,True,5.773159728050814e-15,0.0
rho0.90_N16000_r015,0.9,shallow,16000,15,11376,6525,2425,2426,4624,5701,5675,True,-746.2373685709149,749.2331008444689,stratumwise_add_one,float64 evaluation; not a rational certificate,no_D_ablation,0.10821000903850383,0.012920507451853407,0.06948740530013021,0.053730923135759175,0.0,0.24532588993020876,0.9052137735104675,0.0042774429999781205,40,7.638736376769373e-08,score_tolerance_reached_not_global_certificate,,1.3322676295501878e-15,0.1425369565965509
rho0.90_N16000_r015,0.9,shallow,16000,15,11376,6525,2425,2426,4624,5701,5675,True,-746.2373685709149,749.2331008444689,stratumwise_add_one,float64 evaluation; not a rational certificate,A_only_histogram,0.4256670009909732,0.1256831569682593,0.18020287378847352,0.2668770475005198,0.0,0.24532588993020876,1.0,0.0,0,0.0,deliberately_uncorrected_histogram,,,
rho0.90_N16000_r015,0.9,deep,16000,15,12427,8012,2223,2192,3573,6236,6191,True,-865.7260142350996,868.7217465086536,stratumwise_add_one,float64 evaluation; not a rational certificate,D_completion,0.08924268555061814,0.0032511552307403907,0.002220107182155251,0.03692730718671754,0.033279071736023486,0.04394840071310855,0.9506362334358216,0.007989154000028975,48,7.817181685653222e-08,score_tolerance_reached_not_global_certificate,True,1.2824452610971093e-10,0.0
rho0.90_N16000_r015,0.9,deep,16000,15,12427,8012,2223,2192,3573,6236,6191,True,-865.7260142350996,868.7217465086536,stratumwise_add_one,float64 evaluation; not a rational certificate,no_D_ablation,0.3304433546833894,0.04068506895601629,0.04874907090626078,0.0925490282009378,0.0,0.04394840071310855,0.9795366397894033,0.0069382079999513735,47,8.577960786126937e-08,score_tolerance_reached_not_global_certificate,,5.313793849381909e-11,0.033279071736023486
rho0.90_N16000_r015,0.9,deep,16000,15,12427,8012,2223,2192,3573,6236,6191,True,-865.7260142350996,868.7217465086536,stratumwise_add_one,float64 evaluation; not a rational certificate,A_only_histogram,0.46183256739768275,0.10781650733537701,0.11544401168363465,0.23043150615391933,0.0,0.04394840071310855,1.0,0.0,0,0.0,deliberately_uncorrected_histogram,,,
rho0.90_N16000_r016,0.9,shallow,16000,16,11374,6528,2414,2432,4626,5665,5709,True,-739.3167480341594,742.3124803077135,stratumwise_add_one,float64 evaluation; not a rational certificate,D_completion,0.06589892217921409,0.0017779353366244534,0.023956520491415965,0.0317651286312991,0.1425369565965509,0.24532588993020876,0.8250209229584743,0.008460162000005766,42,7.390235759397628e-08,score_tolerance_reached_not_global_certificate,True,3.859135233597044e-13,2.7755575615628914e-17
rho0.90_N16000_r016,0.9,shallow,16000,16,11374,6528,2414,2432,4626,5665,5709,True,-739.3167480341594,742.3124803077135,stratumwise_add_one,float64 evaluation; not a rational certificate,no_D_ablation,0.10157928742853306,0.016137290857499046,0.07330694523147281,0.05065101026497435,0.0,0.24532588993020876,0.9040111411827954,0.005008229000054598,43,8.011649854644531e-08,score_tolerance_reached_not_global_certificate,,2.4069635173873394e-13,0.1425369565965509
rho0.90_N16000_r016,0.9,shallow,16000,16,11374,6528,2414,2432,4626,5665,5709,True,-739.3167480341594,742.3124803077135,stratumwise_add_one,float64 evaluation; not a rational certificate,A_only_histogram,0.45755016910369417,0.13362454251802255,0.18777992918883107,0.2833518059130655,0.0,0.24532588993020876,1.0,0.0,0,0.0,deliberately_uncorrected_histogram,,,
rho0.90_N16000_r016,0.9,deep,16000,16,12443,8028,2212,2203,3557,6179,6264,True,-891.5548302240579,894.550562497612,stratumwise_add_one,float64 evaluation; not a rational certificate,D_completion,0.09336758383125085,0.0015613358190249313,0.0018674059730073686,0.03655592443565678,0.033279071736023486,0.04394840071310855,0.948036826621896,0.009240336000061689,42,7.90268987959713e-08,score_tolerance_reached_not_global_certificate,True,1.8130892343037885e-09,0.0
rho0.90_N16000_r016,0.9,deep,16000,16,12443,8028,2212,2203,3557,6179,6264,True,-891.5548302240579,894.550562497612,stratumwise_add_one,float64 evaluation; not a rational certificate,no_D_ablation,0.3221161191623631,0.04378207465269468,0.05187640004570502,0.0888501764033357,0.0,0.04394840071310855,0.9787606710718736,0.006620090000069467,43,8.011649854644531e-08,score_tolerance_reached_not_global_certificate,,2.3532287229954818e-11,0.033279071736023486
rho0.90_N16000_r016,0.9,deep,16000,16,12443,8028,2212,2203,3557,6179,6264,True,-891.5548302240579,894.550562497612,stratumwise_add_one,float64 evaluation; not a rational certificate,A_only_histogram,0.4836990427734179,0.11380190725903662,0.12136936013003966,0.24429240945083008,0.0,0.04394840071310855,1.0,0.0,0,0.0,deliberately_uncorrected_histogram,,,
rho0.90_N16000_r017,0.9,shallow,16000,17,11333,6583,2345,2405,4667,5721,5612,True,-707.5106151462428,710.5063474197968,stratumwise_add_one,float64 evaluation; not a rational certificate,D_completion,0.08955945029928272,0.0017213633220286811,0.02366504619756912,0.039669119529088026,0.1425369565965509,0.24532588993020876,0.8229676130513446,0.0079179289999729,38,7.761638699187599e-08,score_tolerance_reached_not_global_certificate,True,1.4210854715202004e-14,2.7755575615628914e-17
rho0.90_N16000_r017,0.9,shallow,16000,17,11333,6583,2345,2405,4667,5721,5612,True,-707.5106151462428,710.5063474197968,stratumwise_add_one,float64 evaluation; not a rational certificate,no_D_ablation,0.11124951349174154,0.015964530721019405,0.07309673129081182,0.05622175769624402,0.0,0.24532588993020876,0.9013918054058311,0.004117628000017248,39,9.811777079704598e-08,score_tolerance_reached_not_global_certificate,,2.6645352591003757e-15,0.1425369565965509
rho0.90_N16000_r017,0.9,shallow,16000,17,11333,6583,2345,2405,4667,5721,5612,True,-707.5106151462428,710.5063474197968,stratumwise_add_one,float64 evaluation; not a rational certificate,A_only_histogram,0.4522478971181128,0.1305012918759165,0.18486009140483123,0.2810253135487874,0.0,0.24532588993020876,1.0,0.0,0,0.0,deliberately_uncorrected_histogram,,,
rho0.90_N16000_r017,0.9,deep,16000,17,12426,8132,2156,2138,3574,6247,6179,True,-842.4800395285627,845.4757718021167,stratumwise_add_one,float64 evaluation; not a rational certificate,D_completion,0.10884245199260575,0.001691669649276415,0.0015679461800870906,0.04221243002541107,0.033279071736023486,0.04394840071310855,0.9487329055688601,0.009934775999909107,41,9.428459895955463e-08,score_tolerance_reached_not_global_certificate,True,1.724357545640487e-09,0.0
rho0.90_N16000_r017,0.9,deep,16000,17,12426,8132,2156,2138,3574,6247,6179,True,-842.4800395285627,845.4757718021167,stratumwise_add_one,float64 evaluation; not a rational certificate,no_D_ablation,0.31939395778332286,0.043084503256021485,0.051176428091764654,0.09329121338633967,0.0,0.04394840071310855,0.9784741076570587,0.004724682000073699,41,7.38344609896302e-08,score_tolerance_reached_not_global_certificate,,9.067413486718578e-12,0.033279071736023486
rho0.90_N16000_r017,0.9,deep,16000,17,12426,8132,2156,2138,3574,6247,6179,True,-842.4800395285627,845.4757718021167,stratumwise_add_one,float64 evaluation; not a rational certificate,A_only_histogram,0.4738681501415953,0.11001951179068246,0.11761292020340376,0.24034713071273558,0.0,0.04394840071310855,1.0,0.0,0,0.0,deliberately_uncorrected_histogram,,,
rho0.90_N16000_r018,0.9,shallow,16000,18,11408,6677,2319,2412,4592,5749,5659,True,-697.2640833054174,700.2598155789715,stratumwise_add_one,float64 evaluation; not a rational certificate,D_completion,0.07897567554215522,0.002395956347872307,0.025709134268882716,0.03331616870940899,0.14253695659655094,0.24532588993020876,0.8331051559561382,0.005573950999973931,37,9.150610006860749e-08,score_tolerance_reached_not_global_certificate,True,1.8207657603852567e-14,2.7755575615628914e-17
rho0.90_N16000_r018,0.9,shallow,16000,18,11408,6677,2319,2412,4592,5749,5659,True,-697.2640833054174,700.2598155789715,stratumwise_add_one,float64 evaluation; not a rational certificate,no_D_ablation,0.11298370653866596,0.017436646945035383,0.07464962831569148,0.05387875900987333,0.0,0.24532588993020876,0.9080361168713331,0.005046685000024809,41,7.172186555770566e-08,score_tolerance_reached_not_global_certificate,,1.3322676295501878e-15,0.1425369565965509
rho0.90_N16000_r018,0.9,shallow,16000,18,11408,6677,2319,2412,4592,5749,5659,True,-697.2640833054174,700.2598155789715,stratumwise_add_one,float64 evaluation; not a rational certificate,A_only_histogram,0.445123543881791,0.13065260358572017,0.1849271176707868,0.27705630987810415,0.0,0.24532588993020876,0.9999999999999999,0.0,0,0.0,deliberately_uncorrected_histogram,,,
rho0.90_N16000_r018,0.9,deep,16000,18,12512,8201,2087,2224,3488,6333,6179,True,-803.9205062898576,806.9162385634116,stratumwise_add_one,float64 evaluation; not a rational certificate,D_completion,0.10472575069390136,0.0012402757200713677,0.00275091018684829,0.03918666641758582,0.033279071736023486,0.04394840071310855,0.9508050822035424,0.013906700000006822,75,8.174993097810048e-08,score_tolerance_reached_not_global_certificate,True,1.2361667245386343e-11,0.0
rho0.90_N16000_r018,0.9,deep,16000,18,12512,8201,2087,2224,3488,6333,6179,True,-803.9205062898576,806.9162385634116,stratumwise_add_one,float64 evaluation; not a rational certificate,no_D_ablation,0.3284050024639419,0.04442144835106679,0.05251809341268014,0.09181254808398666,0.0,0.04394840071310855,0.9796028738878887,0.009029295000004822,73,9.634610953490608e-08,score_tolerance_reached_not_global_certificate,,1.851496733706881e-11,0.033279071736023486
rho0.90_N16000_r018,0.9,deep,16000,18,12512,8201,2087,2224,3488,6333,6179,True,-803.9205062898576,806.9162385634116,stratumwise_add_one,float64 evaluation; not a rational certificate,A_only_histogram,0.47527566816572,0.11175206184363394,0.1193400620641056,0.23989568218296736,0.0,0.04394840071310855,1.0000000000000002,0.0,0,0.0,deliberately_uncorrected_histogram,,,
rho0.90_N16000_r019,0.9,shallow,16000,19,11420,6645,2359,2416,4580,5700,5720,True,-697.2626312704106,700.2583635439646,stratumwise_add_one,float64 evaluation; not a rational certificate,D_completion,0.0741399624126531,0.002064766315955959,0.024451170025260895,0.03397944005790198,0.1425369565965509,0.24532588993020876,0.8357023542794572,0.00685000900000432,39,9.897062585919716e-08,score_tolerance_reached_not_global_certificate,True,1.021405182655144e-14,0.0
rho0.90_N16000_r019,0.9,shallow,16000,19,11420,6645,2359,2416,4580,5700,5720,True,-697.2626312704106,700.2583635439646,stratumwise_add_one,float64 evaluation; not a rational certificate,no_D_ablation,0.10958627814334862,0.016064400778483204,0.07308605291317577,0.05578377622500506,0.0,0.24532588993020876,0.9109050230363979,0.0042641539999976885,40,9.819771373820174e-08,score_tolerance_reached_not_global_certificate,,2.6645352591003757e-15,0.1425369565965509
rho0.90_N16000_r019,0.9,shallow,16000,19,11420,6645,2359,2416,4580,5700,5720,True,-697.2626312704106,700.2583635439646,stratumwise_add_one,float64 evaluation; not a rational certificate,A_only_histogram,0.4448388235901701,0.12852813735291221,0.18293081567007602,0.2772005511134288,0.0,0.24532588993020876,1.0,0.0,0,0.0,deliberately_uncorrected_histogram,,,
rho0.90_N16000_r019,0.9,deep,16000,19,12465,8104,2146,2215,3535,6206,6259,True,-818.4185852170624,821.4143174906164,stratumwise_add_one,float64 evaluation; not a rational certificate,D_completion,0.08910971869784759,0.0018045192903147227,0.003181147233446192,0.03592349602110079,0.033279071736023486,0.04394840071310855,0.953001091694572,0.016584569999963605,85,9.379099137702642e-08,score_tolerance_reached_not_global_certificate,True,7.09166059209565e-12,0.0
rho0.90_N16000_r019,0.9,deep,16000,19,12465,8104,2146,2215,3535,6206,6259,True,-818.4185852170624,821.4143174906164,stratumwise_add_one,float64 evaluation; not a rational certificate,no_D_ablation,0.3362449834412329,0.044117086742645556,0.05220268932409678,0.09456345971570507,0.0,0.04394840071310855,0.9809400065573372,0.013995091000083448,84,8.839417753314649e-08,score_tolerance_reached_not_global_certificate,,8.465228518161894e-12,0.033279071736023486
rho0.90_N16000_r019,0.9,deep,16000,19,12465,8104,2146,2215,3535,6206,6259,True,-818.4185852170624,821.4143174906164,stratumwise_add_one,float64 evaluation; not a rational certificate,A_only_histogram,0.48452748256784217,0.11204945974180439,0.11966866217950822,0.2424113199184832,0.0,0.04394840071310855,1.0,0.0,0,0.0,deliberately_uncorrected_histogram,,,
