design,resolution,depth,case,lambda,parent_n,observed_n,train_n,validation_n,region_D,parent_membership,membership_status,iterations,score,stopped,tail_feasible,invisible_initial,invisible_final,true_invisible,observed_law_TV,reference_RMSE,selected_oracle_RMSE,min_raw_ell_gain,Shat_0,Strue_0,Shat_1,Strue_1,Shat_2,Strue_2
coarse_d2,coarse,2,lambda0_N1600_r000,-3/4,1600,1137,556,581,463,True,included,35,6.820280970887301e-09,True,True,0.1111111111111111,0.11111111111111086,0.203125,0.04337273694325593,0.09170163912759519,0.22114058085964527,0.0,0.44599739955400375,0.5361328125,0.3428575800882623,0.435791015625,0.11111111111111086,0.203125
coarse_d2,coarse,2,lambda0_N1600_r001,-3/4,1600,1128,581,547,472,True,included,46,8.34724319924754e-09,True,True,0.1111111111111111,0.11111111111111115,0.203125,0.029263602002642226,0.08240287811847889,0.21610098555695842,-4.547473508864641e-13,0.46288711989265696,0.5361328125,0.35492559821656455,0.435791015625,0.11111111111111115,0.203125
coarse_d2,coarse,2,lambda0_N1600_r002,-3/4,1600,1125,579,546,475,True,included,35,9.760419440378124e-09,True,True,0.1111111111111111,0.11111111111111112,0.203125,0.030103761954012036,0.07644950863589114,0.20178082803468217,0.0,0.4782435816518293,0.5361328125,0.3601876868930057,0.435791015625,0.11111111111111112,0.203125
coarse_d2,coarse,2,lambda0_N1600_r003,-3/4,1600,1134,546,588,466,True,included,39,8.878700416464818e-09,True,True,0.1111111111111111,0.11111111111111138,0.203125,0.03229118100934307,0.07008806796271524,0.1920563129034695,-2.2737367544323206e-13,0.4910650550844504,0.5361328125,0.3706806991973016,0.435791015625,0.11111111111111138,0.203125
coarse_d2,coarse,2,lambda0_N1600_r004,-3/4,1600,1134,556,578,466,True,included,41,7.031276471111813e-09,True,True,0.1111111111111111,0.11111111111111115,0.203125,0.047891463327946915,0.0696692654201266,0.19982645628319975,-2.2737367544323206e-13,0.48619835276315754,0.5361328125,0.3757792366572589,0.435791015625,0.11111111111111115,0.203125
coarse_d2,coarse,2,lambda0_N1600_r005,-3/4,1600,1115,610,505,485,True,included,44,8.633625304861247e-09,True,True,0.1111111111111111,0.11111111111111173,0.203125,0.02505166950542473,0.06228770268875841,0.18905020632320635,0.0,0.502286973391984,0.5361328125,0.39076683161965564,0.435791015625,0.11111111111111173,0.203125
coarse_d2,coarse,2,lambda0_N1600_r006,-3/4,1600,1083,529,554,517,True,included,37,7.3686842941138365e-09,True,True,0.1111111111111111,0.11111111111111095,0.203125,0.04544271535236914,0.07650587681630436,0.2120270219550588,2.2737367544323206e-13,0.4667395647991234,0.5361328125,0.37038865337895743,0.435791015625,0.11111111111111095,0.203125
coarse_d2,coarse,2,lambda0_N1600_r007,-3/4,1600,1147,601,546,453,True,included,36,8.435789245869077e-09,True,True,0.1111111111111111,0.11111111111111122,0.203125,0.025626685753775035,0.07429300419680597,0.20250585441071206,2.2737367544323206e-13,0.47391951865421195,0.5361328125,0.3708194700210916,0.435791015625,0.11111111111111122,0.203125
coarse_d2,coarse,2,lambda0_N1600_r008,-3/4,1600,1091,550,541,509,True,included,49,8.329011594689272e-09,True,True,0.1111111111111111,0.11111111111111098,0.203125,0.024958550646399926,0.06209638092519015,0.1932952140227225,2.2737367544323206e-13,0.5012013768610193,0.5361328125,0.3924191280967647,0.435791015625,0.11111111111111098,0.203125
coarse_d2,coarse,2,lambda0_N1600_r009,-3/4,1600,1175,551,624,425,True,included,43,9.518169347157187e-09,True,True,0.1111111111111111,0.11111111111111105,0.203125,0.0269953904649109,0.07303921096329194,0.20738210044095942,0.0,0.4788764127338428,0.5361328125,0.37052748866099056,0.435791015625,0.11111111111111105,0.203125
coarse_d2,coarse,2,lambda0_N1600_r010,-3/4,1600,1110,579,531,490,True,included,40,7.114578738355294e-09,True,True,0.1111111111111111,0.11111111111111116,0.203125,0.04771714144641943,0.06820569527874071,0.1951179707273271,0.0,0.49206402942788036,0.5361328125,0.37623064947892115,0.435791015625,0.11111111111111116,0.203125
coarse_d2,coarse,2,lambda0_N1600_r011,-3/4,1600,1133,562,571,467,True,included,44,7.393135831886087e-09,True,True,0.1111111111111111,0.1111111111111113,0.203125,0.01807453523918057,0.07631142573538803,0.20192359615282046,0.0,0.47350444830779526,0.5361328125,0.36450684246254594,0.435791015625,0.1111111111111113,0.203125
coarse_d2,coarse,2,lambda0_N1600_r012,-3/4,1600,1135,555,580,465,True,included,40,8.38393100416457e-09,True,True,0.1111111111111111,0.11111111111111141,0.203125,0.022502030514495994,0.07636135619383645,0.20343313962413037,0.0,0.4721027939594007,0.5361328125,0.36560005369599047,0.435791015625,0.11111111111111141,0.203125
coarse_d2,coarse,2,lambda0_N1600_r013,-3/4,1600,1133,596,537,467,True,included,52,9.276657717565276e-09,True,True,0.1111111111111111,0.11111111111111109,0.203125,0.021284965727523163,0.06493746003976818,0.19907727614328297,0.0,0.49499839902517684,0.5361328125,0.3858708250316643,0.435791015625,0.11111111111111109,0.203125
coarse_d2,coarse,2,lambda0_N1600_r014,-3/4,1600,1152,565,587,448,True,included,41,7.221784947830656e-09,True,True,0.1111111111111111,0.11111111111111108,0.203125,0.019241188188087493,0.07018399549616663,0.19785285563009136,0.0,0.4825550935484688,0.5361328125,0.3771373545720721,0.435791015625,0.11111111111111108,0.203125
coarse_d2,coarse,2,lambda0_N1600_r015,-3/4,1600,1138,544,594,462,True,included,39,9.850831720733273e-09,True,True,0.1111111111111111,0.1111111111111111,0.203125,0.016802411277809706,0.07050726681519963,0.19991012327709676,-2.2737367544323206e-13,0.4854884853550167,0.5361328125,0.3734819440477058,0.435791015625,0.1111111111111111,0.203125
coarse_d2,coarse,2,lambda0_N1600_r016,-3/4,1600,1133,577,556,467,True,included,41,7.271618148454435e-09,True,True,0.1111111111111111,0.1111111111111111,0.203125,0.03017817058497098,0.08029276295904444,0.20724596453861963,0.0,0.46897596636590705,0.5361328125,0.35601516953323564,0.435791015625,0.1111111111111111,0.203125
coarse_d2,coarse,2,lambda0_N1600_r017,-3/4,1600,1155,547,608,445,True,included,42,7.71152624162166e-09,True,True,0.1111111111111111,0.11111111111111101,0.203125,0.03812912960737132,0.0716709062333847,0.19270600420639253,-2.2737367544323206e-13,0.488304177048904,0.5361328125,0.3675559639039584,0.435791015625,0.11111111111111101,0.203125
coarse_d2,coarse,2,lambda0_N1600_r018,-3/4,1600,1141,580,561,459,True,included,41,9.952211834074377e-09,True,True,0.1111111111111111,0.1111111111111111,0.203125,0.028625239004018734,0.08244722937421285,0.21003962575236362,0.0,0.4595650404122093,0.5361328125,0.35792281015249955,0.435791015625,0.1111111111111111,0.203125
coarse_d2,coarse,2,lambda0_N1600_r019,-3/4,1600,1121,557,564,479,True,included,42,9.390572246456576e-09,True,True,0.1111111111111111,0.11111111111111127,0.203125,0.01769002463730516,0.07095037556675696,0.1968012168114671,-2.2737367544323206e-13,0.4873930169997518,0.5361328125,0.3705243015562742,0.435791015625,0.11111111111111127,0.203125
coarse_d2,coarse,2,lambda0_N400_r000,-3/4,400,286,146,140,114,True,included,53,9.079285662067065e-09,True,True,0.1111111111111111,0.11111111111111108,0.203125,0.04926486233098725,0.06453254797044225,0.19497378282485606,0.0,0.48385946583425454,0.5361328125,0.39981476342193845,0.435791015625,0.11111111111111108,0.203125
coarse_d2,coarse,2,lambda0_N400_r001,-3/4,400,263,127,136,137,True,included,37,7.09777078682859e-09,True,True,0.1111111111111111,0.11111111111111127,0.203125,0.07163568087972766,0.09239076403450841,0.21358751322692143,0.0,0.43469479600715055,0.5361328125,0.3530146125974446,0.435791015625,0.11111111111111127,0.203125
coarse_d2,coarse,2,lambda0_N400_r002,-3/4,400,287,140,147,113,True,included,45,7.893176924301197e-09,True,True,0.1111111111111111,0.11111111111111131,0.203125,0.07359707510516064,0.0996772638856641,0.22021124919830265,0.0,0.4337331896301257,0.5361328125,0.3316064088212705,0.435791015625,0.11111111111111131,0.203125
coarse_d2,coarse,2,lambda0_N400_r003,-3/4,400,283,143,140,117,True,included,42,7.046420675061286e-09,True,True,0.1111111111111111,0.1111111111111109,0.203125,0.06259716419231387,0.09221658557483056,0.21160999785454598,-5.684341886080802e-14,0.4481468900757528,0.5361328125,0.33933575308356234,0.435791015625,0.1111111111111109,0.203125
coarse_d2,coarse,2,lambda0_N400_r004,-3/4,400,278,133,145,122,True,included,25,6.7924425860078795e-09,True,True,0.1111111111111111,0.11111111111111101,0.203125,0.049867398464885096,0.08066786075404679,0.20707215820872527,5.684341886080802e-14,0.46844884623632194,0.5361328125,0.35532837685231666,0.435791015625,0.11111111111111101,0.203125
coarse_d2,coarse,2,lambda0_N400_r005,-3/4,400,274,146,128,126,True,included,45,7.663047189499679e-09,True,True,0.1111111111111111,0.11111111111111079,0.203125,0.054674663054954845,0.05914565475393132,0.18100481959987486,0.0,0.5180921907843129,0.5361328125,0.3945283733384432,0.435791015625,0.11111111111111079,0.203125
coarse_d2,coarse,2,lambda0_N400_r006,-3/4,400,280,132,148,120,True,included,37,7.76405865313531e-09,True,True,0.1111111111111111,0.11111111111111131,0.203125,0.04398817161398144,0.08733186307434641,0.21566988596193853,0.0,0.4502923353875206,0.5361328125,0.35185401743734546,0.435791015625,0.11111111111111131,0.203125
coarse_d2,coarse,2,lambda0_N400_r007,-3/4,400,268,113,155,132,True,included,48,7.169606440876028e-09,True,True,0.1111111111111111,0.11111111111111091,0.203125,0.10306411738022611,0.05584042894909888,0.17100836538097644,-5.684341886080802e-14,0.5257893635501112,0.5361328125,0.40784610855730163,0.435791015625,0.11111111111111091,0.203125
coarse_d2,coarse,2,lambda0_N400_r008,-3/4,400,291,164,127,109,True,included,36,6.8870685405097505e-09,True,True,0.1111111111111111,0.11111111111111104,0.203125,0.046026573375208935,0.06331505669112608,0.1948996261325383,-5.684341886080802e-14,0.5073395797196604,0.5361328125,0.3835341193432469,0.435791015625,0.11111111111111104,0.203125
coarse_d2,coarse,2,lambda0_N400_r009,-3/4,400,282,137,145,118,True,included,36,7.246346022832684e-09,True,True,0.1111111111111111,0.11111111111111147,0.203125,0.06831297549244522,0.08220422416160127,0.2085104889332626,-5.684341886080802e-14,0.4607592271130764,0.5361328125,0.35752946511968625,0.435791015625,0.11111111111111147,0.203125
coarse_d2,coarse,2,lambda0_N400_r010,-3/4,400,275,131,144,125,True,included,34,7.2580300266880924e-09,True,True,0.1111111111111111,0.11111111111111127,0.203125,0.04089165305936732,0.06589683132492703,0.1923610994004038,-5.684341886080802e-14,0.5016479027433687,0.5361328125,0.3777271509015949,0.435791015625,0.11111111111111127,0.203125
coarse_d2,coarse,2,lambda0_N400_r011,-3/4,400,295,150,145,105,True,included,35,9.377662964051508e-09,True,True,0.1111111111111111,0.11111111111111079,0.203125,0.05282700126719779,0.057954193143261355,0.17393693000606897,0.0,0.5178846842502618,0.5361328125,0.4000626574821524,0.435791015625,0.11111111111111079,0.203125
coarse_d2,coarse,2,lambda0_N400_r012,-3/4,400,289,139,150,111,True,included,41,9.909112355722176e-09,True,True,0.1111111111111111,0.11111111111111131,0.203125,0.04029369436995133,0.08922123345637689,0.2109678481605839,5.684341886080802e-14,0.44969817719604804,0.5361328125,0.34666310995091837,0.435791015625,0.11111111111111131,0.203125
coarse_d2,coarse,2,lambda0_N400_r013,-3/4,400,283,143,140,117,True,included,47,7.578611057911412e-09,True,True,0.1111111111111111,0.11111111111111137,0.203125,0.05342379389279016,0.06007765904347852,0.1838631651802197,5.684341886080802e-14,0.5159835969220895,0.5361328125,0.3915707859606087,0.435791015625,0.11111111111111137,0.203125
coarse_d2,coarse,2,lambda0_N400_r014,-3/4,400,282,142,140,118,True,included,40,9.009397470771359e-09,True,True,0.1111111111111111,0.11111111111111106,0.203125,0.05817871848816024,0.08304103381664997,0.20622695820425838,-5.684341886080802e-14,0.4748095075701986,0.5361328125,0.3438109285623982,0.435791015625,0.11111111111111106,0.203125
coarse_d2,coarse,2,lambda0_N400_r015,-3/4,400,271,135,136,129,True,included,41,8.632232359012528e-09,True,True,0.1111111111111111,0.11111111111111102,0.203125,0.04448199889947707,0.08804605875181094,0.21485595146220968,0.0,0.4479094543065313,0.5361328125,0.3520867223910676,0.435791015625,0.11111111111111102,0.203125
coarse_d2,coarse,2,lambda0_N400_r016,-3/4,400,277,136,141,123,True,included,36,6.55513658275989e-09,True,True,0.1111111111111111,0.11111111111111115,0.203125,0.04776805635883366,0.07514087732457206,0.21178903610486546,-5.684341886080802e-14,0.47693878517793387,0.5361328125,0.3653072180807639,0.435791015625,0.11111111111111115,0.203125
coarse_d2,coarse,2,lambda0_N400_r017,-3/4,400,308,155,153,92,True,included,47,9.376598037696177e-09,True,True,0.1111111111111111,0.11111111111111129,0.203125,0.0698334802586193,0.06364269480040823,0.18889964015009458,0.0,0.5046420993994721,0.5361328125,0.3838973065232485,0.435791015625,0.11111111111111129,0.203125
coarse_d2,coarse,2,lambda0_N400_r018,-3/4,400,276,131,145,124,True,included,46,8.293195721136357e-09,True,True,0.1111111111111111,0.11111111111111102,0.203125,0.06295854785936435,0.0809968299255574,0.21187511669398942,-1.1368683772161603e-13,0.467483883609504,0.5361328125,0.35515462069256376,0.435791015625,0.11111111111111102,0.203125
coarse_d2,coarse,2,lambda0_N400_r019,-3/4,400,281,134,147,119,True,included,28,7.079517277667309e-09,True,True,0.1111111111111111,0.11111111111111116,0.203125,0.09402048261918493,0.0899482767910575,0.21999666864999204,5.684341886080802e-14,0.45017069685307753,0.5361328125,0.3440520576077518,0.435791015625,0.11111111111111116,0.203125
coarse_d2,coarse,2,lambda1_N1600_r000,0,1600,1030,520,510,570,True,included,41,8.378029430513406e-09,True,True,0.1111111111111111,0.11111111111111073,0.25,0.03167445272601647,0.1118102709048832,0.23478836765364255,2.2737367544323206e-13,0.4739644547500679,0.5625,0.36688762318708096,0.46875,0.11111111111111073,0.25
coarse_d2,coarse,2,lambda1_N1600_r001,0,1600,1080,554,526,520,True,included,42,8.36920603601525e-09,True,True,0.1111111111111111,0.1111111111111116,0.25,0.03561728442134614,0.11934902565775482,0.24719321308741304,0.0,0.4619505926346653,0.5625,0.35328458094279375,0.46875,0.1111111111111116,0.25
coarse_d2,coarse,2,lambda1_N1600_r002,0,1600,1070,534,536,530,True,included,45,9.486884197014032e-09,True,True,0.1111111111111111,0.11111111111111138,0.25,0.02474336003258954,0.10874267425395973,0.2349340334377452,0.0,0.4853307967135331,0.5625,0.36760802938912907,0.46875,0.11111111111111138,0.25
coarse_d2,coarse,2,lambda1_N1600_r003,0,1600,1054,560,494,546,True,included,42,9.909460573214521e-09,True,True,0.1111111111111111,0.11111111111111101,0.25,0.025845925987765132,0.10376276449861553,0.22455040663067552,-2.2737367544323206e-13,0.49319513434271606,0.5625,0.37815835563573696,0.46875,0.11111111111111101,0.25
coarse_d2,coarse,2,lambda1_N1600_r004,0,1600,1070,515,555,530,True,included,45,8.76485611566138e-09,True,True,0.1111111111111111,0.11111111111111097,0.25,0.028423556137093374,0.09875559813902814,0.2230999437310225,0.0,0.501125488089497,0.5625,0.3900032519887392,0.46875,0.11111111111111097,0.25
coarse_d2,coarse,2,lambda1_N1600_r005,0,1600,1057,533,524,543,True,included,39,7.098230561304286e-09,True,True,0.1111111111111111,0.11111111111111086,0.25,0.026838199284543972,0.11998090829712349,0.2466321408056184,0.0,0.4651024118344158,0.5625,0.3487090010448708,0.46875,0.11111111111111086,0.25
coarse_d2,coarse,2,lambda1_N1600_r006,0,1600,1055,557,498,545,True,included,44,7.996831089051295e-09,True,True,0.1111111111111111,0.11111111111111106,0.25,0.04026687059185325,0.10135533227162384,0.22983618154062294,0.0,0.48940861484776604,0.5625,0.39009737067706207,0.46875,0.11111111111111106,0.25
coarse_d2,coarse,2,lambda1_N1600_r007,0,1600,1067,551,516,533,True,included,38,9.843604677598066e-09,True,True,0.1111111111111111,0.1111111111111112,0.25,0.025765844171696795,0.11429872237554368,0.23611493664771507,0.0,0.4715592452093328,0.5625,0.3608970933569314,0.46875,0.1111111111111112,0.25
coarse_d2,coarse,2,lambda1_N1600_r008,0,1600,1066,514,552,534,True,included,44,7.940731906082754e-09,True,True,0.1111111111111111,0.11111111111111108,0.25,0.03182262117718448,0.10083583654194109,0.22371620316383098,0.0,0.49356746524805295,0.5625,0.38836480242469595,0.46875,0.11111111111111108,0.25
coarse_d2,coarse,2,lambda1_N1600_r009,0,1600,1075,541,534,525,True,included,38,7.867975846450061e-09,True,True,0.1111111111111111,0.1111111111111111,0.25,0.027355262158926072,0.1159572910630993,0.24112057755601918,-2.2737367544323206e-13,0.4638670619492647,0.5625,0.36235592062164984,0.46875,0.1111111111111111,0.25
coarse_d2,coarse,2,lambda1_N1600_r010,0,1600,1074,556,518,526,True,included,43,9.488061494764666e-09,True,True,0.1111111111111111,0.11111111111111105,0.25,0.02545545725398687,0.1104705235638556,0.2318722152376553,-2.2737367544323206e-13,0.48554908965569893,0.5625,0.3619808861617259,0.46875,0.11111111111111105,0.25
coarse_d2,coarse,2,lambda1_N1600_r011,0,1600,1050,509,541,550,True,included,38,8.62514980326523e-09,True,True,0.1111111111111111,0.11111111111111135,0.25,0.024461270682397923,0.10229078108537146,0.22650482803258534,0.0,0.49517230968566783,0.5625,0.3817610906763771,0.46875,0.11111111111111135,0.25
coarse_d2,coarse,2,lambda1_N1600_r012,0,1600,1079,523,556,521,True,included,35,8.907664441915731e-09,True,True,0.1111111111111111,0.11111111111111092,0.25,0.0459632823211588,0.12754812288634773,0.24976543206019722,0.0,0.44964552124504614,0.5625,0.33921500811112815,0.46875,0.11111111111111092,0.25
coarse_d2,coarse,2,lambda1_N1600_r013,0,1600,1105,561,544,495,True,included,42,6.914342314990478e-09,True,True,0.1111111111111111,0.11111111111111142,0.25,0.036470042626422255,0.10625062427303308,0.22412015927680617,0.0,0.49723685058281686,0.5625,0.3671715409322029,0.46875,0.11111111111111142,0.25
coarse_d2,coarse,2,lambda1_N1600_r014,0,1600,1069,536,533,531,True,included,43,8.210219456171168e-09,True,True,0.1111111111111111,0.11111111111111102,0.25,0.05084758190782275,0.10166889229265903,0.2287106449386454,2.2737367544323206e-13,0.49631244184877477,0.5625,0.3830833514765697,0.46875,0.11111111111111102,0.25
coarse_d2,coarse,2,lambda1_N1600_r015,0,1600,1046,531,515,554,True,included,35,6.653686512742315e-09,True,True,0.1111111111111111,0.11111111111111083,0.25,0.025858299272362495,0.10770021598972981,0.23274650577898567,-2.2737367544323206e-13,0.48211041293521345,0.5625,0.3736426900418992,0.46875,0.11111111111111083,0.25
coarse_d2,coarse,2,lambda1_N1600_r016,0,1600,1048,511,537,552,True,included,37,9.804680277169651e-09,True,True,0.1111111111111111,0.11111111111111116,0.25,0.02397217544585313,0.11177480684860036,0.23069729752710594,-2.2737367544323206e-13,0.47893326506975664,0.5625,0.36288546536051797,0.46875,0.11111111111111116,0.25
coarse_d2,coarse,2,lambda1_N1600_r017,0,1600,1065,537,528,535,True,included,42,7.80362936043937e-09,True,True,0.1111111111111111,0.11111111111111098,0.25,0.0588477726063886,0.1040142130544474,0.2261631543537935,0.0,0.49938438982124356,0.5625,0.37292116380242835,0.46875,0.11111111111111098,0.25
coarse_d2,coarse,2,lambda1_N1600_r018,0,1600,1087,519,568,513,True,included,40,8.746571535735468e-09,True,True,0.1111111111111111,0.11111111111111142,0.25,0.03880032402130962,0.10048871492574296,0.22668455257135803,0.0,0.4961836113942813,0.5625,0.3874729514082421,0.46875,0.11111111111111142,0.25
coarse_d2,coarse,2,lambda1_N1600_r019,0,1600,1040,520,520,560,True,included,43,7.850010884060164e-09,True,True,0.1111111111111111,0.11111111111111104,0.25,0.034949129071009555,0.10362269840387124,0.23065652295749245,-2.2737367544323206e-13,0.4946961244489256,0.5625,0.3775058118181588,0.46875,0.11111111111111104,0.25
coarse_d2,coarse,2,lambda1_N400_r000,0,400,275,131,144,125,True,included,42,7.275106616527245e-09,True,True,0.1111111111111111,0.11111111111111133,0.25,0.05340432206009003,0.09476007451754323,0.22047076049395387,0.0,0.5165330097598151,0.5625,0.39435021828540273,0.46875,0.11111111111111133,0.25
coarse_d2,coarse,2,lambda1_N400_r001,0,400,280,145,135,120,True,included,43,9.366422456683461e-09,True,True,0.1111111111111111,0.11111111111111098,0.25,0.06831914298979166,0.09113270249009088,0.21905712162359298,-5.684341886080802e-14,0.5172511789380857,0.5625,0.4089342067246538,0.46875,0.11111111111111098,0.25
coarse_d2,coarse,2,lambda1_N400_r002,0,400,251,108,143,149,True,included,46,7.9149254268856e-09,True,True,0.1111111111111111,0.11111111111111095,0.25,0.073851837775603,0.11074146372963836,0.22602134519426156,-5.684341886080802e-14,0.4882219707816021,0.5625,0.35928006675077817,0.46875,0.11111111111111095,0.25
coarse_d2,coarse,2,lambda1_N400_r003,0,400,259,136,123,141,True,included,36,8.103128669986694e-09,True,True,0.1111111111111111,0.11111111111111102,0.25,0.0764291192277954,0.12965817789807088,0.24954628252928487,-5.684341886080802e-14,0.44822001504936193,0.5625,0.33427438559190303,0.46875,0.11111111111111102,0.25
coarse_d2,coarse,2,lambda1_N400_r004,0,400,281,144,137,119,True,included,36,7.823938893358198e-09,True,True,0.1111111111111111,0.11111111111111088,0.25,0.059931206315103736,0.11356485710284231,0.23990981202602144,0.0,0.4716568540350365,0.5625,0.3631643490773243,0.46875,0.11111111111111088,0.25
coarse_d2,coarse,2,lambda1_N400_r005,0,400,272,133,139,128,True,included,48,7.616477069953308e-09,True,True,0.1111111111111111,0.11111111111111094,0.25,0.07144011496260284,0.08781327843894686,0.2098730229684039,5.684341886080802e-14,0.5283803022711675,0.5625,0.4169886400807421,0.46875,0.11111111111111094,0.25
coarse_d2,coarse,2,lambda1_N400_r006,0,400,276,127,149,124,True,included,35,9.59516611736536e-09,True,True,0.1111111111111111,0.11111111111111104,0.25,0.06628119215802583,0.10482786931163168,0.23883246262069,5.684341886080802e-14,0.4803316107669959,0.5625,0.3855341426931562,0.46875,0.11111111111111104,0.25
coarse_d2,coarse,2,lambda1_N400_r007,0,400,272,143,129,128,True,included,52,8.303378899487304e-09,True,True,0.1111111111111111,0.11111111111111113,0.25,0.03355322534862396,0.10840173928486088,0.23745038712665317,-5.684341886080802e-14,0.48367015528650203,0.5625,0.37001528793983074,0.46875,0.11111111111111113,0.25
coarse_d2,coarse,2,lambda1_N400_r008,0,400,274,137,137,126,True,included,41,7.437059954086545e-09,True,True,0.1111111111111111,0.11111111111111069,0.25,0.0645561374648673,0.10593930802204114,0.23201588526706332,-5.684341886080802e-14,0.49017911474422704,0.5625,0.37309971483786464,0.46875,0.11111111111111069,0.25
coarse_d2,coarse,2,lambda1_N400_r009,0,400,257,128,129,143,True,included,38,7.660286143409782e-09,True,True,0.1111111111111111,0.11111111111111123,0.25,0.1135346364441214,0.16339887072848916,0.2868273198165052,0.0,0.3892533109880248,0.5625,0.29327055916537004,0.46875,0.11111111111111123,0.25
coarse_d2,coarse,2,lambda1_N400_r010,0,400,270,123,147,130,True,included,38,6.920998569310339e-09,True,True,0.1111111111111111,0.11111111111111112,0.25,0.05963284142154898,0.11897673507833315,0.2505534069716167,0.0,0.4530300472413122,0.5625,0.36295493179774335,0.46875,0.11111111111111112,0.25
coarse_d2,coarse,2,lambda1_N400_r011,0,400,269,137,132,131,True,included,28,9.251683553086583e-09,True,True,0.1111111111111111,0.111111111111111,0.25,0.06411671771403935,0.13865745622678063,0.2598896469741035,-5.684341886080802e-14,0.42513979805667135,0.5625,0.3290370014381533,0.46875,0.111111111111111,0.25
coarse_d2,coarse,2,lambda1_N400_r012,0,400,258,129,129,142,True,included,46,7.777407562070596e-09,True,True,0.1111111111111111,0.11111111111111119,0.25,0.04787305973046076,0.12910768086186386,0.25531447922225803,-5.684341886080802e-14,0.44943827534587355,0.5625,0.33483471807134535,0.46875,0.11111111111111119,0.25
coarse_d2,coarse,2,lambda1_N400_r013,0,400,276,133,143,124,True,included,34,9.893079592253027e-09,True,True,0.1111111111111111,0.11111111111111113,0.25,0.07020626971979219,0.104801937480796,0.22074905979387768,0.0,0.49771326022829676,0.5625,0.37147259670329646,0.46875,0.11111111111111113,0.25
coarse_d2,coarse,2,lambda1_N400_r014,0,400,278,143,135,122,True,included,37,7.612674206441842e-09,True,True,0.1111111111111111,0.11111111111111091,0.25,0.04971311117269631,0.09345022271403855,0.2222877836889976,0.0,0.511810756029273,0.5625,0.40287656480191614,0.46875,0.11111111111111091,0.25
coarse_d2,coarse,2,lambda1_N400_r015,0,400,269,124,145,131,True,included,41,7.0191816275059845e-09,True,True,0.1111111111111111,0.11111111111111097,0.25,0.046571344976889986,0.11525799191351675,0.23772615529871607,-5.684341886080802e-14,0.47203253612406026,0.5625,0.35749026504222536,0.46875,0.11111111111111097,0.25
coarse_d2,coarse,2,lambda1_N400_r016,0,400,265,145,120,135,True,included,31,9.334930708510516e-09,True,True,0.1111111111111111,0.11111111111111097,0.25,0.052480177884009764,0.10882375738836964,0.22885790971687792,5.684341886080802e-14,0.4750367028486976,0.5625,0.3760791916998615,0.46875,0.11111111111111097,0.25
coarse_d2,coarse,2,lambda1_N400_r017,0,400,283,143,140,117,True,included,37,7.074525226334866e-09,True,True,0.1111111111111111,0.11111111111111106,0.25,0.043699163748681415,0.11685083795222556,0.23647121956708775,0.0,0.4647044697180176,0.5625,0.35871243463940344,0.46875,0.11111111111111106,0.25
coarse_d2,coarse,2,lambda1_N400_r018,0,400,278,135,143,122,True,included,34,6.803967998127368e-09,True,True,0.1111111111111111,0.11111111111111117,0.25,0.0600278382303958,0.10979874980206088,0.23453116293078932,0.0,0.47815689567415115,0.5625,0.3699400122954387,0.46875,0.11111111111111117,0.25
coarse_d2,coarse,2,lambda1_N400_r019,0,400,273,138,135,127,True,included,45,7.764798002783156e-09,True,True,0.1111111111111111,0.11111111111111116,0.25,0.09404946432737754,0.08635715912756078,0.19573239745484325,0.0,0.5567773824483577,0.5625,0.4135249604860613,0.46875,0.11111111111111116,0.25
coarse_d2,coarse,2,lambda2_N1600_r000,3/4,1600,1034,513,521,566,True,included,40,9.036005340056986e-09,True,True,0.1111111111111111,0.11111111111111105,0.296875,0.025380767750427108,0.14514399696581815,0.2711920153138362,0.0,0.4843088370378744,0.5888671875,0.36844357813933765,0.501708984375,0.11111111111111105,0.296875
coarse_d2,coarse,2,lambda2_N1600_r001,3/4,1600,1024,521,503,576,True,included,44,8.119317440602458e-09,True,True,0.1111111111111111,0.1111111111111112,0.296875,0.020286991817268975,0.150480932001245,0.27429736134540234,0.0,0.47239823531620667,0.5888671875,0.3607824309864501,0.501708984375,0.1111111111111112,0.296875
coarse_d2,coarse,2,lambda2_N1600_r002,3/4,1600,1011,511,500,589,True,included,38,9.36271662902704e-09,True,True,0.1111111111111111,0.111111111111111,0.296875,0.0374354165089626,0.15450041141608728,0.27948874507603094,0.0,0.45874325419883005,0.5888671875,0.35968549705571934,0.501708984375,0.111111111111111,0.296875
coarse_d2,coarse,2,lambda2_N1600_r003,3/4,1600,1007,461,546,593,True,included,39,9.46208912039177e-09,True,True,0.1111111111111111,0.11111111111111142,0.296875,0.03054223451100537,0.1494469703622338,0.26996241185584147,-4.547473508864641e-13,0.4772181921052499,0.5888671875,0.36018347337584866,0.501708984375,0.11111111111111142,0.296875
coarse_d2,coarse,2,lambda2_N1600_r004,3/4,1600,962,476,486,638,True,included,45,7.3871509048406696e-09,True,True,0.1111111111111111,0.11111111111111116,0.296875,0.03264310181650586,0.1406982865928629,0.2659847147108131,-2.2737367544323206e-13,0.494190703922254,0.5888671875,0.3755497017489027,0.501708984375,0.11111111111111116,0.296875
coarse_d2,coarse,2,lambda2_N1600_r005,3/4,1600,988,497,491,612,True,included,41,7.812280794382326e-09,True,True,0.1111111111111111,0.11111111111111065,0.296875,0.01311413256421398,0.14590363127228878,0.2723966665477248,0.0,0.4813988879255534,0.5888671875,0.3682700431817584,0.501708984375,0.11111111111111065,0.296875
coarse_d2,coarse,2,lambda2_N1600_r006,3/4,1600,1006,495,511,594,True,included,41,7.587641493684522e-09,True,True,0.1111111111111111,0.11111111111111086,0.296875,0.03747445814834487,0.13484916528480662,0.25845719931547406,-4.547473508864641e-13,0.5036616158166751,0.5888671875,0.3886396239230123,0.501708984375,0.11111111111111086,0.296875
coarse_d2,coarse,2,lambda2_N1600_r007,3/4,1600,976,504,472,624,True,included,42,7.400933694669697e-09,True,True,0.1111111111111111,0.11111111111111113,0.296875,0.017981989325799155,0.15050110979016426,0.27728816813507245,0.0,0.47136499299981083,0.5888671875,0.36157774582795266,0.501708984375,0.11111111111111113,0.296875
coarse_d2,coarse,2,lambda2_N1600_r008,3/4,1600,1023,517,506,577,True,included,45,8.911431679471802e-09,True,True,0.1111111111111111,0.11111111111111115,0.296875,0.028411274748917713,0.14216415711689157,0.26794491158648187,-2.2737367544323206e-13,0.4861369168377031,0.5888671875,0.3769283297013028,0.501708984375,0.11111111111111115,0.296875
coarse_d2,coarse,2,lambda2_N1600_r009,3/4,1600,1036,519,517,564,True,included,38,8.77845954143444e-09,True,True,0.1111111111111111,0.11111111111111098,0.296875,0.01332650769869036,0.14611988255529837,0.2662387694995693,-2.2737367544323206e-13,0.47860847476254514,0.5888671875,0.36984597180408046,0.501708984375,0.11111111111111098,0.296875
coarse_d2,coarse,2,lambda2_N1600_r010,3/4,1600,1018,506,512,582,True,included,40,8.08805374213982e-09,True,True,0.1111111111111111,0.11111111111111124,0.296875,0.03396335299706159,0.14679019305274854,0.2652669526230227,-2.2737367544323206e-13,0.48328778412945583,0.5888671875,0.36391620699466676,0.501708984375,0.11111111111111124,0.296875
coarse_d2,coarse,2,lambda2_N1600_r011,3/4,1600,986,484,502,614,True,included,45,8.582731546879803e-09,True,True,0.1111111111111111,0.11111111111111098,0.296875,0.03257031735214413,0.13793956867360224,0.2594740139481276,0.0,0.4952627605952295,0.5888671875,0.3841846776708792,0.501708984375,0.11111111111111098,0.296875
coarse_d2,coarse,2,lambda2_N1600_r012,3/4,1600,997,513,484,603,True,included,35,9.574208534861552e-09,True,True,0.1111111111111111,0.11111111111111102,0.296875,0.028739186661294172,0.15190366161861785,0.2745616380986102,0.0,0.4672382800082636,0.5888671875,0.3605624162740583,0.501708984375,0.11111111111111102,0.296875
coarse_d2,coarse,2,lambda2_N1600_r013,3/4,1600,1003,481,522,597,True,included,44,8.345474417651944e-09,True,True,0.1111111111111111,0.11111111111111117,0.296875,0.022320989673582314,0.14747073582525053,0.27015267874047244,-2.2737367544323206e-13,0.4765418342434641,0.5888671875,0.367107177644208,0.501708984375,0.11111111111111117,0.296875
coarse_d2,coarse,2,lambda2_N1600_r014,3/4,1600,1017,503,514,583,True,included,40,6.967686307744737e-09,True,True,0.1111111111111111,0.11111111111111115,0.296875,0.02718205009770849,0.15168958379117167,0.27207531026826703,0.0,0.4741538663436954,0.5888671875,0.3555521472910519,0.501708984375,0.11111111111111115,0.296875
coarse_d2,coarse,2,lambda2_N1600_r015,3/4,1600,991,495,496,609,True,included,46,9.403687888696718e-09,True,True,0.1111111111111111,0.1111111111111115,0.296875,0.03710551285722224,0.1349210800929864,0.25417435603389044,2.2737367544323206e-13,0.5091562710602275,0.5888671875,0.38445267987250237,0.501708984375,0.1111111111111115,0.296875
coarse_d2,coarse,2,lambda2_N1600_r016,3/4,1600,1031,515,516,569,True,included,35,8.532321223085302e-09,True,True,0.1111111111111111,0.11111111111111116,0.296875,0.0331074431880714,0.15172219274705578,0.2698871607769859,0.0,0.4700716883576636,0.5888671875,0.35874647780658553,0.501708984375,0.11111111111111116,0.296875
coarse_d2,coarse,2,lambda2_N1600_r017,3/4,1600,992,465,527,608,True,included,42,9.582370624582015e-09,True,True,0.1111111111111111,0.1111111111111109,0.296875,0.029701927940711515,0.14625815389317606,0.27168984385847933,0.0,0.4759310586980147,0.5888671875,0.37166456451463936,0.501708984375,0.1111111111111109,0.296875
coarse_d2,coarse,2,lambda2_N1600_r018,3/4,1600,1024,509,515,576,True,included,41,8.978671250936543e-09,True,True,0.1111111111111111,0.1111111111111108,0.296875,0.016308107539993767,0.14899591872320933,0.26988664867379986,0.0,0.4722751618003428,0.5888671875,0.3657037325769664,0.501708984375,0.1111111111111108,0.296875
coarse_d2,coarse,2,lambda2_N1600_r019,3/4,1600,985,490,495,615,True,included,39,8.20797004283856e-09,True,True,0.1111111111111111,0.11111111111111126,0.296875,0.033392390553254395,0.14377381297903677,0.267949396309399,0.0,0.49021273921851005,0.5888671875,0.3683980496594091,0.501708984375,0.11111111111111126,0.296875
coarse_d2,coarse,2,lambda2_N400_r000,3/4,400,242,125,117,158,True,included,29,8.686999064992065e-09,True,True,0.1111111111111111,0.11111111111111112,0.296875,0.07688217274886357,0.16299282225820724,0.2757180206367598,0.0,0.4515177909426804,0.5888671875,0.339453318300427,0.501708984375,0.11111111111111112,0.296875
coarse_d2,coarse,2,lambda2_N400_r001,3/4,400,245,104,141,155,True,included,37,8.149837013865626e-09,True,True,0.1111111111111111,0.11111111111111133,0.296875,0.06909621495750728,0.13966288097067095,0.24047729212790267,0.0,0.5093560446442091,0.5888671875,0.3687168165239343,0.501708984375,0.11111111111111133,0.296875
coarse_d2,coarse,2,lambda2_N400_r002,3/4,400,255,120,135,145,True,included,29,8.275519710022148e-09,True,True,0.1111111111111111,0.11111111111111113,0.296875,0.045833967540097,0.14582081553787357,0.27174858528112766,0.0,0.48516049356609725,0.5888671875,0.3655920128006661,0.501708984375,0.11111111111111113,0.296875
coarse_d2,coarse,2,lambda2_N400_r003,3/4,400,244,112,132,156,True,included,41,7.2268327861164554e-09,True,True,0.1111111111111111,0.11111111111111098,0.296875,0.07022138633428768,0.13555553195164538,0.2569773377401683,0.0,0.503543270865579,0.5888671875,0.386220831029648,0.501708984375,0.11111111111111098,0.296875
coarse_d2,coarse,2,lambda2_N400_r004,3/4,400,262,138,124,138,True,included,42,8.204631762791141e-09,True,True,0.1111111111111111,0.11111111111111079,0.296875,0.07887209887225737,0.1334069256092114,0.2518974539988203,0.0,0.5219943039157446,0.5888671875,0.3816589180380418,0.501708984375,0.11111111111111079,0.296875
coarse_d2,coarse,2,lambda2_N400_r005,3/4,400,244,123,121,156,True,included,35,8.092649377580468e-09,True,True,0.1111111111111111,0.11111111111111079,0.296875,0.07247501209632233,0.15349139892196198,0.2893297554764471,5.684341886080802e-14,0.45916597089061734,0.5888671875,0.3626111748164558,0.501708984375,0.11111111111111079,0.296875
coarse_d2,coarse,2,lambda2_N400_r006,3/4,400,261,126,135,139,True,included,34,7.111562962183939e-09,True,True,0.1111111111111111,0.11111111111111116,0.296875,0.08073719055567977,0.1437369405460001,0.26569423549831656,0.0,0.49146859395394665,0.5888671875,0.3675962862711278,0.501708984375,0.11111111111111116,0.296875
coarse_d2,coarse,2,lambda2_N400_r007,3/4,400,264,126,138,136,True,included,46,7.155793210503444e-09,True,True,0.1111111111111111,0.11111111111111097,0.296875,0.08875918725611093,0.16691049636912308,0.30476758398644826,5.684341886080802e-14,0.43208400557991966,0.5888671875,0.3452220748699151,0.501708984375,0.11111111111111097,0.296875
coarse_d2,coarse,2,lambda2_N400_r008,3/4,400,263,127,136,137,True,included,44,8.845332868353747e-09,True,True,0.1111111111111111,0.11111111111111092,0.296875,0.0637270858152724,0.15968215728539698,0.3009479674722527,0.0,0.4527330990992372,0.5888671875,0.34856048903102166,0.501708984375,0.11111111111111092,0.296875
coarse_d2,coarse,2,lambda2_N400_r009,3/4,400,244,115,129,156,True,included,39,8.434476810970275e-09,True,True,0.1111111111111111,0.11111111111111131,0.296875,0.059296250156600235,0.15585795807424838,0.2947400776274597,0.0,0.4609337852555674,0.5888671875,0.35338524568067187,0.501708984375,0.11111111111111131,0.296875
coarse_d2,coarse,2,lambda2_N400_r010,3/4,400,259,129,130,141,True,included,37,7.3998610139501384e-09,True,True,0.1111111111111111,0.11111111111111095,0.296875,0.04377912003277621,0.14086149477849588,0.26442093358032337,0.0,0.4955628233976587,0.5888671875,0.37399071881352725,0.501708984375,0.11111111111111095,0.296875
coarse_d2,coarse,2,lambda2_N400_r011,3/4,400,261,124,137,139,True,included,46,7.723343851222855e-09,True,True,0.1111111111111111,0.11111111111111133,0.296875,0.06975510947661898,0.16885693401347698,0.30679315074580155,-5.684341886080802e-14,0.42667849668849867,0.5888671875,0.344468408660514,0.501708984375,0.11111111111111133,0.296875
coarse_d2,coarse,2,lambda2_N400_r012,3/4,400,246,114,132,154,True,included,31,7.714808448807575e-09,True,True,0.1111111111111111,0.11111111111111106,0.296875,0.04890128372537919,0.16261458718313207,0.27736232971273916,0.0,0.45732098072321303,0.5888671875,0.33582382843349723,0.501708984375,0.11111111111111106,0.296875
coarse_d2,coarse,2,lambda2_N400_r013,3/4,400,241,131,110,159,True,included,44,7.109764911430256e-09,True,True,0.1111111111111111,0.1111111111111111,0.296875,0.037075478991782526,0.1432056874721806,0.2592645373669405,-1.1368683772161603e-13,0.4917524042049907,0.5888671875,0.3691039195261055,0.501708984375,0.1111111111111111,0.296875
coarse_d2,coarse,2,lambda2_N400_r014,3/4,400,235,123,112,165,True,included,36,6.566606776067737e-09,True,True,0.1111111111111111,0.11111111111111087,0.296875,0.018727349117705377,0.1431081821920363,0.26236157863801834,0.0,0.48758970323262996,0.5888671875,0.37257918844750604,0.501708984375,0.11111111111111087,0.296875
coarse_d2,coarse,2,lambda2_N400_r015,3/4,400,238,117,121,162,True,included,39,6.67911282210703e-09,True,True,0.1111111111111111,0.11111111111111106,0.296875,0.05997267048076661,0.1406782148850416,0.26220243961766326,-5.684341886080802e-14,0.48966723531018774,0.5888671875,0.3791437874382623,0.501708984375,0.11111111111111106,0.296875
coarse_d2,coarse,2,lambda2_N400_r016,3/4,400,257,124,133,143,True,included,33,7.791285562245024e-09,True,True,0.1111111111111111,0.11111111111111119,0.296875,0.09051062417467412,0.1298065498836982,0.25316027764444476,-5.684341886080802e-14,0.5002225578852738,0.5888671875,0.4112483387689042,0.501708984375,0.11111111111111119,0.296875
coarse_d2,coarse,2,lambda2_N400_r017,3/4,400,263,127,136,137,True,included,42,8.971134270602234e-09,True,True,0.1111111111111111,0.11111111111111133,0.296875,0.08116617692308609,0.14093171068569607,0.27789132922317467,-5.684341886080802e-14,0.4797078443522137,0.5888671875,0.3869864642718804,0.501708984375,0.11111111111111133,0.296875
coarse_d2,coarse,2,lambda2_N400_r018,3/4,400,244,120,124,156,True,included,31,7.264594521567218e-09,True,True,0.1111111111111111,0.11111111111111088,0.296875,0.04276477413841817,0.15969374321356342,0.28291829826166076,5.684341886080802e-14,0.4629831231696596,0.5888671875,0.3399954883481384,0.501708984375,0.11111111111111088,0.296875
coarse_d2,coarse,2,lambda2_N400_r019,3/4,400,251,126,125,149,True,included,40,8.814350237743604e-09,True,True,0.1111111111111111,0.11111111111111106,0.296875,0.09114798895112616,0.1373456392969009,0.2643725812038582,0.0,0.49100114156839697,0.5888671875,0.38988104269577073,0.501708984375,0.11111111111111106,0.296875
coarse_d3,coarse,3,lambda0_N1600_r000,-3/4,1600,1238,606,632,362,True,included,258,9.638308116081045e-09,True,True,0.027777777777777776,0.02777777777777762,0.0361328125,0.031245135948256335,0.028566808366714425,0.15474675928024156,0.0,0.5275181642044424,0.5361328125,0.4465750584469257,0.435791015625,0.25064004894178765,0.203125
coarse_d3,coarse,3,lambda0_N1600_r001,-3/4,1600,1225,633,592,375,True,included,364,9.72013766636801e-09,True,True,0.027777777777777776,0.027777777777777433,0.0361328125,0.030224831839462563,0.03836963732542765,0.15177533287611267,-4.547473508864641e-13,0.4998933597786685,0.5361328125,0.3941797580878768,0.435791015625,0.16608593254289278,0.203125
coarse_d3,coarse,3,lambda0_N1600_r002,-3/4,1600,1206,622,584,394,True,included,258,9.703586660192075e-09,True,True,0.027777777777777776,0.0277777777777776,0.0361328125,0.0432026449686399,0.055568147126581195,0.14756893456664794,-4.547473508864641e-13,0.5577341957726373,0.5361328125,0.48518861756931564,0.435791015625,0.2828540040581449,0.203125
coarse_d3,coarse,3,lambda0_N1600_r003,-3/4,1600,1222,588,634,378,True,included,391,9.762973946284317e-09,True,True,0.027777777777777776,0.027777777777777343,0.0361328125,0.03978073674589259,0.012879843931153896,0.13422179474845297,-4.547473508864641e-13,0.5381944358807501,0.5361328125,0.4167714164819709,0.435791015625,0.19164999688248072,0.203125
coarse_d3,coarse,3,lambda0_N1600_r004,-3/4,1600,1219,603,616,381,True,included,329,9.702038927969684e-09,True,True,0.027777777777777776,0.02777777777777791,0.0361328125,0.044188266149799975,0.0030968725328304548,0.1435835527282216,-6.821210263296962e-13,0.5329520610956904,0.5361328125,0.43300764339997483,0.435791015625,0.20642765317808878,0.203125
coarse_d3,coarse,3,lambda0_N1600_r005,-3/4,1600,1200,649,551,400,True,included,395,9.906197912338636e-09,True,True,0.027777777777777776,0.027777777777777863,0.0361328125,0.027930656383818663,0.022932307629913388,0.13225750639808795,-4.547473508864641e-13,0.5301884637699864,0.5361328125,0.41837331553547286,0.435791015625,0.1679261272699505,0.203125
coarse_d3,coarse,3,lambda0_N1600_r006,-3/4,1600,1188,584,604,412,True,included,289,9.657619924874238e-09,True,True,0.027777777777777776,0.02777777777777748,0.0361328125,0.04857760142826395,0.04779237713334926,0.14058035139436376,-2.2737367544323206e-13,0.5466604163394098,0.5361328125,0.4869243332922527,0.435791015625,0.2673658539631061,0.203125
coarse_d3,coarse,3,lambda0_N1600_r007,-3/4,1600,1227,637,590,373,True,included,267,9.517641258834223e-09,True,True,0.027777777777777776,0.027777777777777506,0.0361328125,0.03835741263773894,0.043950189007569786,0.14993145979556888,-2.2737367544323206e-13,0.5477137086794384,0.5361328125,0.47398938488532716,0.435791015625,0.26794494115190237,0.203125
coarse_d3,coarse,3,lambda0_N1600_r008,-3/4,1600,1197,601,596,403,True,included,369,9.8454996848084e-09,True,True,0.027777777777777776,0.02777777777777793,0.0361328125,0.028336605956078696,0.010381308837793861,0.1222439834280623,-4.547473508864641e-13,0.5500782382422873,0.5361328125,0.44639256248713444,0.435791015625,0.19906950686681768,0.203125
coarse_d3,coarse,3,lambda0_N1600_r009,-3/4,1600,1249,589,660,351,True,included,374,9.850619969217919e-09,True,True,0.027777777777777776,0.02777777777777799,0.0361328125,0.03321256419169607,0.03520832056958005,0.15934616729103365,-4.547473508864641e-13,0.5052935956985906,0.5361328125,0.3932116723510757,0.435791015625,0.17222484230739393,0.203125
coarse_d3,coarse,3,lambda0_N1600_r010,-3/4,1600,1203,626,577,397,True,included,298,9.64092536255827e-09,True,True,0.027777777777777776,0.02777777777777763,0.0361328125,0.05653168820236942,0.053996940409323055,0.13298169084347083,-2.2737367544323206e-13,0.5752817943599456,0.5361328125,0.4846207905868317,0.435791015625,0.2726233382334461,0.203125
coarse_d3,coarse,3,lambda0_N1600_r011,-3/4,1600,1214,602,612,386,True,included,400,9.740215715804253e-09,True,True,0.027777777777777776,0.027777777777777974,0.0361328125,0.03402304057109826,0.053032757426154806,0.14810038711215906,-4.547473508864641e-13,0.493082568966968,0.5361328125,0.38491190147656895,0.435791015625,0.13991572571305938,0.203125
coarse_d3,coarse,3,lambda0_N1600_r012,-3/4,1600,1222,602,620,378,True,included,308,9.757526653549231e-09,True,True,0.027777777777777776,0.027777777777778023,0.0361328125,0.0329819820033639,0.013688929200077743,0.14601200568444533,-6.821210263296962e-13,0.5334114146823673,0.5361328125,0.4443354100551292,0.435791015625,0.22507375089099113,0.203125
coarse_d3,coarse,3,lambda0_N1600_r013,-3/4,1600,1229,646,583,371,True,included,410,9.766264926866012e-09,True,True,0.027777777777777776,0.02777777777777777,0.0361328125,0.029350637408154412,0.02735911539956025,0.13615114762995892,-4.547473508864641e-13,0.5225866935513823,0.5361328125,0.411625395703803,0.435791015625,0.1646790761381195,0.203125
coarse_d3,coarse,3,lambda0_N1600_r014,-3/4,1600,1237,602,635,363,True,included,320,9.795706803507075e-09,True,True,0.027777777777777776,0.02777777777777776,0.0361328125,0.026124614977591165,0.016298786631738615,0.14256186891387768,-4.547473508864641e-13,0.5412204281544337,0.5361328125,0.45343949735050326,0.435791015625,0.2245632507854107,0.203125
coarse_d3,coarse,3,lambda0_N1600_r015,-3/4,1600,1212,575,637,388,True,included,340,9.611764286578048e-09,True,True,0.027777777777777776,0.02777777777777773,0.0361328125,0.02999344242073021,0.007263047687499822,0.15062196252437132,-2.2737367544323206e-13,0.533569492151959,0.5361328125,0.4306526357579372,0.435791015625,0.21431794537946883,0.203125
coarse_d3,coarse,3,lambda0_N1600_r016,-3/4,1600,1219,626,593,381,True,included,356,9.715807066180648e-09,True,True,0.027777777777777776,0.027777777777777846,0.0361328125,0.03526239553038214,0.028854951636841052,0.15017334128360416,-2.2737367544323206e-13,0.5110461255152314,0.5361328125,0.39702536490376333,0.435791015625,0.1840015285008021,0.203125
coarse_d3,coarse,3,lambda0_N1600_r017,-3/4,1600,1240,585,655,360,True,included,370,9.976172020375792e-09,True,True,0.027777777777777776,0.02777777777777743,0.0361328125,0.050401651573372175,0.015706603240856917,0.13767015925825069,-4.547473508864641e-13,0.5259719479188192,0.5361328125,0.42256428208052543,0.435791015625,0.18163308275645312,0.203125
coarse_d3,coarse,3,lambda0_N1600_r018,-3/4,1600,1224,624,600,376,True,included,340,9.620864093776143e-09,True,True,0.027777777777777776,0.02777777777777811,0.0361328125,0.03296013342869952,0.031068360447796456,0.15515469150269892,-4.547473508864641e-13,0.4977168868802137,0.5361328125,0.40774097308765633,0.435791015625,0.17796271005709402,0.203125
coarse_d3,coarse,3,lambda0_N1600_r019,-3/4,1600,1217,608,609,383,True,included,392,9.635327647956638e-09,True,True,0.027777777777777776,0.02777777777777803,0.0361328125,0.03535779425215925,0.02892839115652132,0.13331292286092766,-4.547473508864641e-13,0.5240740658587912,0.5361328125,0.403623671373768,0.435791015625,0.16665029591648522,0.203125
coarse_d3,coarse,3,lambda0_N400_r000,-3/4,400,300,154,146,100,True,included,862,9.89420944582283e-09,True,True,0.027777777777777776,0.027777777777778203,0.0361328125,0.076502772985585,0.0971305061693453,0.15753624439052966,0.0,0.4649009967495239,0.5361328125,0.333473209180685,0.435791015625,0.09016438475975977,0.203125
coarse_d3,coarse,3,lambda0_N400_r001,-3/4,400,288,140,148,112,True,included,348,9.829748965412616e-09,True,True,0.027777777777777776,0.027777777777777575,0.0361328125,0.06587687414368149,0.04476350296452728,0.1438060654918455,-5.684341886080802e-14,0.47814541752456774,0.5361328125,0.4049026680193276,0.435791015625,0.1619584407665628,0.203125
coarse_d3,coarse,3,lambda0_N400_r002,-3/4,400,300,146,154,100,True,included,734,9.99640254425079e-09,True,True,0.027777777777777776,0.02777777777777763,0.0361328125,0.08092625208854573,0.12372814494120181,0.18488051511921627,-1.1368683772161603e-13,0.41666670920584153,0.5361328125,0.31099039453001953,0.435791015625,0.07632351463886669,0.203125
coarse_d3,coarse,3,lambda0_N400_r003,-3/4,400,309,154,155,91,True,included,434,9.775549828085328e-09,True,True,0.027777777777777776,0.027777777777777898,0.0361328125,0.07169422900562798,0.07017130224093718,0.14367767600933604,-1.1368683772161603e-13,0.47916668823900527,0.5361328125,0.36290926358490505,0.435791015625,0.12428880348587402,0.203125
coarse_d3,coarse,3,lambda0_N400_r004,-3/4,400,303,141,162,97,True,included,180,9.989258148196931e-09,True,False,0.027777777777777776,0.027777777777777707,0.0361328125,0.10946700133572913,0.14525339374033364,0.14041265383006085,-5.684341886080802e-14,0.6083133397747476,0.5361328125,0.5450408767152499,0.435791015625,0.41795070729164074,0.203125
coarse_d3,coarse,3,lambda0_N400_r005,-3/4,400,299,155,144,101,True,included,350,9.927972302304691e-09,True,True,0.027777777777777776,0.02777777777777762,0.0361328125,0.050162565374202585,0.06581168885320511,0.11428579830673315,-5.684341886080802e-14,0.6026569943713609,0.5361328125,0.5033212401522498,0.435791015625,0.26643169135864375,0.203125
coarse_d3,coarse,3,lambda0_N400_r006,-3/4,400,306,143,163,94,True,included,324,9.6267795245938e-09,True,True,0.027777777777777776,0.027777777777778116,0.0361328125,0.06604421364464289,0.022738017182034637,0.1468184721641354,-1.1368683772161603e-13,0.506944437684382,0.5361328125,0.40994989757277556,0.435791015625,0.1975278873921007,0.203125
coarse_d3,coarse,3,lambda0_N400_r007,-3/4,400,291,129,162,109,True,included,561,9.874828859920006e-09,True,True,0.027777777777777776,0.02777777777777818,0.0361328125,0.090560795111921,0.027954784897461848,0.10836561218776837,-1.1368683772161603e-13,0.5809386887358493,0.5361328125,0.449982023226894,0.435791015625,0.19148632507667546,0.203125
coarse_d3,coarse,3,lambda0_N400_r008,-3/4,400,317,179,138,83,True,included,358,9.781040000366475e-09,True,True,0.027777777777777776,0.027777777777777655,0.0361328125,0.06117997909579824,0.011786866466246226,0.12896052788124374,-1.1368683772161603e-13,0.5421146877362899,0.5361328125,0.43204609977460395,0.435791015625,0.18396818822950245,0.203125
coarse_d3,coarse,3,lambda0_N400_r009,-3/4,400,299,146,153,101,True,included,347,9.992556692166083e-09,True,True,0.027777777777777776,0.027777777777777575,0.0361328125,0.08065233851731064,0.05023704127371517,0.16246302627732548,-1.1368683772161603e-13,0.48148147423648135,0.5361328125,0.37962961700622916,0.435791015625,0.16530424539355576,0.203125
coarse_d3,coarse,3,lambda0_N400_r010,-3/4,400,296,138,158,104,True,included,266,9.41446838805245e-09,True,False,0.027777777777777776,0.027777777777777922,0.0361328125,0.0729874715272534,0.12080097573260999,0.13531513903660683,-1.1368683772161603e-13,0.6141975212409474,0.5361328125,0.5623733068869543,0.435791015625,0.35030330003746035,0.203125
coarse_d3,coarse,3,lambda0_N400_r011,-3/4,400,320,163,157,80,True,included,439,9.874591899716733e-09,True,True,0.027777777777777776,0.027777777777778054,0.0361328125,0.061235648788730446,0.02106860517836956,0.1119101176917558,-1.1368683772161603e-13,0.551767669355798,0.5361328125,0.45091539373042183,0.435791015625,0.1738254639881618,0.203125
coarse_d3,coarse,3,lambda0_N400_r012,-3/4,400,311,149,162,89,True,included,330,9.645992237901416e-09,True,True,0.027777777777777776,0.027777777777777887,0.0361328125,0.05929456416074912,0.030211149996985567,0.15392542926132624,-1.1368683772161603e-13,0.4986979092520343,0.5361328125,0.40143033735897193,0.435791015625,0.19063049879606894,0.203125
coarse_d3,coarse,3,lambda0_N400_r013,-3/4,400,309,156,153,91,True,included,413,9.654938992850289e-09,True,True,0.027777777777777776,0.027777777777777943,0.0361328125,0.06139309657142755,0.029827934729660586,0.11664395193752164,-1.1368683772161603e-13,0.5766128941535711,0.5361328125,0.4582080212063717,0.435791015625,0.2261023349367511,0.203125
coarse_d3,coarse,3,lambda0_N400_r014,-3/4,400,309,154,155,91,True,included,272,9.681190764552449e-09,True,True,0.027777777777777776,0.02777777777777781,0.0361328125,0.05526486720400248,0.06924865510551279,0.13564720900695496,-5.684341886080802e-14,0.579999990795562,0.5361328125,0.49422533904907373,0.435791015625,0.29824192392063,0.203125
coarse_d3,coarse,3,lambda0_N400_r015,-3/4,400,300,149,151,100,True,included,294,9.754402867656608e-09,True,True,0.027777777777777776,0.027777777777777807,0.0361328125,0.07025938814724714,0.013979683204133305,0.13696258257582378,-1.1368683772161603e-13,0.5212542012682504,0.5361328125,0.43871182011724896,0.435791015625,0.22200330650234001,0.203125
coarse_d3,coarse,3,lambda0_N400_r016,-3/4,400,299,151,148,101,True,included,320,9.713917477157615e-09,True,True,0.027777777777777776,0.027777777777777818,0.0361328125,0.07171921978831951,0.02287910860440431,0.1520252246480638,-5.684341886080802e-14,0.5138888813335254,0.5361328125,0.40586418460395185,0.435791015625,0.18971033850985602,0.203125
coarse_d3,coarse,3,lambda0_N400_r017,-3/4,400,334,166,168,66,True,included,491,9.911507324791465e-09,True,True,0.027777777777777776,0.027777777777777995,0.0361328125,0.07848293615516022,0.04544298105197218,0.12646432965357873,-2.2737367544323206e-13,0.5316301982711475,0.5361328125,0.40356033976702266,0.435791015625,0.13145838587938008,0.203125
coarse_d3,coarse,3,lambda0_N400_r018,-3/4,400,298,140,158,102,True,included,348,9.913356149394189e-09,True,True,0.027777777777777776,0.027777777777777513,0.0361328125,0.07331586472038354,0.020595810016431525,0.1519885752048759,-5.684341886080802e-14,0.5394736746615386,0.5361328125,0.458570400262338,0.435791015625,0.23037386137548932,0.203125
coarse_d3,coarse,3,lambda0_N400_r019,-3/4,400,311,150,161,89,True,included,185,9.839585295170548e-09,True,True,0.027777777777777776,0.02777777777777797,0.0361328125,0.1270555528521471,0.09436493615153409,0.14186566457777136,-1.1368683772161603e-13,0.5628262410161974,0.5361328125,0.49793325888326867,0.435791015625,0.35192024858519555,0.203125
coarse_d3,coarse,3,lambda1_N1600_r000,0,1600,1119,563,556,481,True,included,422,9.897561868489575e-09,True,True,0.027777777777777776,0.02777777777777765,0.0625,0.04652467089933472,0.0641235413847707,0.17031244863046655,-4.547473508864641e-13,0.5188190141878135,0.5625,0.39736707756627015,0.46875,0.17697989631294087,0.25
coarse_d3,coarse,3,lambda1_N1600_r001,0,1600,1193,621,572,407,True,included,284,9.58664578325504e-09,True,True,0.027777777777777776,0.02777777777777774,0.0625,0.04402861980104649,0.009829489364580809,0.1697666592554559,-2.2737367544323206e-13,0.5482603725823029,0.5625,0.4594245438101159,0.46875,0.2496457947474391,0.25
coarse_d3,coarse,3,lambda1_N1600_r002,0,1600,1176,588,588,424,True,included,350,9.69984882135732e-09,True,True,0.027777777777777776,0.027777777777777738,0.0625,0.03598786676680038,0.028859478937423865,0.16181827006289037,-4.547473508864641e-13,0.5462962878604173,0.5625,0.4466787314262515,0.46875,0.20818005989887317,0.25
coarse_d3,coarse,3,lambda1_N1600_r003,0,1600,1147,608,539,453,True,included,359,9.733579904688253e-09,True,True,0.027777777777777776,0.027777777777777925,0.0625,0.03574116739342244,0.028553245947821052,0.1592929717220999,-2.2737367544323206e-13,0.550965150978511,0.5625,0.4527387754349667,0.46875,0.2046518852822986,0.25
coarse_d3,coarse,3,lambda1_N1600_r004,0,1600,1157,565,592,443,True,included,406,9.763105787182529e-09,True,True,0.027777777777777776,0.027777777777777388,0.0625,0.05284820921879729,0.0750546465273484,0.1626090403623763,-4.547473508864641e-13,0.5246913501416302,0.5625,0.4058641844070125,0.46875,0.14268979503734236,0.25
coarse_d3,coarse,3,lambda1_N1600_r005,0,1600,1155,578,577,445,True,included,329,9.644451363555087e-09,True,True,0.027777777777777776,0.027777777777777905,0.0625,0.021611474910771283,0.034329048962006656,0.1771843545802883,-4.547473508864641e-13,0.5347648177932334,0.5625,0.4286585444592886,0.46875,0.2159575901485784,0.25
coarse_d3,coarse,3,lambda1_N1600_r006,0,1600,1159,605,554,441,True,included,327,9.637768317095188e-09,True,True,0.027777777777777776,0.027777777777777863,0.0625,0.02652970175033135,0.016219869693676923,0.1573356951225723,-4.547473508864641e-13,0.5568384562111494,0.5625,0.4524398195231659,0.46875,0.22783747637610724,0.25
coarse_d3,coarse,3,lambda1_N1600_r007,0,1600,1142,589,553,458,True,included,332,9.585746137308124e-09,True,True,0.027777777777777776,0.027777777777777835,0.0625,0.03562386056847097,0.043301865426639025,0.18277878565244302,-2.2737367544323206e-13,0.5242316700626666,0.5625,0.4220004555206516,0.46875,0.205557119095843,0.25
coarse_d3,coarse,3,lambda1_N1600_r008,0,1600,1159,566,593,441,True,included,328,9.980163792311781e-09,True,True,0.027777777777777776,0.027777777777777308,0.0625,0.027801890214507102,0.006393130395336636,0.1592396259129336,-4.547473508864641e-13,0.5679012248896442,0.5625,0.47610341396973355,0.46875,0.2437254146402693,0.25
coarse_d3,coarse,3,lambda1_N1600_r009,0,1600,1171,588,583,429,True,included,317,9.96091092254482e-09,True,True,0.027777777777777776,0.02777777777777755,0.0625,0.03224458234584823,0.0327033573200721,0.1743857492845362,-4.547473508864641e-13,0.5262556995772592,0.5625,0.44382418982077815,0.46875,0.2143126995446777,0.25
coarse_d3,coarse,3,lambda1_N1600_r010,0,1600,1157,600,557,443,True,included,420,9.786821038399285e-09,True,True,0.027777777777777776,0.027777777777777384,0.0625,0.031219090654123694,0.07349554067458341,0.17373713057014548,-2.2737367544323206e-13,0.5190274754710185,0.5625,0.40134270605224154,0.46875,0.15115072164721877,0.25
coarse_d3,coarse,3,lambda1_N1600_r011,0,1600,1148,557,591,452,True,included,300,9.611179438844891e-09,True,True,0.027777777777777776,0.02777777777777768,0.0625,0.01575419827125952,0.0033972853464729414,0.15770927624155084,-2.2737367544323206e-13,0.5619235752223017,0.5625,0.4652310281003388,0.46875,0.24531927202017362,0.25
coarse_d3,coarse,3,lambda1_N1600_r012,0,1600,1177,568,609,423,True,included,274,9.654230333509064e-09,True,True,0.027777777777777776,0.027777777777777624,0.0625,0.0569063018358925,0.03301684999491029,0.1815575484908913,-2.2737367544323206e-13,0.5242718363425392,0.5625,0.428736259188498,0.46875,0.23558316260730003,0.25
coarse_d3,coarse,3,lambda1_N1600_r013,0,1600,1189,604,585,411,True,included,389,9.962240285677284e-09,True,True,0.027777777777777776,0.02777777777777757,0.0625,0.043813556066932685,0.056554792893999645,0.16722648597784218,-2.2737367544323206e-13,0.5331027582115406,0.5625,0.41538925584295616,0.46875,0.17329428341976755,0.25
coarse_d3,coarse,3,lambda1_N1600_r014,0,1600,1183,599,584,417,True,included,296,9.602576718941297e-09,True,True,0.027777777777777776,0.027777777777777776,0.0625,0.045284175282582065,0.020751497666581173,0.1509616277347891,-2.2737367544323206e-13,0.5802654974467377,0.5625,0.49213941967543373,0.46875,0.2707170488712741,0.25
coarse_d3,coarse,3,lambda1_N1600_r015,0,1600,1146,582,564,454,True,included,255,9.500402692193612e-09,True,True,0.027777777777777776,0.027777777777777714,0.0625,0.046501415161342326,0.0408738852315372,0.16210527400042213,-2.2737367544323206e-13,0.5819247149015584,0.5625,0.5081977438000259,0.46875,0.30548494788537983,0.25
coarse_d3,coarse,3,lambda1_N1600_r016,0,1600,1154,561,593,446,True,included,348,9.609886426385563e-09,True,True,0.027777777777777776,0.02777777777777779,0.0625,0.019461909242791377,0.031620496446985766,0.1564444962686549,-4.547473508864641e-13,0.546925558186388,0.5625,0.4336569434090959,0.46875,0.21094258677327013,0.25
coarse_d3,coarse,3,lambda1_N1600_r017,0,1600,1167,585,582,433,True,included,418,9.763906186660474e-09,True,True,0.027777777777777776,0.02777777777777793,0.0625,0.06478512640698447,0.052455439600102946,0.15567981911332418,-4.547473508864641e-13,0.5451591859623168,0.5625,0.4173059171943038,0.46875,0.17714725850243307,0.25
coarse_d3,coarse,3,lambda1_N1600_r018,0,1600,1174,570,604,426,True,included,323,9.712895746070516e-09,True,True,0.027777777777777776,0.0277777777777779,0.0625,0.04219342522419732,0.00908014439638303,0.16689770474366694,-2.2737367544323206e-13,0.5602812263350374,0.5625,0.4682262776444342,0.46875,0.2344388359980544,0.25
coarse_d3,coarse,3,lambda1_N1600_r019,0,1600,1142,572,570,458,True,included,379,9.605433273059285e-09,True,True,0.027777777777777776,0.02777777777777809,0.0625,0.04988972154643044,0.01592409074790251,0.15839586353011126,-4.547473508864641e-13,0.5627994441118209,0.5625,0.47553213839870173,0.46875,0.22326719374238735,0.25
coarse_d3,coarse,3,lambda1_N400_r000,0,400,298,143,155,102,True,included,392,9.821645206303834e-09,True,True,0.027777777777777776,0.027777777777777818,0.0625,0.05728223802694872,0.03169738576223213,0.1584806911214114,-5.684341886080802e-14,0.5644444353635947,0.5625,0.45555554153742783,0.46875,0.19674309219006864,0.25
coarse_d3,coarse,3,lambda1_N400_r001,0,400,310,160,150,90,True,included,327,9.857745358350521e-09,True,True,0.027777777777777776,0.027777777777777995,0.0625,0.07461444025646638,0.019416705660112308,0.14147332236453705,-1.1368683772161603e-13,0.5864427766372076,0.5625,0.4921227056124664,0.46875,0.2466109801818105,0.25
coarse_d3,coarse,3,lambda1_N400_r002,0,400,278,121,157,122,True,included,406,9.98318882397562e-09,True,True,0.027777777777777776,0.027777777777777832,0.0625,0.07162404082068016,0.07269851759069186,0.1477794754382616,-1.1368683772161603e-13,0.5343137172551138,0.5625,0.4073083641215413,0.46875,0.14376590836620934,0.25
coarse_d3,coarse,3,lambda1_N400_r003,0,400,287,153,134,113,True,included,290,9.7817971887384e-09,True,True,0.027777777777777776,0.02777777777777743,0.0625,0.08227202194915205,0.02079288061868706,0.16966737430165166,-1.7053025658242404e-13,0.5452508872475667,0.5625,0.4371547827688461,0.46875,0.24888554468956642,0.25
coarse_d3,coarse,3,lambda1_N400_r004,0,400,304,154,150,96,True,included,306,9.975522069201984e-09,True,True,0.027777777777777776,0.0277777777777774,0.0625,0.06863482408226956,0.03956672819639728,0.17826246396691814,-1.1368683772161603e-13,0.5246913495485758,0.5625,0.43132714766924657,0.46875,0.20679567133983703,0.25
coarse_d3,coarse,3,lambda1_N400_r005,0,400,295,145,150,105,True,included,434,9.966750534489219e-09,True,True,0.027777777777777776,0.02777777777777824,0.0625,0.06113203413477509,0.02806470552124799,0.14793523545770385,-5.684341886080802e-14,0.5652664773795141,0.5625,0.46434619396345655,0.46875,0.2016695108313164,0.25
coarse_d3,coarse,3,lambda1_N400_r006,0,400,301,140,161,99,True,included,261,9.629734812434522e-09,True,False,0.027777777777777776,0.027777777777777873,0.0625,0.09735752278560111,0.11626619131368293,0.17129694983701166,-1.1368683772161603e-13,0.6280193133308347,0.5625,0.5866881253414412,0.46875,0.3995035113279022,0.25
coarse_d3,coarse,3,lambda1_N400_r007,0,400,300,159,141,100,True,included,412,9.730270941569567e-09,True,True,0.027777777777777776,0.027777777777778005,0.0625,0.06057185418409052,0.0828293689479078,0.16161171030407237,-1.1368683772161603e-13,0.5138888811794382,0.5625,0.38867843795227175,0.46875,0.14133713992731498,0.25
coarse_d3,coarse,3,lambda1_N400_r008,0,400,298,151,147,102,True,included,387,9.726161138224298e-09,True,True,0.027777777777777776,0.02777777777777795,0.0625,0.07361283263163731,0.031454370952441954,0.16675143799940376,-5.684341886080802e-14,0.5524691272832114,0.5625,0.43141569015020637,0.46875,0.21161167812184725,0.25
coarse_d3,coarse,3,lambda1_N400_r009,0,400,283,144,139,117,True,included,297,9.632016644820088e-09,True,True,0.027777777777777776,0.02777777777777754,0.0625,0.08377765019278953,0.07941737410860122,0.20973292591368645,-1.1368683772161603e-13,0.46739129667200596,0.5625,0.390201628242824,0.46875,0.1891243416751764,0.25
coarse_d3,coarse,3,lambda1_N400_r010,0,400,294,136,158,106,True,included,403,9.66446500152248e-09,True,True,0.027777777777777776,0.027777777777777804,0.0625,0.07730878411052487,0.0668877676834855,0.1836254428397509,-5.684341886080802e-14,0.495884766219569,0.5625,0.41950366952228757,0.46875,0.16901154428007506,0.25
coarse_d3,coarse,3,lambda1_N400_r011,0,400,301,159,142,99,True,included,218,9.813933267373025e-09,True,True,0.027777777777777776,0.027777777777777703,0.0625,0.06484915064470159,0.03140368792878086,0.1724315323849003,-1.1368683772161603e-13,0.5453637006426653,0.5625,0.4614308422243123,0.46875,0.3011013896129564,0.25
coarse_d3,coarse,3,lambda1_N400_r012,0,400,284,144,140,116,True,included,299,9.794878348151234e-09,True,True,0.027777777777777776,0.027777777777777412,0.0625,0.060981354480251555,0.011030001737652026,0.1800437897781657,-1.1368683772161603e-13,0.5440019578031543,0.5625,0.46924817907896926,0.46875,0.25474942812208096,0.25
coarse_d3,coarse,3,lambda1_N400_r013,0,400,299,142,157,101,True,included,353,9.643703117376009e-09,True,True,0.027777777777777776,0.027777777777777464,0.0625,0.08296900376486355,0.020299624998138418,0.15895816036238958,-5.684341886080802e-14,0.5779500340225168,0.5625,0.5000331161854454,0.46875,0.24565403455764606,0.25
coarse_d3,coarse,3,lambda1_N400_r014,0,400,297,156,141,103,True,included,394,9.947846248954985e-09,True,True,0.027777777777777776,0.027777777777777762,0.0625,0.05644501201506397,0.06385498059261548,0.17081101834129683,-1.1368683772161603e-13,0.5242316706556773,0.5625,0.41410011086587,0.46875,0.1617883214859186,0.25
coarse_d3,coarse,3,lambda1_N400_r015,0,400,289,134,155,111,True,included,348,9.64742684201788e-09,True,True,0.027777777777777776,0.02777777777777776,0.0625,0.0789873195881968,0.05440975136679763,0.1814290950647412,-1.1368683772161603e-13,0.5221280515279468,0.5625,0.4063934356331742,0.46875,0.19200838174075494,0.25
coarse_d3,coarse,3,lambda1_N400_r016,0,400,292,165,127,108,True,included,355,9.697144445117498e-09,True,True,0.027777777777777776,0.027777777777777984,0.0625,0.08129478730416718,0.04116877218761335,0.15434188637669663,0.0,0.5782271241772291,0.5625,0.498235716691402,0.46875,0.31299090003020447,0.25
coarse_d3,coarse,3,lambda1_N400_r017,0,400,302,148,154,98,True,included,397,9.84270384107719e-09,True,True,0.027777777777777776,0.027777777777777516,0.0625,0.08779126986731096,0.07110099912524062,0.18539184822665145,-1.1368683772161603e-13,0.49588476548742927,0.5625,0.4156846136577818,0.46875,0.16104758838002914,0.25
coarse_d3,coarse,3,lambda1_N400_r018,0,400,301,144,157,99,True,included,334,9.561105448891345e-09,True,True,0.027777777777777776,0.027777777777777797,0.0625,0.06503441534702652,0.029768016091657492,0.1725008630116651,-1.1368683772161603e-13,0.5353349595852819,0.5625,0.4482102629825881,0.46875,0.2112884496742661,0.25
coarse_d3,coarse,3,lambda1_N400_r019,0,400,295,151,144,105,True,included,959,9.89873068786021e-09,True,True,0.027777777777777776,0.027777777777777388,0.0625,0.08239168721071359,0.0674722161066442,0.13733375133666278,-5.684341886080802e-14,0.5889792733160221,0.5625,0.4177206882688709,0.46875,0.14825346557288677,0.25
coarse_d3,coarse,3,lambda2_N1600_r000,3/4,1600,1143,559,584,457,True,included,282,9.836508406480147e-09,True,True,0.027777777777777776,0.027777777777778026,0.0888671875,0.031194309845359727,0.019751095696192992,0.19348449079529206,-2.2737367544323206e-13,0.572781190787942,0.5888671875,0.48657111479875564,0.501708984375,0.2707521563938228,0.296875
coarse_d3,coarse,3,lambda2_N1600_r001,3/4,1600,1120,573,547,480,True,included,390,9.746709445883945e-09,True,True,0.027777777777777776,0.027777777777777558,0.0888671875,0.03644382345295155,0.10013302892206091,0.20426043948423037,-4.547473508864641e-13,0.5169207589757336,0.5888671875,0.4151610093607865,0.501708984375,0.16491656000141344,0.296875
coarse_d3,coarse,3,lambda2_N1600_r002,3/4,1600,1115,555,560,485,True,included,303,9.621475116378992e-09,True,True,0.027777777777777776,0.0277777777777778,0.0888671875,0.04343654911231931,0.07776846680113039,0.20299502605927727,-2.2737367544323206e-13,0.5225180723973064,0.5888671875,0.4267964567960807,0.501708984375,0.2067100876303718,0.296875
coarse_d3,coarse,3,lambda2_N1600_r003,3/4,1600,1118,519,599,482,True,included,297,9.780092591874517e-09,True,True,0.027777777777777776,0.027777777777777908,0.0888671875,0.029295246560458447,0.03614320073649297,0.1891897552150274,-2.2737367544323206e-13,0.5627994438089239,0.5888671875,0.46979844592635267,0.501708984375,0.24974557020067992,0.296875
coarse_d3,coarse,3,lambda2_N1600_r004,3/4,1600,1072,534,538,528,True,included,361,9.742050270966475e-09,True,True,0.027777777777777776,0.027777777777777676,0.0888671875,0.0445128094373647,0.06846684523090403,0.18273796520410754,-4.547473508864641e-13,0.5552600385175624,0.5888671875,0.4440750445709448,0.501708984375,0.19883411461256334,0.296875
coarse_d3,coarse,3,lambda2_N1600_r005,3/4,1600,1087,544,543,513,True,included,325,9.587345367973773e-09,True,True,0.027777777777777776,0.027777777777777686,0.0888671875,0.01953195190824792,0.05631941957373167,0.19808196190500849,-2.2737367544323206e-13,0.5516043975378131,0.5888671875,0.44999750910091485,0.501708984375,0.2230303057249357,0.296875
coarse_d3,coarse,3,lambda2_N1600_r006,3/4,1600,1118,552,566,482,True,included,319,9.63867272460485e-09,True,True,0.027777777777777776,0.027777777777777814,0.0888671875,0.04143093100390299,0.015937928776730358,0.17775990693603444,-4.547473508864641e-13,0.5913848542927741,0.5888671875,0.509304954552183,0.501708984375,0.27045502058925297,0.296875
coarse_d3,coarse,3,lambda2_N1600_r007,3/4,1600,1073,553,520,527,True,included,324,9.856733380414252e-09,True,True,0.027777777777777776,0.0277777777777778,0.0888671875,0.023981161347346423,0.0676781593097852,0.20322218376771717,-4.547473508864641e-13,0.5395863837256476,0.5888671875,0.43646206399029486,0.501708984375,0.21287951498831786,0.296875
coarse_d3,coarse,3,lambda2_N1600_r008,3/4,1600,1128,573,555,472,True,included,347,9.859923424613928e-09,True,True,0.027777777777777776,0.027777777777778002,0.0888671875,0.028205679335919394,0.06641123118949974,0.19231811977364263,-4.547473508864641e-13,0.5486111022701191,0.5888671875,0.441863724876897,0.501708984375,0.2072683741184011,0.296875
coarse_d3,coarse,3,lambda2_N1600_r009,3/4,1600,1146,570,576,454,True,included,355,9.712163871272281e-09,True,True,0.027777777777777776,0.027777777777777724,0.0888671875,0.03283188853755475,0.07261343150384961,0.18841350588650455,-4.547473508864641e-13,0.5378261707331309,0.5888671875,0.443048586569778,0.501708984375,0.1980220605341952,0.296875
coarse_d3,coarse,3,lambda2_N1600_r010,3/4,1600,1122,553,569,478,True,included,397,9.727909632512784e-09,True,True,0.027777777777777776,0.02777777777777781,0.0888671875,0.05659191928143226,0.0828741305382159,0.19012196191889216,-4.547473508864641e-13,0.5382431449071465,0.5888671875,0.43424385158565004,0.501708984375,0.1807284257643899,0.296875
coarse_d3,coarse,3,lambda2_N1600_r011,3/4,1600,1111,541,570,489,True,included,355,9.922400600529339e-09,True,True,0.027777777777777776,0.027777777777778002,0.0888671875,0.03645412301236872,0.04753229999760436,0.1688314171804117,-4.547473508864641e-13,0.5705521384830523,0.5888671875,0.4738754852065197,0.501708984375,0.22159011484546326,0.296875
coarse_d3,coarse,3,lambda2_N1600_r012,3/4,1600,1120,574,546,480,True,included,286,9.523668203265906e-09,True,True,0.027777777777777776,0.027777777777777592,0.0888671875,0.026129966191826497,0.028975556348632293,0.18486710070306636,-4.547473508864641e-13,0.5645055583587966,0.5888671875,0.48231665435554844,0.501708984375,0.25751515803967906,0.296875
coarse_d3,coarse,3,lambda2_N1600_r013,3/4,1600,1109,533,576,491,True,included,394,9.971556033343216e-09,True,True,0.027777777777777776,0.027777777777777752,0.0888671875,0.05098975101583686,0.07418483085412678,0.19238278937811326,-4.547473508864641e-13,0.537037028650473,0.5888671875,0.4512648698704963,0.501708984375,0.19067145329813362,0.296875
coarse_d3,coarse,3,lambda2_N1600_r014,3/4,1600,1121,558,563,479,True,included,323,9.947599061258068e-09,True,True,0.027777777777777776,0.027777777777777724,0.0888671875,0.04191624260483124,0.058946832646936974,0.19644668854620304,-4.547473508864641e-13,0.5480371815308787,0.5888671875,0.4426516169074155,0.501708984375,0.2242848822312693,0.296875
coarse_d3,coarse,3,lambda2_N1600_r015,3/4,1600,1117,547,570,483,True,included,386,9.896533521656961e-09,True,True,0.027777777777777776,0.027777777777777672,0.0888671875,0.04820576340936326,0.05843006978400076,0.16367324563770835,-4.547473508864641e-13,0.57738094350598,0.5888671875,0.46057667805551744,0.501708984375,0.20512305865465466,0.296875
coarse_d3,coarse,3,lambda2_N1600_r016,3/4,1600,1127,567,560,473,True,included,274,9.91276412901021e-09,True,True,0.027777777777777776,0.02777777777777783,0.0888671875,0.04747561628433267,0.026360950824668876,0.2005902427982265,-2.2737367544323206e-13,0.5602812261321393,0.5888671875,0.4839663958786635,0.501708984375,0.266008471992032,0.296875
coarse_d3,coarse,3,lambda2_N1600_r017,3/4,1600,1105,528,577,495,True,included,339,9.833664541281297e-09,True,True,0.027777777777777776,0.027777777777777585,0.0888671875,0.04229159401481721,0.06259399220769,0.18836291941072186,-4.547473508864641e-13,0.547101440895601,0.5888671875,0.45379594832080905,0.501708984375,0.2090456941383686,0.296875
coarse_d3,coarse,3,lambda2_N1600_r018,3/4,1600,1137,577,560,463,True,included,389,9.810314494897105e-09,True,True,0.027777777777777776,0.027777777777778012,0.0888671875,0.03468445218903197,0.09533870316250662,0.18905609550091734,-4.547473508864641e-13,0.5232371716128776,0.5888671875,0.4250151982024894,0.501708984375,0.16618770475173597,0.296875
coarse_d3,coarse,3,lambda2_N1600_r019,3/4,1600,1101,551,550,499,True,included,321,9.970824542239489e-09,True,True,0.027777777777777776,0.02777777777777784,0.0888671875,0.02919858693398161,0.04016011158070655,0.18232235200540584,-4.547473508864641e-13,0.5709626543742465,0.5888671875,0.47365521221881035,0.501708984375,0.2357937651738949,0.296875
coarse_d3,coarse,3,lambda2_N400_r000,3/4,400,269,135,134,131,True,included,185,9.996676094927599e-09,True,False,0.027777777777777776,0.02777777777777784,0.0888671875,0.09501521632777993,0.07623475498556669,0.19392704750039438,-1.1368683772161603e-13,0.6062901650824297,0.5888671875,0.5629153516146497,0.501708984375,0.4125704366628842,0.296875
coarse_d3,coarse,3,lambda2_N400_r001,3/4,400,269,115,154,131,True,included,432,9.710051079590402e-09,True,True,0.027777777777777776,0.027777777777778054,0.0888671875,0.09554710454502552,0.10830447121176555,0.16994749931932632,-1.1368683772161603e-13,0.5452508874610577,0.5888671875,0.39676137667627354,0.501708984375,0.1476329366847013,0.296875
coarse_d3,coarse,3,lambda2_N400_r002,3/4,400,280,137,143,120,True,included,297,9.694110149536885e-09,True,True,0.027777777777777776,0.02777777777777764,0.0888671875,0.06388195072469958,0.038525812033769084,0.19891007013929962,-1.1368683772161603e-13,0.5624999922145124,0.5888671875,0.44874998467382726,0.501708984375,0.2660070564013074,0.296875
coarse_d3,coarse,3,lambda2_N400_r003,3/4,400,263,122,141,137,True,included,450,9.757597065786095e-09,True,True,0.027777777777777776,0.027777777777777617,0.0888671875,0.08678516385001764,0.11581220291592205,0.19881816529489724,-1.1368683772161603e-13,0.5263532680266643,0.5888671875,0.38952198425195755,0.501708984375,0.14278578587977067,0.296875
coarse_d3,coarse,3,lambda2_N400_r004,3/4,400,280,149,131,120,True,included,389,9.939830850466283e-09,True,True,0.027777777777777776,0.027777777777777887,0.0888671875,0.10411953041430475,0.036874646689579765,0.2003987862048756,0.0,0.5772946847899091,0.5888671875,0.4953416132675728,0.501708984375,0.23438698137523284,0.296875
coarse_d3,coarse,3,lambda2_N400_r005,3/4,400,267,138,129,133,True,included,272,9.555772356499855e-09,True,True,0.027777777777777776,0.02777777777777787,0.0888671875,0.07656956490081868,0.059037281515809927,0.21802278114749477,-5.684341886080802e-14,0.5257452499731549,0.5888671875,0.4496855241667147,0.501708984375,0.23551228805581526,0.296875
coarse_d3,coarse,3,lambda2_N400_r006,3/4,400,291,138,153,109,True,included,823,9.998731006957895e-09,True,True,0.027777777777777776,0.027777777777777193,0.0888671875,0.09154164822351972,0.03648299091579247,0.18210964276404015,5.684341886080802e-14,0.6126302083333335,0.5888671875,0.5251596102150538,0.501708984375,0.350525842184161,0.296875
coarse_d3,coarse,3,lambda2_N400_r007,3/4,400,295,148,147,105,True,included,286,9.538976493817152e-09,True,True,0.027777777777777776,0.02777777777777771,0.0888671875,0.071004614770518,0.0880509555371323,0.21684892970018965,-1.1368683772161603e-13,0.5029239691791545,0.5888671875,0.40972221000122305,0.501708984375,0.2107872025025063,0.296875
coarse_d3,coarse,3,lambda2_N400_r008,3/4,400,289,139,150,111,True,included,320,9.53515464816928e-09,True,True,0.027777777777777776,0.027777777777777846,0.0888671875,0.06046055190017714,0.06646708630525404,0.22575879715841943,-1.7053025658242404e-13,0.530367223389124,0.5888671875,0.4297316251365476,0.501708984375,0.22867943825427303,0.296875
coarse_d3,coarse,3,lambda2_N400_r009,3/4,400,275,132,143,125,True,included,225,9.859198051096676e-09,True,True,0.027777777777777776,0.027777777777777866,0.0888671875,0.06655303722656825,0.02343066824573916,0.20114390768014367,-1.1368683772161603e-13,0.5833333241418102,0.5888671875,0.5072751192161834,0.501708984375,0.33669187007523715,0.296875
coarse_d3,coarse,3,lambda2_N400_r010,3/4,400,285,143,142,115,True,included,309,9.598519275306516e-09,True,True,0.027777777777777776,0.027777777777777787,0.0888671875,0.06218198621700937,0.038079370570883266,0.19049676237910723,-1.1368683772161603e-13,0.612691951009409,0.5888671875,0.5516776686803829,0.501708984375,0.3327306358433882,0.296875
coarse_d3,coarse,3,lambda2_N400_r011,3/4,400,287,136,151,113,True,included,260,9.457289845558102e-09,True,True,0.027777777777777776,0.027777777777777863,0.0888671875,0.08700262641165672,0.04560862319112397,0.2308201378873502,-5.684341886080802e-14,0.5312499913637443,0.5888671875,0.45447197023701336,0.501708984375,0.270619281901009,0.296875
coarse_d3,coarse,3,lambda2_N400_r012,3/4,400,271,125,146,129,True,included,284,9.53244852630515e-09,True,True,0.027777777777777776,0.027777777777778,0.0888671875,0.06312546750994702,0.05132997454549846,0.20179581461066468,-5.684341886080802e-14,0.5462962878772046,0.5888671875,0.44460407333021945,0.501708984375,0.24366742064895133,0.296875
coarse_d3,coarse,3,lambda2_N400_r013,3/4,400,261,143,118,139,True,included,371,9.94869199197728e-09,True,True,0.027777777777777776,0.027777777777778005,0.0888671875,0.049178022320242785,0.08348348423571261,0.19753692112086038,-5.684341886080802e-14,0.5361875548298409,0.5888671875,0.4225080302928523,0.501708984375,0.18796888633038977,0.296875
coarse_d3,coarse,3,lambda2_N400_r014,3/4,400,266,143,123,134,True,included,259,9.489261800726831e-09,True,True,0.027777777777777776,0.02777777777777776,0.0888671875,0.03323470446914645,0.014075802486973984,0.16822847887618325,-5.684341886080802e-14,0.5968834603375994,0.5888671875,0.5218850319291672,0.501708984375,0.3079678410176139,0.296875
coarse_d3,coarse,3,lambda2_N400_r015,3/4,400,262,129,133,138,True,included,319,9.943970844375588e-09,True,True,0.027777777777777776,0.027777777777777783,0.0888671875,0.052906945586099714,0.026252873524296148,0.1881512438513816,-1.1368683772161603e-13,0.5757575661936949,0.5888671875,0.494172481136731,0.501708984375,0.253991680947099,0.296875
coarse_d3,coarse,3,lambda2_N400_r016,3/4,400,287,136,151,113,True,included,225,9.999844037607697e-09,True,False,0.027777777777777776,0.02777777777777782,0.0888671875,0.09368638154184195,0.08346786476631937,0.16956659098585766,-5.684341886080802e-14,0.6402012139523325,0.5888671875,0.583814835775502,0.501708984375,0.40422536208572213,0.296875
coarse_d3,coarse,3,lambda2_N400_r017,3/4,400,289,139,150,111,True,included,255,9.379689077725155e-09,True,True,0.027777777777777776,0.027777777777777894,0.0888671875,0.09016582009683816,0.024182198681701326,0.20416970175000265,-5.684341886080802e-14,0.5942028892423474,0.5888671875,0.5188405668065661,0.501708984375,0.334721735256175,0.296875
coarse_d3,coarse,3,lambda2_N400_r018,3/4,400,275,136,139,125,True,included,271,9.564923443990251e-09,True,True,0.027777777777777776,0.027777777777777606,0.0888671875,0.0534882273129711,0.01469163076998798,0.19017202536423616,-1.1368683772161603e-13,0.5977011404208152,0.5888671875,0.5135841033229348,0.501708984375,0.31757463453325185,0.296875
coarse_d3,coarse,3,lambda2_N400_r019,3/4,400,273,138,135,127,True,included,418,9.720434352427648e-09,True,True,0.027777777777777776,0.027777777777777797,0.0888671875,0.10067272963806681,0.06145558621030318,0.19913437439007067,-1.1368683772161603e-13,0.5420110113913272,0.5888671875,0.468267021102407,0.501708984375,0.20734008456303987,0.296875
coarse_d4,coarse,4,lambda0_N1600_r000,-3/4,1600,1250,612,638,350,True,included,214,9.335316553915618e-09,True,True,0.012345679012345678,0.012345679012345645,0.0,0.03213461401156157,0.03314638399335466,0.1476838889753259,-2.2737367544323206e-13,0.5305482094531679,0.5361328125,0.4501241944797907,0.435791015625,0.25843702860346607,0.203125
coarse_d4,coarse,4,lambda0_N1600_r001,-3/4,1600,1246,649,597,354,True,included,260,9.994033899364116e-09,True,True,0.012345679012345678,0.012345679012345689,0.0,0.027853189281989373,0.022451520721866004,0.13936273326121631,-2.2737367544323206e-13,0.5116395495102914,0.5361328125,0.4084088812513189,0.435791015625,0.1903770145343752,0.203125
coarse_d4,coarse,4,lambda0_N1600_r002,-3/4,1600,1224,631,593,376,True,included,214,9.71021721127376e-09,True,True,0.012345679012345678,0.012345679012345628,0.0,0.031408263307029095,0.06623008412799304,0.1365965374613376,-4.547473508864641e-13,0.566030664832182,0.5361328125,0.4948459690951298,0.435791015625,0.2968154639083773,0.203125
coarse_d4,coarse,4,lambda0_N1600_r003,-3/4,1600,1240,598,642,360,True,included,279,9.621760271681612e-09,True,True,0.012345679012345678,0.012345679012345673,0.0,0.0289020488261378,0.008523955401869206,0.12348426830909723,-2.2737367544323206e-13,0.5465601792212513,0.5361328125,0.42733677272579573,0.435791015625,0.20927066899051358,0.203125
coarse_d4,coarse,4,lambda0_N1600_r004,-3/4,1600,1242,617,625,358,True,included,252,9.581028548096575e-09,True,True,0.012345679012345678,0.01234567901234568,0.0,0.041510647052205016,0.01811093825679622,0.12982068788704296,-2.2737367544323206e-13,0.5460125423752027,0.5361328125,0.44886295940457904,0.435791015625,0.2298744575092843,0.203125
coarse_d4,coarse,4,lambda0_N1600_r005,-3/4,1600,1223,659,564,377,True,included,288,9.46191344263353e-09,True,True,0.012345679012345678,0.012345679012345689,0.0,0.01942064432046175,0.0073909716816943395,0.11834587597327084,-2.2737367544323206e-13,0.5434428024303493,0.5361328125,0.43478218624293297,0.435791015625,0.192664326135717,0.203125
coarse_d4,coarse,4,lambda0_N1600_r006,-3/4,1600,1205,594,611,395,True,included,227,9.474543783736669e-09,True,True,0.012345679012345678,0.012345679012345706,0.0,0.03964954877035332,0.057454403734878964,0.1303696916021048,-2.2737367544323206e-13,0.5536734445918862,0.5361328125,0.4948614604712199,0.435791015625,0.2812661178386783,0.203125
coarse_d4,coarse,4,lambda0_N1600_r007,-3/4,1600,1238,643,595,362,True,included,224,9.595196561187816e-09,True,True,0.012345679012345678,0.012345679012345697,0.0,0.030963802839928632,0.04829116600107436,0.14329053053736573,0.0,0.5503674758301736,0.5361328125,0.47707572521399644,0.435791015625,0.2744626286069196,0.203125
coarse_d4,coarse,4,lambda0_N1600_r008,-3/4,1600,1216,612,604,384,True,included,276,9.756204265517896e-09,True,True,0.012345679012345678,0.012345679012345722,0.0,0.0276612551711022,0.02109304534899577,0.11095202055784587,-2.2737367544323206e-13,0.5597664724005145,0.5361328125,0.45831347516765486,0.435791015625,0.21952434822304429,0.203125
coarse_d4,coarse,4,lambda0_N1600_r009,-3/4,1600,1266,599,667,334,True,included,270,9.736022964840105e-09,True,True,0.012345679012345678,0.012345679012345687,0.0,0.029620383813499948,0.023723078630263014,0.1491863856342044,-2.2737367544323206e-13,0.5136835071503683,0.5361328125,0.40350242238393574,0.435791015625,0.19121580964443763,0.203125
coarse_d4,coarse,4,lambda0_N1600_r010,-3/4,1600,1231,639,592,369,True,included,235,9.494686932154536e-09,True,True,0.012345679012345678,0.012345679012345758,0.0,0.052122376321685995,0.07771034229573204,0.11629616955738464,-4.547473508864641e-13,0.5921818621882021,0.5361328125,0.505128372012729,0.435791015625,0.3039591556089504,0.203125
coarse_d4,coarse,4,lambda0_N1600_r011,-3/4,1600,1233,608,625,367,True,included,287,9.987857456117267e-09,True,True,0.012345679012345678,0.012345679012345642,0.0,0.03240618310719351,0.03774928110611147,0.13660790517634103,-2.2737367544323206e-13,0.5033933133258929,0.5361328125,0.3974228453199399,0.435791015625,0.16151931080542933,0.203125
coarse_d4,coarse,4,lambda0_N1600_r012,-3/4,1600,1241,609,632,359,True,included,241,9.996950663826005e-09,True,True,0.012345679012345678,0.012345679012345708,0.0,0.027364250076369757,0.026911889098673408,0.13466807263923264,-2.2737367544323206e-13,0.5434247790650104,0.5361328125,0.45626041600345457,0.435791015625,0.24436309157004218,0.203125
coarse_d4,coarse,4,lambda0_N1600_r013,-3/4,1600,1254,654,600,346,True,included,285,9.675483958949262e-09,True,True,0.012345679012345678,0.012345679012345748,0.0,0.015462832341352623,0.006651444145193882,0.12151684359189234,-4.547473508864641e-13,0.5379723038206925,0.5361328125,0.43058695702306754,0.435791015625,0.19301267220672452,0.203125
coarse_d4,coarse,4,lambda0_N1600_r014,-3/4,1600,1259,614,645,341,True,included,250,9.811026094798001e-09,True,True,0.012345679012345678,0.01234567901234567,0.0,0.018245004834859507,0.03321275634871008,0.12958963432359655,-4.547473508864641e-13,0.553656207623339,0.5361328125,0.4682546853517965,0.435791015625,0.2472645777512332,0.203125
coarse_d4,coarse,4,lambda0_N1600_r015,-3/4,1600,1230,583,647,370,True,included,253,9.413469069101658e-09,True,True,0.012345679012345678,0.012345679012345692,0.0,0.01920590180945095,0.017620038275984747,0.1396105883463456,-4.547473508864641e-13,0.5428240622257343,0.5361328125,0.4419492057099357,0.435791015625,0.23225747532440666,0.203125
coarse_d4,coarse,4,lambda0_N1600_r016,-3/4,1600,1239,638,601,361,True,included,264,9.569222445735411e-09,True,True,0.012345679012345678,0.012345679012345725,0.0,0.030697016860661966,0.016783669577416244,0.1381733083822799,-2.2737367544323206e-13,0.5219234131671386,0.5361328125,0.41043916215669407,0.435791015625,0.20379670661191215,0.203125
coarse_d4,coarse,4,lambda0_N1600_r017,-3/4,1600,1260,595,665,340,True,included,273,9.944376271296133e-09,True,True,0.012345679012345678,0.012345679012345645,0.0,0.03305636702078751,0.0018080622853086288,0.12589006419460402,-2.2737367544323206e-13,0.5361844229567699,0.5361328125,0.43500457389735003,0.435791015625,0.2000941398164169,0.203125
coarse_d4,coarse,4,lambda0_N1600_r018,-3/4,1600,1242,638,604,358,True,included,256,9.558364042647924e-09,True,True,0.012345679012345678,0.012345679012345685,0.0,0.029671831144321932,0.019985931373893342,0.14434357082236332,-2.2737367544323206e-13,0.5071063392405044,0.5361328125,0.4188123935070375,0.435791015625,0.19490900342398174,0.203125
coarse_d4,coarse,4,lambda0_N1600_r019,-3/4,1600,1240,618,622,360,True,included,281,9.844377069795531e-09,True,True,0.012345679012345678,0.012345679012345661,0.0,0.023827809690015363,0.011960241768736076,0.11970912173491573,-2.2737367544323206e-13,0.5368117393851107,0.5361328125,0.4195850763433037,0.435791015625,0.19023900994170395,0.203125
coarse_d4,coarse,4,lambda0_N400_r000,-3/4,400,303,155,148,97,True,included,325,9.851729060702013e-09,True,True,0.012345679012345678,0.012345679012345685,0.0,0.05792612379832925,0.0836663331540856,0.1500024223220747,-1.1368683772161603e-13,0.4687616807898579,0.5361328125,0.3382820878756079,0.435791015625,0.1197385170929374,0.203125
coarse_d4,coarse,4,lambda0_N400_r001,-3/4,400,292,141,151,108,True,included,266,9.598466411336806e-09,True,True,0.012345679012345678,0.012345679012345722,0.0,0.05809518157519583,0.03627507246147751,0.13395853858188483,-5.684341886080802e-14,0.4850088089964191,0.5361328125,0.41272934216247104,0.435791015625,0.17480295683341562,0.203125
coarse_d4,coarse,4,lambda0_N400_r002,-3/4,400,303,148,155,97,True,included,333,9.747427765561874e-09,True,True,0.012345679012345678,0.012345679012345704,0.0,0.08224037177808576,0.11536233144942994,0.17720995005703122,-5.684341886080802e-14,0.4218608755636559,0.5361328125,0.3171255248965675,0.435791015625,0.09005056305096674,0.203125
coarse_d4,coarse,4,lambda0_N400_r003,-3/4,400,317,157,160,83,True,included,271,9.711791446752383e-09,True,True,0.012345679012345678,0.012345679012345649,0.0,0.04839842436033187,0.0402663117657367,0.1253913012924319,-5.684341886080802e-14,0.4994994894910227,0.5361328125,0.3877806205473553,0.435791015625,0.16823762120114324,0.203125
coarse_d4,coarse,4,lambda0_N400_r004,-3/4,400,306,143,163,94,True,included,165,9.582233603538827e-09,True,False,0.012345679012345678,0.012345679012345658,0.0,0.09672148408720241,0.14808588149551066,0.13324142064842298,-5.684341886080802e-14,0.6105025091017648,0.5361328125,0.5475836805493977,0.435791015625,0.421665232431857,0.203125
coarse_d4,coarse,4,lambda0_N400_r005,-3/4,400,304,157,147,96,True,included,274,9.85187879814176e-09,True,True,0.012345679012345678,0.012345679012345732,0.0,0.05034393783768355,0.08152051422969979,0.10232920031328696,-5.684341886080802e-14,0.613168709469567,0.5361328125,0.516460883304665,0.435791015625,0.28969650655650886,0.203125
coarse_d4,coarse,4,lambda0_N400_r006,-3/4,400,311,146,165,89,True,included,229,9.520308697156172e-09,True,True,0.012345679012345678,0.012345679012345675,0.0,0.03326216177415729,0.017202862818843957,0.1351106154423424,-5.684341886080802e-14,0.5163899430063361,0.5361328125,0.42125353458563186,0.435791015625,0.22005710609103485,0.203125
coarse_d4,coarse,4,lambda0_N400_r007,-3/4,400,300,133,167,100,True,included,315,9.749546923861392e-09,True,True,0.012345679012345678,0.012345679012345701,0.0,0.07649541707472557,0.05188581784191619,0.08652651533985328,-5.684341886080802e-14,0.6049382579101018,0.5361328125,0.48148145724574565,0.435791015625,0.23854545321268855,0.203125
coarse_d4,coarse,4,lambda0_N400_r008,-3/4,400,321,182,139,79,True,included,271,9.561462727142951e-09,True,True,0.012345679012345678,0.012345679012345711,0.0,0.03578545556564495,0.007287020469619526,0.11985435084734809,-1.1368683772161603e-13,0.5465486348965518,0.5361328125,0.437545898299244,0.435791015625,0.19621609034817433,0.203125
coarse_d4,coarse,4,lambda0_N400_r009,-3/4,400,305,151,154,95,True,included,245,9.709327928174418e-09,True,True,0.012345679012345678,0.012345679012345706,0.0,0.07359074623757834,0.03361530752719424,0.14757655372243972,-5.684341886080802e-14,0.4956658686190163,0.5361328125,0.3966002314138286,0.435791015625,0.18841189066545622,0.203125
coarse_d4,coarse,4,lambda0_N400_r010,-3/4,400,300,140,160,100,True,included,225,9.546035452482707e-09,True,False,0.012345679012345678,0.012345679012345642,0.0,0.06963915210375737,0.12908533628851107,0.1254225631150127,0.0,0.6201329402424476,0.5361328125,0.5691060205755057,0.435791015625,0.36174454522836424,0.203125
coarse_d4,coarse,4,lambda0_N400_r011,-3/4,400,325,165,160,75,True,included,294,9.906911880254763e-09,True,True,0.012345679012345678,0.012345679012345687,0.0,0.04242083299515392,0.019410673528796937,0.1006858172160712,-5.684341886080802e-14,0.5589719589409243,0.5361328125,0.45974064719745056,0.435791015625,0.19719952297966592,0.203125
coarse_d4,coarse,4,lambda0_N400_r012,-3/4,400,317,153,164,83,True,included,237,9.487630321058682e-09,True,True,0.012345679012345678,0.012345679012345684,0.0,0.030183651736856755,0.01889980811772064,0.13995172375273876,-5.684341886080802e-14,0.5135433830300971,0.5361328125,0.41915627482299034,0.435791015625,0.2199954272421955,0.203125
coarse_d4,coarse,4,lambda0_N400_r013,-3/4,400,312,158,154,88,True,included,289,9.57267304740456e-09,True,True,0.012345679012345678,0.012345679012345675,0.0,0.050797020856334835,0.0360553732813552,0.10965472553018595,-5.684341886080802e-14,0.5800524802523164,0.5361328125,0.46260952481899675,0.435791015625,0.23850578824038887,0.203125
coarse_d4,coarse,4,lambda0_N400_r014,-3/4,400,311,154,157,89,True,included,227,9.775992862671684e-09,True,True,0.012345679012345678,0.01234567901234569,0.0,0.043380582626596664,0.07166705757814551,0.1309699725393953,-5.684341886080802e-14,0.5800524800154114,0.5361328125,0.49428854694112817,0.435791015625,0.3034126017311312,0.203125
coarse_d4,coarse,4,lambda0_N400_r015,-3/4,400,304,150,154,96,True,included,224,9.491405462749993e-09,True,True,0.012345679012345678,0.012345679012345668,0.0,0.037032941356906414,0.022742571508459562,0.12761067140543375,-5.684341886080802e-14,0.5279593210766516,0.5361328125,0.4465729941149227,0.435791015625,0.24011981928929352,0.203125
coarse_d4,coarse,4,lambda0_N400_r016,-3/4,400,305,155,150,95,True,included,246,9.378638450187759e-09,True,True,0.012345679012345678,0.012345679012345664,0.0,0.04413222254080197,0.011099624573891418,0.13741274932574835,-5.684341886080802e-14,0.5264670964272864,0.5361328125,0.42123755747878194,0.435791015625,0.21114845223902828,0.203125
coarse_d4,coarse,4,lambda0_N400_r017,-3/4,400,335,166,169,65,True,included,342,9.895178826904591e-09,True,True,0.012345679012345678,0.012345679012345737,0.0,0.06203340127800444,0.04068956863538786,0.12426962814192097,-1.1368683772161603e-13,0.5276435733894923,0.5361328125,0.3984836085588204,0.435791015625,0.1439387415904264,0.203125
coarse_d4,coarse,4,lambda0_N400_r018,-3/4,400,300,141,159,100,True,included,265,9.76683504442614e-09,True,True,0.012345679012345678,0.01234567901234572,0.0,0.058669384451323886,0.02306392091793227,0.1470348929059285,-1.1368683772161603e-13,0.5402298718882308,0.5361328125,0.4594594421794997,0.435791015625,0.2350444773317087,0.203125
coarse_d4,coarse,4,lambda0_N400_r019,-3/4,400,317,151,166,83,True,included,164,9.422345744155433e-09,True,True,0.012345679012345678,0.012345679012345687,0.0,0.08746763193312124,0.10615174176950731,0.12836157325836633,-5.684341886080802e-14,0.5730784441268437,0.5361328125,0.5097072726289952,0.435791015625,0.36736867292627556,0.203125
coarse_d4,coarse,4,lambda1_N1600_r000,0,1600,1167,582,585,433,True,included,254,9.931943418509279e-09,True,True,0.012345679012345678,0.012345679012345625,0.0,0.03352137293977201,0.018231744556802442,0.13985875069758424,-4.547473508864641e-13,0.5545514592830313,0.5625,0.4421185285438381,0.46875,0.2350075032998566,0.25
coarse_d4,coarse,4,lambda1_N1600_r001,0,1600,1226,638,588,374,True,included,227,9.549762803270101e-09,True,True,0.012345679012345678,0.012345679012345635,0.0,0.030464577245817165,0.021848183500209752,0.15006400933527395,-6.821210263296962e-13,0.5697717797861016,0.5625,0.4851662268885171,0.46875,0.283311530740326,0.25
coarse_d4,coarse,4,lambda1_N1600_r002,0,1600,1205,602,603,395,True,included,255,9.553400748217317e-09,True,True,0.012345679012345678,0.012345679012345631,0.0,0.0209394807275969,0.004679626533957359,0.1441806196105319,-2.2737367544323206e-13,0.5646027587267931,0.5625,0.46900466539009866,0.46875,0.24217630108146188,0.25
coarse_d4,coarse,4,lambda1_N1600_r003,0,1600,1185,624,561,415,True,included,262,9.60844139442514e-09,True,True,0.012345679012345678,0.01234567901234573,0.0,0.02123525159187606,0.013099555113050143,0.135689251902664,-4.547473508864641e-13,0.5778261797365037,0.5625,0.4854756534658394,0.46875,0.2496053313990805,0.25
coarse_d4,coarse,4,lambda1_N1600_r004,0,1600,1194,584,610,406,True,included,293,9.572508860396715e-09,True,True,0.012345679012345678,0.012345679012345713,0.0,0.035284645378625384,0.03922938278550398,0.13964002052850394,-4.547473508864641e-13,0.5507286621117826,0.5625,0.43841082409807264,0.46875,0.19035267456869406,0.25
coarse_d4,coarse,4,lambda1_N1600_r005,0,1600,1202,602,600,398,True,included,235,9.776245847985507e-09,True,True,0.012345679012345678,0.01234567901234571,0.0,0.018187394107649597,0.012138040229716766,0.14818801325596098,-6.821210263296962e-13,0.5688225418478243,0.5625,0.47048381886095814,0.46875,0.2699753697986937,0.25
coarse_d4,coarse,4,lambda1_N1600_r006,0,1600,1191,623,568,409,True,included,249,9.637991336822754e-09,True,True,0.012345679012345678,0.012345679012345723,0.0,0.02308809530268264,0.01189460086546012,0.13769942975757476,-2.2737367544323206e-13,0.5769857787441562,0.5625,0.47733338545757004,0.46875,0.2618714909555599,0.25
coarse_d4,coarse,4,lambda1_N1600_r007,0,1600,1185,606,579,415,True,included,237,9.973694850410186e-09,True,True,0.012345679012345678,0.012345679012345668,0.0,0.02637062070381877,0.006080569606175841,0.1554024142723064,-4.547473508864641e-13,0.5571920074325412,0.5625,0.46204317887006385,0.46875,0.25614522135008105,0.25
coarse_d4,coarse,4,lambda1_N1600_r008,0,1600,1191,585,606,409,True,included,250,9.83270037832399e-09,True,True,0.012345679012345678,0.01234567901234567,0.0,0.01962182892642523,0.031247443127713336,0.13947554961277853,-4.547473508864641e-13,0.5896507369476788,0.5625,0.5024735298435644,0.46875,0.28247720930355946,0.25
coarse_d4,coarse,4,lambda1_N1600_r009,0,1600,1203,600,603,397,True,included,234,9.573903994883982e-09,True,True,0.012345679012345678,0.012345679012345685,0.0,0.028249972716579856,0.008899910139408392,0.15466474571388109,-2.2737367544323206e-13,0.5470977311070974,0.5625,0.46829273410704564,0.46875,0.24956846515494416,0.25
coarse_d4,coarse,4,lambda1_N1600_r010,0,1600,1198,623,575,402,True,included,284,9.995462736854845e-09,True,True,0.012345679012345678,0.01234567901234569,0.0,0.026693509839148664,0.03339739086771223,0.14812016420618143,-4.547473508864641e-13,0.5503674757312262,0.5625,0.4403510031931831,0.46875,0.2010872615206809,0.25
coarse_d4,coarse,4,lambda1_N1600_r011,0,1600,1176,573,603,424,True,included,234,9.817702968056047e-09,True,True,0.012345679012345678,0.012345679012345765,0.0,0.011980646969754363,0.019338461460270306,0.14024754196921377,-2.2737367544323206e-13,0.5783048845714165,0.5625,0.4852280309262794,0.46875,0.2745073131009472,0.25
coarse_d4,coarse,4,lambda1_N1600_r012,0,1600,1203,583,620,397,True,included,219,9.364792602601473e-09,True,True,0.012345679012345678,0.012345679012345677,0.0,0.04179324656579648,0.018696763286130246,0.1654691498255893,-2.2737367544323206e-13,0.5399465900935707,0.5625,0.44755881135994136,0.46875,0.25953855847320706,0.25
coarse_d4,coarse,4,lambda1_N1600_r013,0,1600,1230,628,602,370,True,included,271,9.556241251615338e-09,True,True,0.012345679012345678,0.01234567901234576,0.0,0.02511031047501076,0.020497301651240134,0.14236937113403617,-4.547473508864641e-13,0.5612431327747989,0.5625,0.45062434222863545,0.46875,0.21949919771416854,0.25
coarse_d4,coarse,4,lambda1_N1600_r014,0,1600,1207,613,594,393,True,included,237,9.393552796698498e-09,True,True,0.012345679012345678,0.012345679012345668,0.0,0.04131829122527837,0.038739351360644235,0.13655786132913558,-2.2737367544323206e-13,0.5932074990098435,0.5625,0.5077986807166356,0.46875,0.2951050115883042,0.25
coarse_d4,coarse,4,lambda1_N1600_r015,0,1600,1178,597,581,422,True,included,211,9.29658201241401e-09,True,True,0.012345679012345678,0.012345679012345666,0.0,0.04110010285513925,0.06551341013882107,0.14216886610654184,-2.2737367544323206e-13,0.6011757668223427,0.5625,0.5308436901483953,0.46875,0.3367443336968531,0.25
coarse_d4,coarse,4,lambda1_N1600_r016,0,1600,1184,572,612,416,True,included,253,9.582151384669535e-09,True,True,0.012345679012345678,0.012345679012345756,0.0,0.016505389552753616,0.008496036855301306,0.13796653702859976,-2.2737367544323206e-13,0.5650696454487695,0.5625,0.4563370517394041,0.46875,0.24252580676679406,0.25
coarse_d4,coarse,4,lambda1_N1600_r017,0,1600,1199,598,601,401,True,included,286,9.889421929683271e-09,True,True,0.012345679012345678,0.012345679012345736,0.0,0.05287924998293137,0.025346524586942584,0.13613389790004932,-2.2737367544323206e-13,0.5650696449357737,0.5625,0.442813096026376,0.46875,0.21467277447808117,0.25
coarse_d4,coarse,4,lambda1_N1600_r018,0,1600,1210,591,619,390,True,included,247,9.857835495555368e-09,True,True,0.012345679012345678,0.01234567901234569,0.0,0.03522683199023101,0.025183466596877282,0.14476581462328714,-4.547473508864641e-13,0.5843462380040754,0.5625,0.49732928904478485,0.46875,0.274669558007229,0.25
coarse_d4,coarse,4,lambda1_N1600_r019,0,1600,1185,595,590,415,True,included,256,9.96631163382168e-09,True,True,0.012345679012345678,0.0123456790123457,0.0,0.036825940700042664,0.03292841010306369,0.13184346366242508,-4.547473508864641e-13,0.5918937678182931,0.5625,0.5104338261153669,0.46875,0.2755206902252814,0.25
coarse_d4,coarse,4,lambda1_N400_r000,0,400,303,145,158,97,True,included,292,9.467553095734306e-09,True,True,0.012345679012345678,0.012345679012345604,0.0,0.02724367118746271,0.019303146333646878,0.1462803095820636,-1.1368683772161603e-13,0.574548895629442,0.5625,0.4681861165591442,0.46875,0.21881762477439384,0.25
coarse_d4,coarse,4,lambda1_N400_r001,0,400,317,163,154,83,True,included,258,9.447512405759746e-09,True,True,0.012345679012345678,0.012345679012345723,0.0,0.058280756252427846,0.034974534636424866,0.12554402765547498,-1.1368683772161603e-13,0.600735474917111,0.5625,0.5096751414302555,0.46875,0.273083229320873,0.25
coarse_d4,coarse,4,lambda1_N400_r002,0,400,293,125,168,107,True,included,281,9.967019155402703e-09,True,True,0.012345679012345678,0.012345679012345689,0.0,0.05783213656177082,0.018990469249469843,0.11085634421803009,-5.684341886080802e-14,0.5798783736326775,0.5625,0.46529974399030755,0.46875,0.22228715766479698,0.25
coarse_d4,coarse,4,lambda1_N400_r003,0,400,299,158,141,101,True,included,220,9.88320887039888e-09,True,True,0.012345679012345678,0.012345679012345722,0.0,0.0675575760819844,0.03153065268684951,0.14042255947017165,-1.1368683772161603e-13,0.5787944685991203,0.5625,0.47867183754425324,0.46875,0.30117219566711906,0.25
coarse_d4,coarse,4,lambda1_N400_r004,0,400,310,157,153,90,True,included,240,9.881309155858734e-09,True,True,0.012345679012345678,0.012345679012345736,0.0,0.04883572238438548,0.0230087541347411,0.163767146872934,-1.1368683772161603e-13,0.5376937108186733,0.5625,0.4468835432010849,0.46875,0.22775782419338267,0.25
coarse_d4,coarse,4,lambda1_N400_r005,0,400,300,147,153,100,True,included,285,9.652941438768418e-09,True,True,0.012345679012345678,0.012345679012345673,0.0,0.03898829496841115,0.016640485317384834,0.13574831183726252,-1.1368683772161603e-13,0.575617271364442,0.5625,0.47709984913120496,0.46875,0.22573202797446792,0.25
coarse_d4,coarse,4,lambda1_N400_r006,0,400,307,142,165,93,True,included,214,9.881315448831951e-09,True,False,0.012345679012345678,0.012345679012345652,0.0,0.08768056419529174,0.13295900175211967,0.15682307100497567,-5.684341886080802e-14,0.6408529586236755,0.5625,0.6009477307470479,0.46875,0.4215192767621415,0.25
coarse_d4,coarse,4,lambda1_N400_r007,0,400,303,161,142,97,True,included,307,9.781892699585556e-09,True,True,0.012345679012345678,0.012345679012345597,0.0,0.05109865880060513,0.07437813820957555,0.15436547574293497,-1.1368683772161603e-13,0.5173117868992786,0.5625,0.39298300101105,0.46875,0.1561186408729592,0.25
coarse_d4,coarse,4,lambda1_N400_r008,0,400,304,154,150,96,True,included,266,9.46834105856229e-09,True,True,0.012345679012345678,0.012345679012345701,0.0,0.06169045084657415,0.013497197478468696,0.15211518911490876,-5.684341886080802e-14,0.566030665217259,0.5625,0.4486455123931572,0.46875,0.23860407965505695,0.25
coarse_d4,coarse,4,lambda1_N400_r009,0,400,291,148,143,109,True,included,218,9.838794576306512e-09,True,True,0.012345679012345678,0.01234567901234568,0.0,0.07940168517251625,0.04994396349650298,0.18912588655818915,-1.1368683772161603e-13,0.4941282635400054,0.5625,0.4208135171269267,0.46875,0.2274035902757836,0.25
coarse_d4,coarse,4,lambda1_N400_r010,0,400,303,143,160,97,True,included,270,9.772984135196996e-09,True,True,0.012345679012345678,0.012345679012345678,0.0,0.06829289313931988,0.037358172971381394,0.16147399282529265,-5.684341886080802e-14,0.5198902503227146,0.5625,0.4471463475871248,0.46875,0.20635838341511964,0.25
coarse_d4,coarse,4,lambda1_N400_r011,0,400,308,162,146,92,True,included,185,9.450104237380224e-09,True,True,0.012345679012345678,0.012345679012345663,0.0,0.04851110458791528,0.04273614910091741,0.15598729813526882,-5.684341886080802e-14,0.5602908737029133,0.5625,0.4791138005761492,0.46875,0.32325876547245974,0.25
coarse_d4,coarse,4,lambda1_N400_r012,0,400,294,151,143,106,True,included,220,9.430333001264878e-09,True,True,0.012345679012345678,0.012345679012345715,0.0,0.03713406219572809,0.037972124010420466,0.15496175555556038,-1.1368683772161603e-13,0.5744253613700623,0.5625,0.5046590249229621,0.46875,0.3037956716740647,0.25
coarse_d4,coarse,4,lambda1_N400_r013,0,400,304,147,157,96,True,included,269,9.773407159597905e-09,True,True,0.012345679012345678,0.012345679012345708,0.0,0.06060874872168479,0.029595762335589675,0.1467937229685069,-1.7053025658242404e-13,0.5872489278930972,0.5625,0.5110487282978939,0.46875,0.2650344802769283,0.25
coarse_d4,coarse,4,lambda1_N400_r014,0,400,308,166,142,92,True,included,270,9.443080845411206e-09,True,True,0.012345679012345678,0.012345679012345713,0.0,0.03510534289424399,0.03035296650106883,0.1439866202470575,-5.684341886080802e-14,0.551656909885836,0.5625,0.4478737837133293,0.46875,0.20298384621671733,0.25
coarse_d4,coarse,4,lambda1_N400_r015,0,400,304,140,164,96,True,included,241,9.953421198360957e-09,True,True,0.012345679012345678,0.012345679012345647,0.0,0.043469410638842035,0.009066107958588131,0.14434069091248405,-5.684341886080802e-14,0.5692935918668133,0.5625,0.4649818794438897,0.46875,0.2636466595755926,0.25
coarse_d4,coarse,4,lambda1_N400_r016,0,400,304,171,133,96,True,included,192,9.324815352622289e-09,True,True,0.012345679012345678,0.01234567901234572,0.0,0.04612346299983075,0.07609115069986026,0.1257228923933313,-1.1368683772161603e-13,0.606272928370827,0.5625,0.5316005494599909,0.46875,0.3572535725228126,0.25
coarse_d4,coarse,4,lambda1_N400_r017,0,400,313,156,157,87,True,included,274,9.590517568601256e-09,True,True,0.012345679012345678,0.012345679012345671,0.0,0.05672110428348917,0.034811330628972764,0.15880536570790835,-5.684341886080802e-14,0.526467095935693,0.5625,0.45113231435711043,0.46875,0.20498074636602978,0.25
coarse_d4,coarse,4,lambda1_N400_r018,0,400,304,146,158,96,True,included,249,9.637234916525764e-09,True,True,0.012345679012345678,0.012345679012345704,0.0,0.05864695761923047,0.024493990713246892,0.16513299870082337,-5.684341886080802e-14,0.5381472490242399,0.5625,0.4515498554014652,0.46875,0.21981779847519425,0.25
coarse_d4,coarse,4,lambda1_N400_r019,0,400,304,157,147,96,True,included,411,9.8276694384786e-09,True,True,0.012345679012345678,0.012345679012345822,0.0,0.07511942644826994,0.04343696822488675,0.11588491008142462,-5.684341886080802e-14,0.6109240419878819,0.5625,0.4488090485792965,0.46875,0.1959835095577058,0.25
coarse_d4,coarse,4,lambda2_N1600_r000,3/4,1600,1193,585,608,407,True,included,221,9.928566952475951e-09,True,True,0.012345679012345678,0.012345679012345746,0.0,0.023529288382388037,0.023789897633437532,0.16273259994750347,-2.2737367544323206e-13,0.6064096245045747,0.5888671875,0.5269855544079267,0.501708984375,0.32428367744965797,0.296875
coarse_d4,coarse,4,lambda2_N1600_r001,3/4,1600,1159,594,565,441,True,included,262,9.98924740988192e-09,True,True,0.012345679012345678,0.012345679012345756,0.0,0.03802493066097375,0.061541301372859514,0.17922348412770314,-2.2737367544323206e-13,0.5460588676560598,0.5888671875,0.45043700547207366,0.501708984375,0.2138049858221262,0.296875
coarse_d4,coarse,4,lambda2_N1600_r002,3/4,1600,1163,577,586,437,True,included,225,9.314395068556183e-09,True,True,0.012345679012345678,0.012345679012345704,0.0,0.03745691862722206,0.03472723612300239,0.1724865723011737,0.0,0.5568902130595383,0.5888671875,0.468059238078137,0.501708984375,0.25862437299835334,0.296875
coarse_d4,coarse,4,lambda2_N1600_r003,3/4,1600,1172,546,626,428,True,included,223,9.616630501399407e-09,True,True,0.012345679012345678,0.012345679012345671,0.0,0.022403349879463554,0.012850246004546184,0.15560262220301924,-2.2737367544323206e-13,0.6001916768208292,0.5888671875,0.5151447276522756,0.501708984375,0.310536010626657,0.296875
coarse_d4,coarse,4,lambda2_N1600_r004,3/4,1600,1138,571,567,462,True,included,252,9.577169120634232e-09,True,True,0.012345679012345678,0.012345679012345649,0.0,0.030906796964097982,0.014906836360305382,0.14072392746034107,-2.2737367544323206e-13,0.6038326765312156,0.5888671875,0.5047908410204777,0.501708984375,0.27606208073114064,0.296875
coarse_d4,coarse,4,lambda2_N1600_r005,3/4,1600,1138,571,567,462,True,included,237,9.981951805645968e-09,True,True,0.012345679012345678,0.012345679012345684,0.0,0.01334239264534759,0.007972749220628284,0.16499593989736688,-2.2737367544323206e-13,0.5895960559851307,0.5888671875,0.4965981136926349,0.501708984375,0.2840671140696596,0.296875
coarse_d4,coarse,4,lambda2_N1600_r006,3/4,1600,1175,580,595,425,True,included,234,9.568282505224876e-09,True,True,0.012345679012345678,0.0123456790123457,0.0,0.03572754873646458,0.043912440174285756,0.14271051063270807,0.0,0.6287151222136685,0.5888671875,0.5541338780636685,0.501708984375,0.3349365268606987,0.296875
coarse_d4,coarse,4,lambda2_N1600_r007,3/4,1600,1128,577,551,472,True,included,234,9.868444243022543e-09,True,True,0.012345679012345678,0.012345679012345666,0.0,0.02000045398540009,0.012642797340223746,0.1670841287551444,-2.2737367544323206e-13,0.5828179071036939,0.5888671875,0.48937666541092173,0.501708984375,0.27982093627861654,0.296875
coarse_d4,coarse,4,lambda2_N1600_r008,3/4,1600,1182,600,582,418,True,included,247,9.39197330999208e-09,True,True,0.012345679012345678,0.012345679012345715,0.0,0.020257179273183837,0.016048177297679815,0.158799876812049,-2.2737367544323206e-13,0.5881667712231636,0.5888671875,0.49077377418011126,0.501708984375,0.27132969556325387,0.296875
coarse_d4,coarse,4,lambda2_N1600_r009,3/4,1600,1189,592,597,411,True,included,245,9.79802877986932e-09,True,True,0.012345679012345678,0.01234567901234564,0.0,0.029271583849625103,0.036267585368467796,0.1620113885307861,-4.547473508864641e-13,0.5658472137714413,0.5888671875,0.4768158790331234,0.501708984375,0.24399374281607897,0.296875
coarse_d4,coarse,4,lambda2_N1600_r010,3/4,1600,1167,580,587,433,True,included,264,9.550093295437058e-09,True,True,0.012345679012345678,0.012345679012345618,0.0,0.03728301077235614,0.04278797775110065,0.16185617591308923,-2.2737367544323206e-13,0.5697167643212085,0.5888671875,0.4728061227021122,0.501708984375,0.23137447329007824,0.296875
coarse_d4,coarse,4,lambda2_N1600_r011,3/4,1600,1154,558,596,446,True,included,254,9.61442217655501e-09,True,True,0.012345679012345678,0.012345679012345642,0.0,0.027798569120064,0.016347523150913684,0.14229678805068371,-2.2737367544323206e-13,0.5989974816505583,0.5888671875,0.5087243998362043,0.501708984375,0.2713821455925619,0.296875
coarse_d4,coarse,4,lambda2_N1600_r012,3/4,1600,1173,599,574,427,True,included,216,9.73316912678322e-09,True,True,0.012345679012345678,0.01234567901234565,0.0,0.020051684489404812,0.017124015190380096,0.1522390428401342,-2.2737367544323206e-13,0.5993146053311745,0.5888671875,0.5236950546766292,0.501708984375,0.3138207918691862,0.296875
coarse_d4,coarse,4,lambda2_N1600_r013,3/4,1600,1159,557,602,441,True,included,256,9.939257669225122e-09,True,True,0.012345679012345678,0.012345679012345614,0.0,0.0365999045904038,0.02774693382048741,0.1607903078257941,-4.547473508864641e-13,0.5738076919040739,0.5888671875,0.4948479541386856,0.501708984375,0.2517549948381188,0.296875
coarse_d4,coarse,4,lambda2_N1600_r014,3/4,1600,1175,580,595,425,True,included,234,9.414996655207087e-09,True,True,0.012345679012345678,0.012345679012345637,0.0,0.021884021401895958,0.008244434472714415,0.16262812943571944,-2.2737367544323206e-13,0.5869475306684966,0.5888671875,0.4906348109043597,0.501708984375,0.28806649848634436,0.296875
coarse_d4,coarse,4,lambda2_N1600_r015,3/4,1600,1167,569,598,433,True,included,269,9.874160500194326e-09,True,True,0.012345679012345678,0.012345679012345685,0.0,0.03892299274244373,0.022615757084673813,0.13326026720536263,0.0,0.610425227449918,0.5888671875,0.5027538032131988,0.501708984375,0.26418590896565025,0.296875
coarse_d4,coarse,4,lambda2_N1600_r016,3/4,1600,1176,592,584,424,True,included,218,9.897977476185235e-09,True,True,0.012345679012345678,0.01234567901234562,0.0,0.029182891979714708,0.018195498288404163,0.16970780690868728,-2.2737367544323206e-13,0.5945223188922861,0.5888671875,0.5241501571162719,0.501708984375,0.3182675624650796,0.296875
coarse_d4,coarse,4,lambda2_N1600_r017,3/4,1600,1152,555,597,448,True,included,244,9.654861700249107e-09,True,True,0.012345679012345678,0.01234567901234565,0.0,0.022678246636769202,0.01969460951222202,0.158677387059065,-2.2737367544323206e-13,0.5807127764796516,0.5888671875,0.4943318409815952,0.501708984375,0.26458388252504905,0.296875
coarse_d4,coarse,4,lambda2_N1600_r018,3/4,1600,1178,595,583,422,True,included,267,9.751413518582727e-09,True,True,0.012345679012345678,0.012345679012345661,0.0,0.03545961371438172,0.05927525282660329,0.16368168425183757,-2.2737367544323206e-13,0.5510662068381043,0.5888671875,0.4585775291638885,0.501708984375,0.21171967001212377,0.296875
coarse_d4,coarse,4,lambda2_N1600_r019,3/4,1600,1159,586,573,441,True,included,235,9.594933294249792e-09,True,True,0.012345679012345678,0.012345679012345687,0.0,0.027658789295647405,0.01684613826135115,0.14611979579700565,-2.2737367544323206e-13,0.6099481004729763,0.5888671875,0.5214827173162631,0.501708984375,0.3008714630306165,0.296875
coarse_d4,coarse,4,lambda2_N400_r000,3/4,400,286,143,143,114,True,included,160,9.112417623887618e-09,True,False,0.012345679012345678,0.012345679012345687,0.0,0.08497740583137865,0.12544979574233972,0.15075289850435578,0.0,0.6493111350150056,0.5888671875,0.6106759196070773,0.501708984375,0.47487974710050795,0.296875
coarse_d4,coarse,4,lambda2_N400_r001,3/4,400,286,122,164,114,True,included,292,9.889761612599626e-09,True,True,0.012345679012345678,0.01234567901234573,0.0,0.05649164487988871,0.050273001438709185,0.12719616963834784,-5.684341886080802e-14,0.5937308351672774,0.5888671875,0.4610715097234581,0.501708984375,0.22001756960915722,0.296875
coarse_d4,coarse,4,lambda2_N400_r002,3/4,400,289,141,148,111,True,included,223,9.952083423410549e-09,True,True,0.012345679012345678,0.01234567901234568,0.0,0.053198693108355705,0.0165542695872069,0.17585565571859213,-5.684341886080802e-14,0.582401182271497,0.5888671875,0.47382548289131055,0.501708984375,0.2985580466695339,0.296875
coarse_d4,coarse,4,lambda2_N400_r003,3/4,400,274,130,144,126,True,included,298,9.581319744089063e-09,True,True,0.012345679012345678,0.01234567901234571,0.0,0.05299826676661269,0.07295431541127127,0.16887955416896935,-1.1368683772161603e-13,0.560185174087709,0.5888671875,0.43312755149837884,0.501708984375,0.19469415256473738,0.296875
coarse_d4,coarse,4,lambda2_N400_r004,3/4,400,291,154,137,109,True,included,263,9.523837010360428e-09,True,True,0.012345679012345678,0.01234567901234565,0.0,0.06614451050002994,0.02224350829871439,0.17208877117888394,-1.1368683772161603e-13,0.6080736692061741,0.5888671875,0.5320879495347107,0.501708984375,0.28299874255786495,0.296875
coarse_d4,coarse,4,lambda2_N400_r005,3/4,400,280,145,135,120,True,included,203,9.920934372433164e-09,True,True,0.012345679012345678,0.012345679012345758,0.0,0.06409874166001736,0.014883059768627005,0.18312865734156925,-5.684341886080802e-14,0.5642701413713159,0.5888671875,0.49438893504274173,0.501708984375,0.29444218193317623,0.296875
coarse_d4,coarse,4,lambda2_N400_r006,3/4,400,306,147,159,94,True,included,199,9.814407761433697e-09,True,False,0.012345679012345678,0.012345679012345684,0.0,0.08600474442802158,0.0817248851917944,0.14663039278934312,-5.684341886080802e-14,0.6477596345797764,0.5888671875,0.5682214839061799,0.501708984375,0.4070777116812761,0.296875
coarse_d4,coarse,4,lambda2_N400_r007,3/4,400,308,153,155,92,True,included,210,9.896743834260278e-09,True,True,0.012345679012345678,0.012345679012345697,0.0,0.06765502783182456,0.04362926808860483,0.185588435297194,-5.684341886080802e-14,0.539996606741863,0.5888671875,0.45374596623804486,0.501708984375,0.264910107861928,0.296875
coarse_d4,coarse,4,lambda2_N400_r008,3/4,400,298,144,154,102,True,included,229,9.356442004467217e-09,True,True,0.012345679012345678,0.012345679012345697,0.0,0.052444828731250656,0.03311560255908571,0.20294498190350718,-5.684341886080802e-14,0.5567220646031619,0.5888671875,0.46173393191234036,0.501708984375,0.2712114918004425,0.296875
coarse_d4,coarse,4,lambda2_N400_r009,3/4,400,289,141,148,111,True,included,186,9.711040479251537e-09,True,False,0.012345679012345678,0.012345679012345682,0.0,0.0584877929933688,0.06626811303150805,0.1658455033365021,-5.684341886080802e-14,0.6212753980584381,0.5888671875,0.5521431266944669,0.501708984375,0.39475499586825635,0.296875
coarse_d4,coarse,4,lambda2_N400_r010,3/4,400,297,148,149,103,True,included,236,9.709344756549816e-09,True,False,0.012345679012345678,0.012345679012345677,0.0,0.05336225279653986,0.07459291231020443,0.16083804148734931,-5.684341886080802e-14,0.6415180479975932,0.5888671875,0.5850448626403149,0.501708984375,0.3803934170310067,0.296875
coarse_d4,coarse,4,lambda2_N400_r011,3/4,400,299,142,157,101,True,included,202,9.635597321891166e-09,True,True,0.012345679012345678,0.01234567901234564,0.0,0.06716383064805885,0.02163691604639802,0.2004800777812973,-1.1368683772161603e-13,0.5698924603240412,0.5888671875,0.49944380833897684,0.501708984375,0.32911313136830955,0.296875
coarse_d4,coarse,4,lambda2_N400_r012,3/4,400,287,131,156,113,True,included,212,9.826864958618322e-09,True,True,0.012345679012345678,0.01234567901234574,0.0,0.04525216491308631,0.010755152879246797,0.16059973325165094,-5.684341886080802e-14,0.5933187971058497,0.5888671875,0.5021661098312638,0.501708984375,0.314957979527784,0.296875
coarse_d4,coarse,4,lambda2_N400_r013,3/4,400,275,150,125,125,True,included,252,9.458492203603699e-09,True,True,0.012345679012345678,0.0123456790123457,0.0,0.03340156926409776,0.024565243581693007,0.15977781293601992,-5.684341886080802e-14,0.582455071902814,0.5888671875,0.4801156245641651,0.501708984375,0.2607783912627256,0.296875
coarse_d4,coarse,4,lambda2_N400_r014,3/4,400,277,152,125,123,True,included,209,9.901267015262774e-09,True,True,0.012345679012345678,0.012345679012345685,0.0,0.030435450754056115,0.04876126748545496,0.14003046128194155,-1.1368683772161603e-13,0.6241017012873904,0.5888671875,0.5541671304133235,0.501708984375,0.3529076295363012,0.296875
coarse_d4,coarse,4,lambda2_N400_r015,3/4,400,268,133,135,132,True,included,248,9.883486347747232e-09,True,True,0.012345679012345678,0.012345679012345645,0.0,0.03707793942979687,0.010984561586033142,0.1717514862091108,-5.684341886080802e-14,0.5913154403272873,0.5888671875,0.5127222533236118,0.501708984375,0.28155521720547944,0.296875
coarse_d4,coarse,4,lambda2_N400_r016,3/4,400,303,145,158,97,True,included,196,9.34001850705064e-09,True,False,0.012345679012345678,0.012345679012345706,0.0,0.07654958127704194,0.12760278964377322,0.13190930758786393,0.0,0.6753863290931745,0.5888671875,0.6245140358846396,0.501708984375,0.45898845791239573,0.296875
coarse_d4,coarse,4,lambda2_N400_r017,3/4,400,300,146,154,100,True,included,207,9.837143532346696e-09,True,True,0.012345679012345678,0.012345679012345654,0.0,0.07475227803425334,0.06127428685414451,0.17696233029531364,-1.1368683772161603e-13,0.6237507207184496,0.5888671875,0.5538758521984934,0.501708984375,0.38246338531094887,0.296875
coarse_d4,coarse,4,lambda2_N400_r018,3/4,400,285,143,142,115,True,included,214,9.960628806750225e-09,True,True,0.012345679012345678,0.01234567901234567,0.0,0.035611040544699886,0.04895537382261775,0.1647492698042298,-5.684341886080802e-14,0.6237507212569551,0.5888671875,0.545080414018183,0.501708984375,0.36084330497731315,0.296875
coarse_d4,coarse,4,lambda2_N400_r019,3/4,400,283,144,139,117,True,included,261,9.517037724050143e-09,True,True,0.012345679012345678,0.01234567901234574,0.0,0.08331930046415612,0.025782171807075288,0.1729110049391526,-1.1368683772161603e-13,0.5702572688520573,0.5888671875,0.5010614039853658,0.501708984375,0.2562866677255081,0.296875
aligned_d2,aligned,2,lambda0_N1600_r000,-3/4,1600,1137,556,581,463,True,included,37,8.260539222647711e-09,True,True,0.1111111111111111,0.11111111111111104,0.203125,0.048928963159526134,0.09536908156549605,0.22114058085964527,-4.547473508864641e-13,0.4460604329709314,0.5361328125,0.332320266843263,0.435791015625,0.11111111111111104,0.203125
aligned_d2,aligned,2,lambda0_N1600_r001,-3/4,1600,1128,581,547,472,True,included,59,9.52368003844582e-09,True,True,0.1111111111111111,0.11111111111111108,0.203125,0.04018962576561122,0.08819317702205857,0.21610098555695842,0.0,0.46280185387377515,0.5361328125,0.33837374724698305,0.435791015625,0.11111111111111108,0.203125
aligned_d2,aligned,2,lambda0_N1600_r002,-3/4,1600,1125,579,546,475,True,included,37,9.729402639398662e-09,True,True,0.1111111111111111,0.11111111111111119,0.203125,0.0368959274193089,0.07505931992450068,0.20178082803468217,-4.547473508864641e-13,0.47810892272844485,0.5361328125,0.36459848097488884,0.435791015625,0.11111111111111119,0.203125
aligned_d2,aligned,2,lambda0_N1600_r003,-3/4,1600,1134,546,588,466,True,included,42,8.353180903784838e-09,True,True,0.1111111111111111,0.11111111111111109,0.203125,0.036547986498204954,0.07129710246446738,0.1920563129034695,0.0,0.491191828695288,0.5361328125,0.36677230304866965,0.435791015625,0.11111111111111109,0.203125
aligned_d2,aligned,2,lambda0_N1600_r004,-3/4,1600,1134,556,578,466,True,included,42,7.339822348182392e-09,True,True,0.1111111111111111,0.11111111111111115,0.203125,0.07465547660953614,0.06980986837954961,0.19982645628319975,-4.547473508864641e-13,0.485985806352608,0.5361328125,0.37546709669140643,0.435791015625,0.11111111111111115,0.203125
aligned_d2,aligned,2,lambda0_N1600_r005,-3/4,1600,1115,610,505,485,True,included,47,9.875568971254513e-09,True,True,0.1111111111111111,0.11111111111111115,0.203125,0.028156661849958343,0.062213248418780134,0.18905020632320635,0.0,0.5021792525731823,0.5361328125,0.3911584618521117,0.435791015625,0.11111111111111115,0.203125
aligned_d2,aligned,2,lambda0_N1600_r006,-3/4,1600,1083,529,554,517,True,included,40,7.502006202874526e-09,True,True,0.1111111111111111,0.111111111111111,0.203125,0.04656749095395933,0.07683882787144555,0.2120270219550588,0.0,0.46707634062034303,0.5361328125,0.36887865242468965,0.435791015625,0.111111111111111,0.203125
aligned_d2,aligned,2,lambda0_N1600_r007,-3/4,1600,1147,601,546,453,True,included,37,7.80180602172123e-09,True,True,0.1111111111111111,0.11111111111111101,0.203125,0.0377907100769547,0.07293537754504968,0.20250585441071206,0.0,0.47398631209102077,0.5361328125,0.3755418278182192,0.435791015625,0.11111111111111101,0.203125
aligned_d2,aligned,2,lambda0_N1600_r008,-3/4,1600,1091,550,541,509,True,included,58,9.664739508747722e-09,True,True,0.1111111111111111,0.11111111111111097,0.203125,0.02953776297473662,0.06291433447692094,0.1932952140227225,0.0,0.5011112547196728,0.5361328125,0.3890836801175657,0.435791015625,0.11111111111111097,0.203125
aligned_d2,aligned,2,lambda0_N1600_r009,-3/4,1600,1175,551,624,425,True,included,46,7.61193521302243e-09,True,True,0.1111111111111111,0.11111111111111113,0.203125,0.03785146711202611,0.07747328903575308,0.20738210044095942,0.0,0.4790149528077281,0.5361328125,0.3565614384598455,0.435791015625,0.11111111111111113,0.203125
aligned_d2,aligned,2,lambda0_N1600_r010,-3/4,1600,1110,579,531,490,True,included,42,9.998514026331061e-09,True,True,0.1111111111111111,0.11111111111111098,0.203125,0.05393674439020024,0.06861805527458187,0.1951179707273271,0.0,0.4918741499682475,0.5361328125,0.37496398568402434,0.435791015625,0.11111111111111098,0.203125
aligned_d2,aligned,2,lambda0_N1600_r011,-3/4,1600,1133,562,571,467,True,included,53,7.482797118813008e-09,True,True,0.1111111111111111,0.1111111111111113,0.203125,0.0364410688575518,0.07576960922783564,0.20192359615282046,0.0,0.4731144811934158,0.5361328125,0.3666156210219073,0.435791015625,0.1111111111111113,0.203125
aligned_d2,aligned,2,lambda0_N1600_r012,-3/4,1600,1135,555,580,465,True,included,44,8.81463514142444e-09,True,True,0.1111111111111111,0.1111111111111113,0.203125,0.03608916271612479,0.07464559568147969,0.20343313962413037,-4.547473508864641e-13,0.47213742113637786,0.5361328125,0.37134003425396966,0.435791015625,0.1111111111111113,0.203125
aligned_d2,aligned,2,lambda0_N1600_r013,-3/4,1600,1133,596,537,467,True,included,56,9.660480134976192e-09,True,True,0.1111111111111111,0.11111111111111104,0.203125,0.029506914855168456,0.06717253651831616,0.19907727614328297,-4.547473508864641e-13,0.4946518352937913,0.5361328125,0.37791855439796435,0.435791015625,0.11111111111111104,0.203125
aligned_d2,aligned,2,lambda0_N1600_r014,-3/4,1600,1152,565,587,448,True,included,42,6.851833964402784e-09,True,True,0.1111111111111111,0.11111111111111094,0.203125,0.02243126044623333,0.06948216558110662,0.19785285563009136,-9.094947017729282e-13,0.4825737623953219,0.5361328125,0.3796823139384638,0.435791015625,0.11111111111111094,0.203125
aligned_d2,aligned,2,lambda0_N1600_r015,-3/4,1600,1138,544,594,462,True,included,48,9.474946072018266e-09,True,True,0.1111111111111111,0.11111111111111102,0.203125,0.028676918400052556,0.07415551513896405,0.19991012327709676,-4.547473508864641e-13,0.48454883803359283,0.5361328125,0.36251305777703846,0.435791015625,0.11111111111111102,0.203125
aligned_d2,aligned,2,lambda0_N1600_r016,-3/4,1600,1133,577,556,467,True,included,45,8.682573450446073e-09,True,True,0.1111111111111111,0.11111111111111134,0.203125,0.03755452460601988,0.07874381254663924,0.20724596453861963,-4.547473508864641e-13,0.4688513013291168,0.5361328125,0.3609017203335743,0.435791015625,0.11111111111111134,0.203125
aligned_d2,aligned,2,lambda0_N1600_r017,-3/4,1600,1155,547,608,445,True,included,42,8.325683799908935e-09,True,True,0.1111111111111111,0.11111111111111135,0.203125,0.03940312554309786,0.0696122831565921,0.19270600420639253,-4.547473508864641e-13,0.4882821732501613,0.5361328125,0.374298166660704,0.435791015625,0.11111111111111135,0.203125
aligned_d2,aligned,2,lambda0_N1600_r018,-3/4,1600,1141,580,561,459,True,included,42,9.865400524934994e-09,True,True,0.1111111111111111,0.11111111111111104,0.203125,0.039178877472493975,0.08118730370648376,0.21003962575236362,-4.547473508864641e-13,0.45951724515886033,0.5361328125,0.3620507014005204,0.435791015625,0.11111111111111104,0.203125
aligned_d2,aligned,2,lambda0_N1600_r019,-3/4,1600,1121,557,564,479,True,included,48,7.622054829496896e-09,True,True,0.1111111111111111,0.1111111111111111,0.203125,0.029856603987197215,0.07303351066775665,0.1968012168114671,-4.547473508864641e-13,0.4873974578155237,0.5361328125,0.3639579417892419,0.435791015625,0.1111111111111111,0.203125
aligned_d2,aligned,2,lambda0_N400_r000,-3/4,400,286,146,140,114,True,included,68,9.222928584021903e-09,True,True,0.1111111111111111,0.11111111111111092,0.203125,0.05701144881419998,0.06344224490459396,0.19497378282485606,4.592709501594072e-08,0.4839250735918352,0.5361328125,0.406083246182588,0.435791015625,0.11111111111111092,0.203125
aligned_d2,aligned,2,lambda0_N400_r001,-3/4,400,263,127,136,137,True,included,44,8.888181026835145e-09,True,True,0.1111111111111111,0.11111111111111101,0.203125,0.08635363878098515,0.08768994341869937,0.21358751322692143,-1.1368683772161603e-13,0.434430378852936,0.5361328125,0.370532776511982,0.435791015625,0.11111111111111101,0.203125
aligned_d2,aligned,2,lambda0_N400_r002,-3/4,400,287,140,147,113,True,included,65,8.952464531989077e-09,True,True,0.1111111111111111,0.111111111111111,0.203125,0.09442348984741361,0.09346599196913402,0.22021124919830265,0.0,0.4360989344750943,0.5361328125,0.3478459051118842,0.435791015625,0.111111111111111,0.203125
aligned_d2,aligned,2,lambda0_N400_r003,-3/4,400,283,143,140,117,True,included,50,9.323642855026405e-09,True,True,0.1111111111111111,0.11111111111111109,0.203125,0.0791158316295161,0.0860830838595695,0.21160999785454598,-1.1368683772161603e-13,0.44900436528260135,0.5361328125,0.3572227655659004,0.435791015625,0.11111111111111109,0.203125
aligned_d2,aligned,2,lambda0_N400_r004,-3/4,400,278,133,145,122,True,included,32,6.911736065978285e-09,True,True,0.1111111111111111,0.11111111111111109,0.203125,0.06232947528251235,0.07838537201772883,0.20707215820872527,0.0,0.46816065146304314,0.5361328125,0.36267447020207644,0.435791015625,0.11111111111111109,0.203125
aligned_d2,aligned,2,lambda0_N400_r005,-3/4,400,274,146,128,126,True,included,54,9.243489244099228e-09,True,True,0.1111111111111111,0.11111111111111126,0.203125,0.06642470999048011,0.06553161897245446,0.18100481959987486,-1.1368683772161603e-13,0.5177852011168746,0.5361328125,0.37191622667403823,0.435791015625,0.11111111111111126,0.203125
aligned_d2,aligned,2,lambda0_N400_r006,-3/4,400,280,132,148,120,True,included,56,8.592725261483532e-09,True,True,0.1111111111111111,0.11111111111111122,0.203125,0.055120094078488086,0.08525995847710345,0.21566988596193853,0.0,0.4509162779891171,0.5361328125,0.35782071322690134,0.435791015625,0.11111111111111122,0.203125
aligned_d2,aligned,2,lambda0_N400_r007,-3/4,400,268,113,155,132,True,included,59,8.189665516225949e-09,True,True,0.1111111111111111,0.11111111111111138,0.203125,0.11278768727839367,0.05499759515449404,0.17100836538097644,-5.684341886080802e-14,0.5267966955118093,0.5361328125,0.4129768185219031,0.435791015625,0.11111111111111138,0.203125
aligned_d2,aligned,2,lambda0_N400_r008,-3/4,400,291,164,127,109,True,included,39,7.2806033428114896e-09,True,True,0.1111111111111111,0.11111111111111127,0.203125,0.08221725687937179,0.07310048440666667,0.1948996261325383,-2.2737367544323206e-13,0.507599785088027,0.5361328125,0.35363048337429714,0.435791015625,0.11111111111111127,0.203125
aligned_d2,aligned,2,lambda0_N400_r009,-3/4,400,282,137,145,118,True,included,49,9.120514461872208e-09,True,True,0.1111111111111111,0.11111111111111113,0.203125,0.0824848463262034,0.08079631503227437,0.2085104889332626,5.9117155615240335e-12,0.4605894497743395,0.5361328125,0.36223302375446237,0.435791015625,0.11111111111111113,0.203125
aligned_d2,aligned,2,lambda0_N400_r010,-3/4,400,275,131,144,125,True,included,38,9.868003665112404e-09,True,True,0.1111111111111111,0.11111111111111113,0.203125,0.05734696532207306,0.06736933809233289,0.1923610994004038,-1.1368683772161603e-13,0.5022265704809561,0.5361328125,0.37254788043479614,0.435791015625,0.11111111111111113,0.203125
aligned_d2,aligned,2,lambda0_N400_r011,-3/4,400,295,150,145,105,True,included,39,7.360385988080051e-09,True,True,0.1111111111111111,0.11111111111111109,0.203125,0.06004075224511092,0.05800135347151462,0.17393693000606897,-2.2737367544323206e-13,0.5178285061990411,0.5361328125,0.3998623691716945,0.435791015625,0.11111111111111109,0.203125
aligned_d2,aligned,2,lambda0_N400_r012,-3/4,400,289,139,150,111,True,included,49,9.063948963932275e-09,True,True,0.1111111111111111,0.11111111111111117,0.203125,0.06543690663993842,0.08109250340259767,0.2109678481605839,5.896356469747843e-08,0.4505801404764066,0.5361328125,0.37300433801368166,0.435791015625,0.11111111111111117,0.203125
aligned_d2,aligned,2,lambda0_N400_r013,-3/4,400,283,143,140,117,True,included,65,9.860657898374896e-09,True,True,0.1111111111111111,0.11111111111111145,0.203125,0.05914488058173062,0.06153878062506435,0.1838631651802197,0.0,0.5155478630449183,0.5361328125,0.3860841884285837,0.435791015625,0.11111111111111145,0.203125
aligned_d2,aligned,2,lambda0_N400_r014,-3/4,400,282,142,140,118,True,included,52,8.943841487749485e-09,True,True,0.1111111111111111,0.11111111111111104,0.203125,0.0645202631494118,0.07759818258923314,0.20622695820425838,6.464711077569518e-08,0.4765297572293852,0.5361328125,0.35803914183788715,0.435791015625,0.11111111111111104,0.203125
aligned_d2,aligned,2,lambda0_N400_r015,-3/4,400,271,135,136,129,True,included,50,7.860253528828272e-09,True,True,0.1111111111111111,0.11111111111111109,0.203125,0.07584764218630613,0.08552225955927319,0.21485595146220968,-1.1368683772161603e-13,0.4474986106368811,0.5361328125,0.36082706994441177,0.435791015625,0.11111111111111109,0.203125
aligned_d2,aligned,2,lambda0_N400_r016,-3/4,400,277,136,141,123,True,included,44,9.277088517365794e-09,True,True,0.1111111111111111,0.11111111111111109,0.203125,0.0761941211693902,0.08397659396855837,0.21178903610486546,8.87714577402221e-08,0.4766950575887834,0.5361328125,0.34009983240346336,0.435791015625,0.11111111111111109,0.203125
aligned_d2,aligned,2,lambda0_N400_r017,-3/4,400,308,155,153,92,True,included,61,8.51036726804263e-09,True,True,0.1111111111111111,0.11111111111111129,0.203125,0.0832859702667721,0.0685863243206789,0.18889964015009458,-1.1368683772161603e-13,0.5044201784524556,0.5361328125,0.36767343533346425,0.435791015625,0.11111111111111129,0.203125
aligned_d2,aligned,2,lambda0_N400_r018,-3/4,400,276,131,145,124,True,included,53,9.861398139300814e-09,True,True,0.1111111111111111,0.11111111111111124,0.203125,0.08404418023325369,0.08234491370400546,0.21187511669398942,-1.1368683772161603e-13,0.4672477816150833,0.5361328125,0.3513496086596514,0.435791015625,0.11111111111111124,0.203125
aligned_d2,aligned,2,lambda0_N400_r019,-3/4,400,281,134,147,119,True,included,33,8.285419863047578e-09,True,True,0.1111111111111111,0.11111111111111117,0.203125,0.0971804711862996,0.08581290656463895,0.21999666864999204,1.9938852346967906e-08,0.4505105132173349,0.5361328125,0.3564573473856748,0.435791015625,0.11111111111111117,0.203125
aligned_d2,aligned,2,lambda1_N1600_r000,0,1600,1030,520,510,570,True,included,41,8.876170274729216e-09,True,True,0.1111111111111111,0.11111111111111109,0.25,0.05353411603157976,0.11003493936305668,0.23478836765364255,0.0,0.47392871630054106,0.5625,0.3728955901435176,0.46875,0.11111111111111109,0.25
aligned_d2,aligned,2,lambda1_N1600_r001,0,1600,1080,554,526,520,True,included,43,7.0977319166087435e-09,True,True,0.1111111111111111,0.111111111111111,0.25,0.04296581493805319,0.12103510609346915,0.24719321308741304,-4.547473508864641e-13,0.4619637944183143,0.5625,0.3481231429920398,0.46875,0.111111111111111,0.25
aligned_d2,aligned,2,lambda1_N1600_r002,0,1600,1070,534,536,530,True,included,51,8.807141988076625e-09,True,True,0.1111111111111111,0.11111111111111131,0.25,0.03787594815109116,0.11001616515648252,0.2349340334377452,-4.547473508864641e-13,0.48562179534347794,0.5625,0.36334464919077797,0.46875,0.11111111111111131,0.25
aligned_d2,aligned,2,lambda1_N1600_r003,0,1600,1054,560,494,546,True,included,54,8.073289895765592e-09,True,True,0.1111111111111111,0.11111111111111116,0.25,0.03188060067411087,0.10324217288745485,0.22455040663067552,-4.547473508864641e-13,0.49331764721088156,0.5625,0.37986514530955684,0.46875,0.11111111111111116,0.25
aligned_d2,aligned,2,lambda1_N1600_r004,0,1600,1070,515,555,530,True,included,53,8.274878063760033e-09,True,True,0.1111111111111111,0.11111111111111117,0.25,0.03333267183123901,0.09882455318020236,0.2230999437310225,-4.547473508864641e-13,0.5006766238791294,0.5625,0.39009490708144073,0.46875,0.11111111111111117,0.25
aligned_d2,aligned,2,lambda1_N1600_r005,0,1600,1057,533,524,543,True,included,42,8.951958876481816e-09,True,True,0.1111111111111111,0.11111111111111094,0.25,0.03546439052304075,0.1235766633029683,0.2466321408056184,-4.547473508864641e-13,0.4647985455185405,0.5625,0.33845081552556555,0.46875,0.11111111111111094,0.25
aligned_d2,aligned,2,lambda1_N1600_r006,0,1600,1055,557,498,545,True,included,51,8.157298066934695e-09,True,True,0.1111111111111111,0.11111111111111106,0.25,0.05093225675436898,0.10251060313376553,0.22983618154062294,-4.547473508864641e-13,0.4896519835803489,0.5625,0.38551350372896964,0.46875,0.11111111111111106,0.25
aligned_d2,aligned,2,lambda1_N1600_r007,0,1600,1067,551,516,533,True,included,39,8.633708968829392e-09,True,True,0.1111111111111111,0.11111111111111109,0.25,0.039924883008443365,0.11371998253928511,0.23611493664771507,0.0,0.47156078275735464,0.5625,0.3627469877941633,0.46875,0.11111111111111109,0.25
aligned_d2,aligned,2,lambda1_N1600_r008,0,1600,1066,514,552,534,True,included,48,7.984591456220845e-09,True,True,0.1111111111111111,0.11111111111111106,0.25,0.045169658055571896,0.09770482896988215,0.22371620316383098,-4.547473508864641e-13,0.493660434736627,0.5625,0.40085529026749256,0.46875,0.11111111111111106,0.25
aligned_d2,aligned,2,lambda1_N1600_r009,0,1600,1075,541,534,525,True,included,40,7.808373591742143e-09,True,True,0.1111111111111111,0.111111111111111,0.25,0.03902693589552714,0.1136409170898456,0.24112057755601918,-4.547473508864641e-13,0.4639483469245603,0.5625,0.37005743528324186,0.46875,0.111111111111111,0.25
aligned_d2,aligned,2,lambda1_N1600_r010,0,1600,1074,556,518,526,True,included,50,7.599280863590374e-09,True,True,0.1111111111111111,0.11111111111111101,0.25,0.02745299055602026,0.11147624573561926,0.2318722152376553,0.0,0.4860699861402512,0.5625,0.35852663761918274,0.46875,0.11111111111111101,0.25
aligned_d2,aligned,2,lambda1_N1600_r011,0,1600,1050,509,541,550,True,included,47,7.666435413695928e-09,True,True,0.1111111111111111,0.1111111111111111,0.25,0.02918391456358716,0.10112350542042854,0.22650482803258534,0.0,0.49555357420170626,0.5625,0.3856479984501592,0.46875,0.1111111111111111,0.25
aligned_d2,aligned,2,lambda1_N1600_r012,0,1600,1079,523,556,521,True,included,42,7.637711449802885e-09,True,True,0.1111111111111111,0.11111111111111101,0.25,0.05523683535685067,0.12327059990353119,0.24976543206019722,-4.547473508864641e-13,0.449936381781065,0.5625,0.35201855265867266,0.46875,0.11111111111111101,0.25
aligned_d2,aligned,2,lambda1_N1600_r013,0,1600,1105,561,544,495,True,included,49,9.872871787880961e-09,True,True,0.1111111111111111,0.11111111111111112,0.25,0.04686343865213758,0.10387707617889551,0.22412015927680617,-4.547473508864641e-13,0.4967900573795706,0.5625,0.3751368553542937,0.46875,0.11111111111111112,0.25
aligned_d2,aligned,2,lambda1_N1600_r014,0,1600,1069,536,533,531,True,included,58,8.967967115198487e-09,True,True,0.1111111111111111,0.11111111111111095,0.25,0.061646614275255404,0.10034563125028607,0.2287106449386454,0.0,0.49506801131530526,0.5625,0.38893433375400416,0.46875,0.11111111111111095,0.25
aligned_d2,aligned,2,lambda1_N1600_r015,0,1600,1046,531,515,554,True,included,39,7.738589245084386e-09,True,True,0.1111111111111111,0.11111111111111133,0.25,0.03794948559093695,0.10580595696891931,0.23274650577898567,-4.547473508864641e-13,0.4819350777530364,0.5625,0.3804104763603682,0.46875,0.11111111111111133,0.25
aligned_d2,aligned,2,lambda1_N1600_r016,0,1600,1048,511,537,552,True,included,40,6.9796558693811145e-09,True,True,0.1111111111111111,0.11111111111111115,0.25,0.04226145549903651,0.10972479601752713,0.23069729752710594,-4.547473508864641e-13,0.47853008298712935,0.5625,0.3698686460280538,0.46875,0.11111111111111115,0.25
aligned_d2,aligned,2,lambda1_N1600_r017,0,1600,1065,537,528,535,True,included,44,9.574740913318374e-09,True,True,0.1111111111111111,0.11111111111111104,0.25,0.06832797076686421,0.10526504751797071,0.2261631543537935,-4.547473508864641e-13,0.4995658169634714,0.5625,0.36879323016615395,0.46875,0.11111111111111104,0.25
aligned_d2,aligned,2,lambda1_N1600_r018,0,1600,1087,519,568,513,True,included,46,8.01577946939752e-09,True,True,0.1111111111111111,0.11111111111111115,0.25,0.04340689889171104,0.10071987032911336,0.22668455257135803,-4.547473508864641e-13,0.4964181491126006,0.5625,0.3864302431742802,0.46875,0.11111111111111115,0.25
aligned_d2,aligned,2,lambda1_N1600_r019,0,1600,1040,520,520,560,True,included,47,7.859636989101441e-09,True,True,0.1111111111111111,0.11111111111111113,0.25,0.040032821515891645,0.10419331067011092,0.23065652295749245,-4.547473508864641e-13,0.4947630978165747,0.5625,0.37552807880655054,0.46875,0.11111111111111113,0.25
aligned_d2,aligned,2,lambda1_N400_r000,0,400,275,131,144,125,True,included,43,8.28588967620321e-09,True,True,0.1111111111111111,0.11111111111111131,0.25,0.08252718432500639,0.1032957369887391,0.22047076049395387,7.421249392791651e-09,0.5154227265880509,0.5625,0.36626275829915794,0.46875,0.11111111111111131,0.25
aligned_d2,aligned,2,lambda1_N400_r001,0,400,280,145,135,120,True,included,53,8.180708022109684e-09,True,True,0.1111111111111111,0.11111111111111104,0.25,0.0882480174125794,0.09792356585908003,0.21905712162359298,1.684873041085666e-08,0.5160843740389457,0.5625,0.383178156140433,0.46875,0.11111111111111104,0.25
aligned_d2,aligned,2,lambda1_N400_r002,0,400,251,108,143,149,True,included,133,9.460892832327638e-09,True,True,0.1111111111111111,0.11111111111111081,0.25,0.11007679371184147,0.10290991370864004,0.22602134519426156,2.197083404098521e-08,0.4878944094146918,0.5625,0.3855921175402693,0.46875,0.11111111111111081,0.25
aligned_d2,aligned,2,lambda1_N400_r003,0,400,259,136,123,141,True,included,51,9.998220986435837e-09,True,True,0.1111111111111111,0.11111111111111142,0.25,0.09435268887498581,0.12625286292604615,0.24954628252928487,5.928984592173947e-08,0.44969109544311847,0.5625,0.34303848983901536,0.46875,0.11111111111111142,0.25
aligned_d2,aligned,2,lambda1_N400_r004,0,400,281,144,137,119,True,included,79,9.376037117126737e-09,True,True,0.1111111111111111,0.11111111111111134,0.25,0.08098553118807415,0.11906740206750803,0.23990981202602144,-1.1368683772161603e-13,0.4703903002498663,0.5625,0.34727235407093615,0.46875,0.11111111111111134,0.25
aligned_d2,aligned,2,lambda1_N400_r005,0,400,272,133,139,128,True,included,56,7.548102273932166e-09,True,True,0.1111111111111111,0.11111111111111113,0.25,0.08299651201179875,0.08489073936761372,0.2098730229684039,2.9259581424412318e-09,0.5276224181904808,0.5625,0.4353921865004532,0.46875,0.11111111111111113,0.25
aligned_d2,aligned,2,lambda1_N400_r006,0,400,276,127,149,124,True,included,44,6.974271363323287e-09,True,True,0.1111111111111111,0.11111111111111109,0.25,0.08226020373473761,0.10722545135120089,0.23883246262069,-1.1368683772161603e-13,0.48093250350665107,0.5625,0.37629183480393075,0.46875,0.11111111111111109,0.25
aligned_d2,aligned,2,lambda1_N400_r007,0,400,272,143,129,128,True,included,57,8.89497615433169e-09,True,True,0.1111111111111111,0.11111111111111133,0.25,0.07435880358871284,0.10867277369687256,0.23745038712665317,5.6274984672199935e-11,0.48239749464474235,0.5625,0.3701458398041143,0.46875,0.11111111111111133,0.25
aligned_d2,aligned,2,lambda1_N400_r008,0,400,274,137,137,126,True,included,43,8.651860969747473e-09,True,True,0.1111111111111111,0.11111111111111102,0.25,0.07627944819100459,0.1082608185469617,0.23201588526706332,-3.410605131648481e-13,0.4902861176231913,0.5625,0.36552090413719207,0.46875,0.11111111111111102,0.25
aligned_d2,aligned,2,lambda1_N400_r009,0,400,257,128,129,143,True,included,55,9.472123118716685e-09,True,True,0.1111111111111111,0.11111111111111102,0.25,0.11521321173197546,0.1621671416290994,0.2868273198165052,-1.7053025658242404e-13,0.38936942783115164,0.5625,0.29661567165102076,0.46875,0.11111111111111102,0.25
aligned_d2,aligned,2,lambda1_N400_r010,0,400,270,123,147,130,True,included,69,9.64246609142989e-09,True,True,0.1111111111111111,0.11111111111111101,0.25,0.07836889971317715,0.11922476374136905,0.2505534069716167,6.681273134745425e-08,0.45500679958284646,0.5625,0.3601280810570753,0.46875,0.11111111111111101,0.25
aligned_d2,aligned,2,lambda1_N400_r011,0,400,269,137,132,131,True,included,48,8.588481242173948e-09,True,True,0.1111111111111111,0.11111111111111106,0.25,0.08791844292098179,0.135843792194031,0.2598896469741035,-1.1368683772161603e-13,0.4247657720949364,0.5625,0.3379839239727249,0.46875,0.11111111111111106,0.25
aligned_d2,aligned,2,lambda1_N400_r012,0,400,258,129,129,142,True,included,56,8.82059886629746e-09,True,True,0.1111111111111111,0.11111111111111116,0.25,0.06350939864350698,0.12787630870633945,0.25531447922225803,1.864464138634503e-11,0.44883389804452345,0.5625,0.338954218887769,0.46875,0.11111111111111116,0.25
aligned_d2,aligned,2,lambda1_N400_r013,0,400,276,133,143,124,True,included,41,7.0575888836780605e-09,True,True,0.1111111111111111,0.11111111111111108,0.25,0.09301736484752884,0.1033895763000645,0.22074905979387768,-1.1368683772161603e-13,0.4987688859663315,0.5625,0.3753881496018958,0.46875,0.11111111111111108,0.25
aligned_d2,aligned,2,lambda1_N400_r014,0,400,278,143,135,122,True,included,45,7.732258344397535e-09,True,True,0.1111111111111111,0.11111111111111109,0.25,0.05581556610534506,0.09333840194424756,0.2222877836889976,-2.2737367544323206e-13,0.5120044611145865,0.5625,0.4032042226501255,0.46875,0.11111111111111109,0.25
aligned_d2,aligned,2,lambda1_N400_r015,0,400,269,124,145,131,True,included,57,8.378197572308292e-09,True,True,0.1111111111111111,0.11111111111111108,0.25,0.05353998835315828,0.11420647871419821,0.23772615529871607,-1.1368683772161603e-13,0.47220478266437177,0.5625,0.36064815167902375,0.46875,0.11111111111111108,0.25
aligned_d2,aligned,2,lambda1_N400_r016,0,400,265,145,120,135,True,included,43,7.742801351855203e-09,True,True,0.1111111111111111,0.11111111111111097,0.25,0.06173793215300631,0.10630104550362948,0.22885790971687792,0.0,0.4760723555896316,0.5625,0.38425221511554947,0.46875,0.11111111111111097,0.25
aligned_d2,aligned,2,lambda1_N400_r017,0,400,283,143,140,117,True,included,39,7.531621033946845e-09,True,True,0.1111111111111111,0.11111111111111101,0.25,0.0735334224444486,0.11260218380817168,0.23647121956708775,-2.2737367544323206e-13,0.4645661852346439,0.5625,0.37305987582920275,0.46875,0.11111111111111101,0.25
aligned_d2,aligned,2,lambda1_N400_r018,0,400,278,135,143,122,True,included,39,9.213432830417312e-09,True,True,0.1111111111111111,0.11111111111111105,0.25,0.07757745421051312,0.11500390722380081,0.23453116293078932,0.0,0.4772461946233256,0.5625,0.3542102198263514,0.46875,0.11111111111111105,0.25
aligned_d2,aligned,2,lambda1_N400_r019,0,400,273,138,135,127,True,included,51,9.886518485443079e-09,True,True,0.1111111111111111,0.11111111111111097,0.25,0.0981781936729425,0.08951258258497155,0.19573239745484325,0.0,0.5568300079474571,0.5625,0.400082430824821,0.46875,0.11111111111111097,0.25
aligned_d2,aligned,2,lambda2_N1600_r000,3/4,1600,1034,513,521,566,True,included,44,8.114696003047874e-09,True,True,0.1111111111111111,0.1111111111111112,0.296875,0.035713591577729666,0.1458827512765454,0.2711920153138362,-4.547473508864641e-13,0.4844045577055728,0.5888671875,0.36597148800295015,0.501708984375,0.1111111111111112,0.296875
aligned_d2,aligned,2,lambda2_N1600_r001,3/4,1600,1024,521,503,576,True,included,47,8.188276168219488e-09,True,True,0.1111111111111111,0.11111111111111108,0.296875,0.04548069517338393,0.1479038542518036,0.27429736134540234,-9.094947017729282e-13,0.47225977367150984,0.5888671875,0.3693415452794125,0.501708984375,0.11111111111111108,0.296875
aligned_d2,aligned,2,lambda2_N1600_r002,3/4,1600,1011,511,500,589,True,included,41,6.932146801634804e-09,True,True,0.1111111111111111,0.11111111111111141,0.296875,0.04257421751407889,0.15430312333202637,0.27948874507603094,-4.547473508864641e-13,0.45819667329608393,0.5888671875,0.3608354385524558,0.501708984375,0.11111111111111141,0.296875
aligned_d2,aligned,2,lambda2_N1600_r003,3/4,1600,1007,461,546,593,True,included,42,8.885788299358227e-09,True,True,0.1111111111111111,0.11111111111111098,0.296875,0.04687398948712865,0.14630440247196894,0.26996241185584147,0.0,0.47723601061333315,0.5888671875,0.37038803220127486,0.501708984375,0.11111111111111098,0.296875
aligned_d2,aligned,2,lambda2_N1600_r004,3/4,1600,962,476,486,638,True,included,52,9.52243836289354e-09,True,True,0.1111111111111111,0.11111111111111106,0.296875,0.03864967712864527,0.14404187903909785,0.2659847147108131,-2.2737367544323206e-13,0.4941440253020905,0.5888671875,0.3647290994303581,0.501708984375,0.11111111111111106,0.296875
aligned_d2,aligned,2,lambda2_N1600_r005,3/4,1600,988,497,491,612,True,included,42,7.022334476397349e-09,True,True,0.1111111111111111,0.11111111111111117,0.296875,0.02336693640593055,0.14685636384053785,0.2723966665477248,-4.547473508864641e-13,0.4813967545051173,0.5888671875,0.3651723284244374,0.501708984375,0.11111111111111117,0.296875
aligned_d2,aligned,2,lambda2_N1600_r006,3/4,1600,1006,495,511,594,True,included,49,9.740066820679283e-09,True,True,0.1111111111111111,0.11111111111111138,0.296875,0.03821923353156324,0.1328004038255679,0.25845719931547406,-4.547473508864641e-13,0.5039766456413209,0.5888671875,0.3959109916883794,0.501708984375,0.11111111111111138,0.296875
aligned_d2,aligned,2,lambda2_N1600_r007,3/4,1600,976,504,472,624,True,included,50,7.944851130351245e-09,True,True,0.1111111111111111,0.11111111111111123,0.296875,0.031429099827212065,0.15287106016719193,0.27728816813507245,0.0,0.47132274776298844,0.5888671875,0.35411574136668245,0.501708984375,0.11111111111111123,0.296875
aligned_d2,aligned,2,lambda2_N1600_r008,3/4,1600,1023,517,506,577,True,included,45,9.048272069691082e-09,True,True,0.1111111111111111,0.11111111111111109,0.296875,0.03741660454673147,0.14208727004776334,0.26794491158648187,-4.547473508864641e-13,0.4860122997989551,0.5888671875,0.3772942481507084,0.501708984375,0.11111111111111109,0.296875
aligned_d2,aligned,2,lambda2_N1600_r009,3/4,1600,1036,519,517,564,True,included,40,9.634443516684017e-09,True,True,0.1111111111111111,0.11111111111111106,0.296875,0.025767137998889758,0.14206131252791243,0.2662387694995693,0.0,0.4788037058210886,0.5888671875,0.3837172171323144,0.501708984375,0.11111111111111106,0.296875
aligned_d2,aligned,2,lambda2_N1600_r010,3/4,1600,1018,506,512,582,True,included,41,7.104349231145831e-09,True,True,0.1111111111111111,0.11111111111111112,0.296875,0.04594047532414055,0.14516374734260337,0.2652669526230227,0.0,0.4831492591135,0.5888671875,0.3692966064408168,0.501708984375,0.11111111111111112,0.296875
aligned_d2,aligned,2,lambda2_N1600_r011,3/4,1600,986,484,502,614,True,included,55,9.31154673222892e-09,True,True,0.1111111111111111,0.1111111111111114,0.296875,0.055929735286065554,0.13327306459376764,0.2594740139481276,0.0,0.4956368638901387,0.5888671875,0.40128481605322164,0.501708984375,0.1111111111111114,0.296875
aligned_d2,aligned,2,lambda2_N1600_r012,3/4,1600,997,513,484,603,True,included,41,8.203534452658165e-09,True,True,0.1111111111111111,0.11111111111111124,0.296875,0.03637484986350753,0.15263283768878946,0.2745616380986102,-4.547473508864641e-13,0.4670773491501643,0.5888671875,0.35835849681951754,0.501708984375,0.11111111111111124,0.296875
aligned_d2,aligned,2,lambda2_N1600_r013,3/4,1600,1003,481,522,597,True,included,49,8.421293223853704e-09,True,True,0.1111111111111111,0.11111111111111129,0.296875,0.04394244837248616,0.14330858537152244,0.27015267874047244,-4.547473508864641e-13,0.4766666100240913,0.5888671875,0.38123135191772595,0.501708984375,0.11111111111111129,0.296875
aligned_d2,aligned,2,lambda2_N1600_r014,3/4,1600,1017,503,514,583,True,included,43,8.068619583458767e-09,True,True,0.1111111111111111,0.11111111111111129,0.296875,0.034571329212740726,0.1486123015734827,0.27207531026826703,-4.547473508864641e-13,0.47451891031540416,0.5888671875,0.3650594412850403,0.501708984375,0.11111111111111129,0.296875
aligned_d2,aligned,2,lambda2_N1600_r015,3/4,1600,991,495,496,609,True,included,50,7.240444645230394e-09,True,True,0.1111111111111111,0.1111111111111111,0.296875,0.043658598616948555,0.13293983112655028,0.25417435603389044,-4.547473508864641e-13,0.509123904135057,0.5888671875,0.39147386092098435,0.501708984375,0.1111111111111111,0.296875
aligned_d2,aligned,2,lambda2_N1600_r016,3/4,1600,1031,515,516,569,True,included,37,9.60902147548125e-09,True,True,0.1111111111111111,0.11111111111111101,0.296875,0.06041520671136815,0.14718319369259122,0.2698871607769859,-4.547473508864641e-13,0.46961550859477386,0.5888671875,0.37419627057824245,0.501708984375,0.11111111111111101,0.296875
aligned_d2,aligned,2,lambda2_N1600_r017,3/4,1600,992,465,527,608,True,included,45,8.761778113078054e-09,True,True,0.1111111111111111,0.11111111111111115,0.296875,0.03757003590870908,0.1459443807790664,0.27168984385847933,-9.094947017729282e-13,0.47526829636191537,0.5888671875,0.3733097773679879,0.501708984375,0.11111111111111115,0.296875
aligned_d2,aligned,2,lambda2_N1600_r018,3/4,1600,1024,509,515,576,True,included,43,7.165132820396991e-09,True,True,0.1111111111111111,0.11111111111111112,0.296875,0.04169618366482016,0.1449948653599483,0.26988664867379986,0.0,0.47216054722068174,0.5888671875,0.3794720397067085,0.501708984375,0.11111111111111112,0.296875
aligned_d2,aligned,2,lambda2_N1600_r019,3/4,1600,985,490,495,615,True,included,41,9.071488171583337e-09,True,True,0.1111111111111111,0.1111111111111111,0.296875,0.04115219738856517,0.14594601479274324,0.267949396309399,0.0,0.4902969420728403,0.5888671875,0.3614363854721603,0.501708984375,0.1111111111111111,0.296875
aligned_d2,aligned,2,lambda2_N400_r000,3/4,400,242,125,117,158,True,included,36,9.2403329872919e-09,True,True,0.1111111111111111,0.11111111111111097,0.296875,0.1045684404884234,0.15066887147237315,0.2757180206367598,-5.684341886080802e-14,0.4507755350541096,0.5888671875,0.38118595918099235,0.501708984375,0.11111111111111097,0.296875
aligned_d2,aligned,2,lambda2_N400_r001,3/4,400,245,104,141,155,True,included,52,8.92372443150653e-09,True,True,0.1111111111111111,0.11111111111111113,0.296875,0.0865696463425916,0.1284991814816922,0.24047729212790267,-1.1368683772161603e-13,0.5096229701740218,0.5888671875,0.4081769014854145,0.501708984375,0.11111111111111113,0.296875
aligned_d2,aligned,2,lambda2_N400_r002,3/4,400,255,120,135,145,True,included,33,6.04488185868546e-09,True,True,0.1111111111111111,0.1111111111111111,0.296875,0.06987950885238828,0.14626619298289661,0.27174858528112766,-1.1368683772161603e-13,0.4852797566882159,0.5888671875,0.3640760690101781,0.501708984375,0.1111111111111111,0.296875
aligned_d2,aligned,2,lambda2_N400_r003,3/4,400,244,112,132,156,True,included,76,8.836493387646993e-09,True,True,0.1111111111111111,0.11111111111111133,0.296875,0.08165172835415407,0.13600520854496967,0.2569773377401683,6.028756160958437e-08,0.5051005564425589,0.5888671875,0.3835261626103914,0.501708984375,0.11111111111111133,0.296875
aligned_d2,aligned,2,lambda2_N400_r004,3/4,400,262,138,124,138,True,included,53,8.627947523522561e-09,True,True,0.1111111111111111,0.11111111111111108,0.296875,0.08304668900710603,0.1347242264584732,0.2518974539988203,-1.1368683772161603e-13,0.52249730605808,0.5888671875,0.3770547906759354,0.501708984375,0.11111111111111108,0.296875
aligned_d2,aligned,2,lambda2_N400_r005,3/4,400,244,123,121,156,True,included,37,7.032012334906033e-09,True,True,0.1111111111111111,0.11111111111111113,0.296875,0.09996539062590928,0.16132904785092986,0.2893297554764471,3.280837290731142e-08,0.4591843671489149,0.5888671875,0.3381384224387897,0.501708984375,0.11111111111111113,0.296875
aligned_d2,aligned,2,lambda2_N400_r006,3/4,400,261,126,135,139,True,included,36,6.187654206807698e-09,True,True,0.1111111111111111,0.11111111111111097,0.296875,0.10351941768261466,0.14109738411534908,0.26569423549831656,3.8896473597560544e-08,0.4917156456834539,0.5888671875,0.3760954066052084,0.501708984375,0.11111111111111097,0.296875
aligned_d2,aligned,2,lambda2_N400_r007,3/4,400,264,126,138,136,False,excluded,60,7.738254804611312e-09,True,True,0.1111111111111111,0.11111111111111102,0.296875,0.12657159961128336,0.17477511615988267,0.30476758398644826,4.660671493184054e-08,0.431949245134859,0.5888671875,0.32141045239298904,0.501708984375,0.11111111111111102,0.296875
aligned_d2,aligned,2,lambda2_N400_r008,3/4,400,263,127,136,137,True,included,62,8.046823428963837e-09,True,True,0.1111111111111111,0.11111111111111109,0.296875,0.09473370524571822,0.16972003448010292,0.3009479674722527,1.1368683772161603e-13,0.451024587419748,0.5888671875,0.32030924484989975,0.501708984375,0.11111111111111109,0.296875
aligned_d2,aligned,2,lambda2_N400_r009,3/4,400,244,115,129,156,True,included,43,7.60987379486383e-09,True,True,0.1111111111111111,0.11111111111111129,0.296875,0.07260383432466957,0.15724126196824495,0.2947400776274597,7.902593779363087e-08,0.4609817040961802,0.5888671875,0.34902786532111485,0.501708984375,0.11111111111111129,0.296875
aligned_d2,aligned,2,lambda2_N400_r010,3/4,400,259,129,130,141,True,included,39,8.55439990315259e-09,True,True,0.1111111111111111,0.11111111111111109,0.296875,0.06639587164042701,0.1371373098482975,0.26442093358032337,0.0,0.49632554228639925,0.5888671875,0.386176535498849,0.501708984375,0.11111111111111109,0.296875
aligned_d2,aligned,2,lambda2_N400_r011,3/4,400,261,124,137,139,True,included,42,9.969274155451903e-09,True,True,0.1111111111111111,0.11111111111111105,0.296875,0.07481681851646009,0.17700444596101458,0.30679315074580155,1.0517851478653029e-08,0.4256212204551949,0.5888671875,0.3205067396361996,0.501708984375,0.11111111111111105,0.296875
aligned_d2,aligned,2,lambda2_N400_r012,3/4,400,246,114,132,154,True,included,48,7.502320585910816e-09,True,True,0.1111111111111111,0.11111111111111102,0.296875,0.05900112951591656,0.15908104572956364,0.27736232971273916,-1.1368683772161603e-13,0.4601845852411177,0.5888671875,0.3440609498423952,0.501708984375,0.11111111111111102,0.296875
aligned_d2,aligned,2,lambda2_N400_r013,3/4,400,241,131,110,159,True,included,54,7.579404884261039e-09,True,True,0.1111111111111111,0.1111111111111111,0.296875,0.06663409157247163,0.13728062423742737,0.2592645373669405,1.0516032489249483e-11,0.4901731539580563,0.5888671875,0.3908524342701396,0.501708984375,0.1111111111111111,0.296875
aligned_d2,aligned,2,lambda2_N400_r014,3/4,400,235,123,112,165,True,included,60,8.203371175732946e-09,True,True,0.1111111111111111,0.11111111111111106,0.296875,0.07425372394856786,0.1438761768563977,0.26236157863801834,2.411439936622628e-08,0.48701348597782873,0.5888671875,0.37048907783811347,0.501708984375,0.11111111111111106,0.296875
aligned_d2,aligned,2,lambda2_N400_r015,3/4,400,238,117,121,162,True,included,42,9.602255065773603e-09,True,True,0.1111111111111111,0.11111111111111081,0.296875,0.07578490411143181,0.14675603848615718,0.26220243961766326,-5.684341886080802e-14,0.489096315185154,0.5888671875,0.3597598557448373,0.501708984375,0.11111111111111081,0.296875
aligned_d2,aligned,2,lambda2_N400_r016,3/4,400,257,124,133,143,True,included,44,8.513179176737525e-09,True,True,0.1111111111111111,0.11111111111111101,0.296875,0.11497261710251519,0.1244827978188461,0.25316027764444476,7.916821687103948e-08,0.5022543000820341,0.5888671875,0.43479197475545406,0.501708984375,0.11111111111111101,0.296875
aligned_d2,aligned,2,lambda2_N400_r017,3/4,400,263,127,136,137,True,included,49,9.940155595127405e-09,True,True,0.1111111111111111,0.11111111111111112,0.296875,0.0950652877848326,0.14141687244015727,0.27789132922317467,0.0,0.47976024838217046,0.5888671875,0.3851600725247304,0.501708984375,0.11111111111111112,0.296875
aligned_d2,aligned,2,lambda2_N400_r018,3/4,400,244,120,124,156,True,included,62,8.2724636321413e-09,True,True,0.1111111111111111,0.11111111111111108,0.296875,0.060724207115599185,0.15680964549872217,0.28291829826166076,-1.1368683772161603e-13,0.46409145903068605,0.5888671875,0.34779150669902803,0.501708984375,0.11111111111111108,0.296875
aligned_d2,aligned,2,lambda2_N400_r019,3/4,400,251,126,125,149,True,included,41,7.371678081592355e-09,True,True,0.1111111111111111,0.1111111111111111,0.296875,0.10588709879075586,0.1365072441076256,0.2643725812038582,2.571073309809435e-08,0.4907331507804399,0.5888671875,0.39324621885808525,0.501708984375,0.1111111111111111,0.296875
aligned_d3,aligned,3,lambda0_N1600_r000,-3/4,1600,1238,606,632,362,True,included,41,6.948128302111151e-09,True,True,0.027777777777777776,0.02777777777777805,0.0361328125,0.052800485668476185,0.023277666490842928,0.15474675928024156,-4.547473508864641e-13,0.5085080584367837,0.5361328125,0.40759023562328245,0.435791015625,0.21131879289573988,0.203125
aligned_d3,aligned,3,lambda0_N1600_r001,-3/4,1600,1225,633,592,375,True,included,60,8.5885026887159e-09,True,True,0.027777777777777776,0.027777777777777735,0.0361328125,0.04637464610048059,0.016806570637773095,0.15177533287611267,-9.094947017729282e-13,0.5218317847243807,0.5361328125,0.41107644043060854,0.435791015625,0.20878652164432027,0.203125
aligned_d3,aligned,3,lambda0_N1600_r002,-3/4,1600,1206,622,584,394,True,included,45,7.3218663577305055e-09,True,True,0.027777777777777776,0.02777777777777776,0.0361328125,0.04246952630640902,0.01931505483340258,0.14756893456664794,-9.094947017729282e-13,0.5198410221792776,0.5361328125,0.41540724280285857,0.435791015625,0.18218954196027728,0.203125
aligned_d3,aligned,3,lambda0_N1600_r003,-3/4,1600,1222,588,634,378,True,included,44,7.248410977089855e-09,True,True,0.027777777777777776,0.02777777777777784,0.0361328125,0.04709948016193897,0.009023562277644403,0.13422179474845297,-9.094947017729282e-13,0.5376694981696417,0.5361328125,0.424615217600995,0.435791015625,0.19230769145235538,0.203125
aligned_d3,aligned,3,lambda0_N1600_r004,-3/4,1600,1219,603,616,381,True,included,42,9.538496914567996e-09,True,True,0.027777777777777776,0.027777777777777863,0.0361328125,0.07573037723282192,0.008639358136982642,0.1435835527282216,0.0,0.5314974778962611,0.5361328125,0.43076427858806665,0.435791015625,0.1898148116117747,0.203125
aligned_d3,aligned,3,lambda0_N1600_r005,-3/4,1600,1200,649,551,400,True,included,48,7.365959504568309e-09,True,True,0.027777777777777776,0.02777777777777768,0.0361328125,0.030797896705039577,0.011028219487115099,0.13225750639808795,-4.547473508864641e-13,0.546794105235298,0.5361328125,0.44572303284387255,0.435791015625,0.19077361358614928,0.203125
aligned_d3,aligned,3,lambda0_N1600_r006,-3/4,1600,1188,584,604,412,True,included,43,8.903066411301135e-09,True,True,0.027777777777777776,0.02777777777777755,0.0361328125,0.06099138467835862,0.010997381000362426,0.14058035139436376,-4.547473508864641e-13,0.5317270162778206,0.5361328125,0.4454420042107242,0.435791015625,0.2189450678117462,0.203125
aligned_d3,aligned,3,lambda0_N1600_r007,-3/4,1600,1227,637,590,373,True,included,43,8.533249909271498e-09,True,True,0.027777777777777776,0.027777777777777853,0.0361328125,0.041407803208025534,0.017615094765819853,0.14993145979556888,0.0,0.5161759036393924,0.5361328125,0.4256272835041455,0.435791015625,0.1824055639813398,0.203125
aligned_d3,aligned,3,lambda0_N1600_r008,-3/4,1600,1197,601,596,403,True,included,59,8.807931916541968e-09,True,True,0.027777777777777776,0.02777777777777742,0.0361328125,0.04666025788138324,0.03514393520309451,0.1222439834280623,0.0,0.5707185314902568,0.5361328125,0.47432156482869364,0.435791015625,0.23513302031783054,0.203125
aligned_d3,aligned,3,lambda0_N1600_r009,-3/4,1600,1249,589,660,351,True,included,46,8.151374117459999e-09,True,True,0.027777777777777776,0.027777777777777755,0.0361328125,0.049835481820293244,0.03202685835131861,0.15934616729103365,0.0,0.5130158797863247,0.5361328125,0.39855402090351405,0.435791015625,0.16912246165960965,0.203125
aligned_d3,aligned,3,lambda0_N1600_r010,-3/4,1600,1203,626,577,397,True,included,46,8.725495792044066e-09,True,True,0.027777777777777776,0.027777777777777648,0.0361328125,0.06713117892107845,0.01313913043328572,0.13298169084347083,-4.547473508864641e-13,0.5512475497244577,0.5361328125,0.447998083727741,0.435791015625,0.21497584185192434,0.203125
aligned_d3,aligned,3,lambda0_N1600_r011,-3/4,1600,1214,602,612,386,True,included,53,7.875793343503873e-09,True,True,0.027777777777777776,0.027777777777777735,0.0361328125,0.044716968025063676,0.021073839790548547,0.14810038711215906,-4.547473508864641e-13,0.5145336796165911,0.5361328125,0.4164068419506117,0.435791015625,0.18098789449365346,0.203125
aligned_d3,aligned,3,lambda0_N1600_r012,-3/4,1600,1222,602,620,378,True,included,45,9.672914526824277e-09,True,True,0.027777777777777776,0.027777777777778095,0.0361328125,0.04698532148357172,0.008168971101840965,0.14601200568444533,-9.094947017729282e-13,0.5235125997378424,0.5361328125,0.432525500552721,0.435791015625,0.19762382669435596,0.203125
aligned_d3,aligned,3,lambda0_N1600_r013,-3/4,1600,1229,646,583,371,True,included,57,7.767737273037705e-09,True,True,0.027777777777777776,0.027777777777777842,0.0361328125,0.04115410326397428,0.01375448125183376,0.13615114762995892,0.0,0.5527656186817823,0.5361328125,0.4494563750570383,0.435791015625,0.21333112431991721,0.203125
aligned_d3,aligned,3,lambda0_N1600_r014,-3/4,1600,1237,602,635,363,True,included,45,7.148152102747606e-09,True,True,0.027777777777777776,0.027777777777777665,0.0361328125,0.032589501067571774,0.0063452386589337335,0.14256186891387768,-1.3642420526593924e-12,0.5306603742811657,0.5361328125,0.4373310639560335,0.435791015625,0.19371931916363283,0.203125
aligned_d3,aligned,3,lambda0_N1600_r015,-3/4,1600,1212,575,637,388,True,included,52,7.393544510765429e-09,True,True,0.027777777777777776,0.027777777777777693,0.0361328125,0.04388044650358232,0.025425156723379395,0.15062196252437132,-9.094947017729282e-13,0.5206773739644124,0.5361328125,0.40719521521269747,0.435791015625,0.17341430492772603,0.203125
aligned_d3,aligned,3,lambda0_N1600_r016,-3/4,1600,1219,626,593,381,True,included,46,7.741872388632206e-09,True,True,0.027777777777777776,0.027777777777777776,0.0361328125,0.05040778440421251,0.01684139426447646,0.15017334128360416,0.0,0.5164463144315253,0.5361328125,0.4181698470611005,0.435791015625,0.1907623993610889,0.203125
aligned_d3,aligned,3,lambda0_N1600_r017,-3/4,1600,1240,585,655,360,True,included,44,9.492974905081228e-09,True,True,0.027777777777777776,0.027777777777777905,0.0361328125,0.05061453359653774,0.011603559853454345,0.13767015925825069,0.0,0.5312718522204626,0.5361328125,0.4268637010016817,0.435791015625,0.18578712462280517,0.203125
aligned_d3,aligned,3,lambda0_N1600_r018,-3/4,1600,1224,624,600,376,True,included,43,9.632493309884749e-09,True,True,0.027777777777777776,0.027777777777777245,0.0361328125,0.047936721591380044,0.02373535841243086,0.15515469150269892,-4.547473508864641e-13,0.5048659689889005,0.5361328125,0.4155772687380269,0.435791015625,0.18569254031866256,0.203125
aligned_d3,aligned,3,lambda0_N1600_r019,-3/4,1600,1217,608,609,383,True,included,48,8.51103479120658e-09,True,True,0.027777777777777776,0.02777777777777765,0.0361328125,0.038917124957185,0.004351948364079968,0.13331292286092766,-4.547473508864641e-13,0.5418614778238539,0.5361328125,0.4315374103515802,0.435791015625,0.20555555538428252,0.203125
aligned_d3,aligned,3,lambda0_N400_r000,-3/4,400,300,154,146,100,True,included,68,9.017524765416359e-09,True,True,0.027777777777777776,0.02777777777777754,0.0361328125,0.11231435216667027,0.04706548059498602,0.15753624439052966,4.592754976329161e-08,0.49680194312188175,0.5361328125,0.42090238999149876,0.435791015625,0.13329026701119373,0.203125
aligned_d3,aligned,3,lambda0_N400_r001,-3/4,400,288,140,148,112,True,included,45,7.767395615587702e-09,True,True,0.027777777777777776,0.027777777777778043,0.0361328125,0.09186701133981637,0.02379528905908506,0.1438060654918455,-2.2737367544323206e-13,0.49511995013270776,0.5361328125,0.43807900689564977,0.435791015625,0.20649509801092117,0.203125
aligned_d3,aligned,3,lambda0_N400_r002,-3/4,400,300,146,154,100,True,included,65,8.781759201307675e-09,True,True,0.027777777777777776,0.02777777777777816,0.0361328125,0.11236647442095021,0.07631162284537928,0.18488051511921627,1.0231815394945443e-12,0.45004961187737397,0.5361328125,0.3639799256885092,0.435791015625,0.1331018518518042,0.203125
aligned_d3,aligned,3,lambda0_N400_r003,-3/4,400,309,154,155,91,True,included,50,9.774155048791467e-09,True,True,0.027777777777777776,0.02777777777777836,0.0361328125,0.09363346330653122,0.01650318556494505,0.14367767600933604,0.0,0.5092695128222878,0.5361328125,0.4275265255733469,0.435791015625,0.20833333332118714,0.203125
aligned_d3,aligned,3,lambda0_N400_r004,-3/4,400,303,141,162,97,True,included,52,9.523586542776858e-09,True,True,0.027777777777777776,0.027777777777777655,0.0361328125,0.0818050327798712,0.00877266933977228,0.14041265383006085,-1.1368683772161603e-13,0.5229228870628638,0.5361328125,0.4282983675269828,0.435791015625,0.2026378896844411,0.203125
aligned_d3,aligned,3,lambda0_N400_r005,-3/4,400,299,155,144,101,True,included,85,9.405467215912606e-09,True,True,0.027777777777777776,0.02777777777777771,0.0361328125,0.08533442349155432,0.03921920357558367,0.11428579830673315,-1.1368683772161603e-13,0.5872346159481392,0.5361328125,0.462373945068059,0.435791015625,0.2391304347825758,0.203125
aligned_d3,aligned,3,lambda0_N400_r006,-3/4,400,306,143,163,94,True,included,56,9.082658622300978e-09,True,True,0.027777777777777776,0.02777777777777738,0.0361328125,0.08358446526040145,0.015491509062233332,0.1468184721641354,-1.1368683772161603e-13,0.5109723100836617,0.5361328125,0.4280590727172466,0.435791015625,0.20833333333269385,0.203125
aligned_d3,aligned,3,lambda0_N400_r007,-3/4,400,291,129,162,109,True,included,62,9.392601036763897e-09,True,True,0.027777777777777776,0.027777777777778095,0.0361328125,0.1268213278887127,0.04140375424798552,0.10836561218776837,-2.2737367544323206e-13,0.5850547535143757,0.5361328125,0.4852477224029169,0.435791015625,0.2205459769976263,0.203125
aligned_d3,aligned,3,lambda0_N400_r008,-3/4,400,317,179,138,83,True,included,39,9.236014630980712e-09,True,True,0.027777777777777776,0.027777777777777846,0.0361328125,0.09779067036270668,0.018067791336942637,0.12896052788124374,-1.1368683772161603e-13,0.5517768203642148,0.5361328125,0.41162129668564146,0.435791015625,0.1908602148113921,0.203125
aligned_d3,aligned,3,lambda0_N400_r009,-3/4,400,299,146,153,101,True,included,49,8.995744035222816e-09,True,True,0.027777777777777776,0.02777777777777779,0.0361328125,0.09456298630131335,0.05018853620329046,0.16246302627732548,6.0254023992456496e-12,0.48431352489784574,0.5361328125,0.39028296020715303,0.435791015625,0.1502057613133146,0.203125
aligned_d3,aligned,3,lambda0_N400_r010,-3/4,400,296,138,158,104,True,included,47,8.035894016277756e-09,True,True,0.027777777777777776,0.027777777777778272,0.0361328125,0.07739475751223282,0.010640102502710181,0.13531513903660683,2.5784174795262516e-09,0.5463002602228745,0.5361328125,0.4281035378880533,0.435791015625,0.18981481455233995,0.203125
aligned_d3,aligned,3,lambda0_N400_r011,-3/4,400,320,163,157,80,True,included,39,7.202041807374826e-09,True,True,0.027777777777777776,0.02777777777777793,0.0361328125,0.07866595108708892,0.01827523130123081,0.1119101176917558,-2.2737367544323206e-13,0.5582377647304213,0.5361328125,0.45015799425599756,0.435791015625,0.185606060270447,0.203125
aligned_d3,aligned,3,lambda0_N400_r012,-3/4,400,311,149,162,89,True,included,50,7.492863144519214e-09,True,True,0.027777777777777776,0.02777777777777803,0.0361328125,0.0833853668181653,0.0201868815123083,0.15392542926132624,4.228922989568673e-08,0.502356523897235,0.5361328125,0.4320913317823619,0.435791015625,0.19487847204799677,0.203125
aligned_d3,aligned,3,lambda0_N400_r013,-3/4,400,309,156,153,91,True,included,66,9.986100426975741e-09,True,True,0.027777777777777776,0.027777777777777533,0.0361328125,0.07536032548323429,0.03638151312589202,0.11664395193752164,-1.1368683772161603e-13,0.5812321500272327,0.5361328125,0.46932176604533227,0.435791015625,0.23163082436700413,0.203125
aligned_d3,aligned,3,lambda0_N400_r014,-3/4,400,309,154,155,91,True,included,54,8.13501748668407e-09,True,True,0.027777777777777776,0.02777777777777777,0.0361328125,0.08360806508692203,0.02319485790561099,0.13564720900695496,3.405841653147945e-08,0.5511242670797094,0.5361328125,0.4495185644814155,0.435791015625,0.23777777754760346,0.203125
aligned_d3,aligned,3,lambda0_N400_r015,-3/4,400,300,149,151,100,True,included,50,8.26179302748642e-09,True,True,0.027777777777777776,0.02777777777777819,0.0361328125,0.10069293846391929,0.024976241702730755,0.13696258257582378,-1.1368683772161603e-13,0.5284641314137049,0.5361328125,0.454493746888072,0.435791015625,0.24137205377513005,0.203125
aligned_d3,aligned,3,lambda0_N400_r016,-3/4,400,299,151,148,101,True,included,45,7.526947733989751e-09,True,True,0.027777777777777776,0.027777777777777467,0.0361328125,0.09845578472056737,0.03055967090524861,0.1520252246480638,6.150821718620136e-08,0.5175782563977079,0.5361328125,0.3916545331920398,0.435791015625,0.1805555555273687,0.203125
aligned_d3,aligned,3,lambda0_N400_r017,-3/4,400,334,166,168,66,True,included,62,9.281022587851123e-09,True,True,0.027777777777777776,0.027777777777777454,0.0361328125,0.10326766725987019,0.015369781487199134,0.12646432965357873,0.0,0.5608285570135383,0.5361328125,0.43964673744656174,0.435791015625,0.21228710461900124,0.203125
aligned_d3,aligned,3,lambda0_N400_r018,-3/4,400,298,140,158,102,True,included,59,8.675298856616682e-09,True,True,0.027777777777777776,0.027777777777778345,0.0361328125,0.10149637855890983,0.00932572004875668,0.1519885752048759,-2.2737367544323206e-13,0.5297527025542224,0.5361328125,0.4274522322309358,0.435791015625,0.21539961004961117,0.203125
aligned_d3,aligned,3,lambda0_N400_r019,-3/4,400,311,150,161,89,True,included,46,8.292684227052607e-09,True,True,0.027777777777777776,0.02777777777777767,0.0361328125,0.13155925816844966,0.01506238908095347,0.14186566457777136,1.2732925824820995e-11,0.5200034165095101,0.5361328125,0.43784497796795896,0.435791015625,0.22352721846157309,0.203125
aligned_d3,aligned,3,lambda1_N1600_r000,0,1600,1119,563,556,481,True,included,44,7.095386645817991e-09,True,True,0.027777777777777776,0.027777777777777762,0.0625,0.056486847095578926,0.03781068235249598,0.17031244863046655,-9.094947017729282e-13,0.5284832694509192,0.5625,0.43792746287018813,0.46875,0.2032905111618993,0.25
aligned_d3,aligned,3,lambda1_N1600_r001,0,1600,1193,621,572,407,True,included,45,9.335877586509792e-09,True,True,0.027777777777777776,0.027777777777778092,0.0625,0.05562558512349365,0.01457188542776991,0.1697666592554559,0.0,0.5458621148862952,0.5625,0.4497731302864087,0.46875,0.24971941208739346,0.25
aligned_d3,aligned,3,lambda1_N1600_r002,0,1600,1176,588,588,424,True,included,52,8.155928926931839e-09,True,True,0.027777777777777776,0.027777777777777492,0.0625,0.04228987871123825,0.012562460552899737,0.16181827006289037,-4.547473508864641e-13,0.5578750470794469,0.5625,0.4527738258707472,0.46875,0.23597081912213164,0.25
aligned_d3,aligned,3,lambda1_N1600_r003,0,1600,1147,608,539,453,True,included,55,7.775188434191619e-09,True,True,0.027777777777777776,0.027777777777777703,0.0625,0.041653223895024155,0.019792750692863896,0.1592929717220999,-4.547473508864641e-13,0.5550091758727103,0.5625,0.455370177183979,0.46875,0.21933851218098688,0.25
aligned_d3,aligned,3,lambda1_N1600_r004,0,1600,1157,565,592,443,True,included,54,7.785936133599379e-09,True,True,0.027777777777777776,0.027777777777778113,0.0625,0.048754778119966126,0.03236250204431383,0.1626090403623763,-4.547473508864641e-13,0.5498524111006469,0.5625,0.4501613179497388,0.46875,0.19865319863543682,0.25
aligned_d3,aligned,3,lambda1_N1600_r005,0,1600,1155,578,577,445,True,included,45,8.797996997600421e-09,True,True,0.027777777777777776,0.027777777777777964,0.0625,0.041011028719654785,0.03615659116034984,0.1771843545802883,0.0,0.5319381449970543,0.5625,0.42144040167206054,0.46875,0.2226198579653426,0.25
aligned_d3,aligned,3,lambda1_N1600_r006,0,1600,1159,605,554,441,True,included,55,7.517113881413912e-09,True,True,0.027777777777777776,0.027777777777777776,0.0625,0.05442889694244503,0.011334435343995598,0.1573356951225723,-4.547473508864641e-13,0.5583773129889985,0.5625,0.4682625014524584,0.46875,0.23081213741249135,0.25
aligned_d3,aligned,3,lambda1_N1600_r007,0,1600,1142,589,553,458,True,included,42,9.282286152010655e-09,True,True,0.027777777777777776,0.027777777777777932,0.0625,0.04709121898366146,0.05715629341431532,0.18277878565244302,-9.094947017729282e-13,0.514250519207524,0.5625,0.41422720013448955,0.46875,0.18291961889887703,0.25
aligned_d3,aligned,3,lambda1_N1600_r008,0,1600,1159,566,593,441,True,included,52,8.796495232729397e-09,True,True,0.027777777777777776,0.02777777777777804,0.0625,0.0592803271191493,0.015594368123149351,0.1592396259129336,-4.547473508864641e-13,0.5584007469971108,0.5625,0.4774616197859488,0.46875,0.22476397897836786,0.25
aligned_d3,aligned,3,lambda1_N1600_r009,0,1600,1171,588,583,429,True,included,42,7.191876731875586e-09,True,True,0.027777777777777776,0.02777777777777763,0.0625,0.04797448437844212,0.03587952670565938,0.1743857492845362,-1.3642420526593924e-12,0.523841104023258,0.5625,0.44044057245099727,0.46875,0.2104261780519801,0.25
aligned_d3,aligned,3,lambda1_N1600_r010,0,1600,1157,600,557,443,True,included,50,8.95719119273577e-09,True,True,0.027777777777777776,0.027777777777777807,0.0625,0.03518808026225491,0.04309496758574412,0.17373713057014548,-4.547473508864641e-13,0.5365258528579177,0.5625,0.42150426804037855,0.46875,0.19837914001597737,0.25
aligned_d3,aligned,3,lambda1_N1600_r011,0,1600,1148,557,591,452,True,included,47,8.364864604311645e-09,True,True,0.027777777777777776,0.027777777777777714,0.0625,0.03211911695415381,0.02095161987073664,0.15770927624155084,-9.094947017729282e-13,0.5551201233474249,0.5625,0.4581925281000167,0.46875,0.2160737810344657,0.25
aligned_d3,aligned,3,lambda1_N1600_r012,0,1600,1177,568,609,423,True,included,43,9.60843153780822e-09,True,True,0.027777777777777776,0.027777777777778057,0.0625,0.06675613782454304,0.04345840909695662,0.1815575484908913,-4.547473508864641e-13,0.5128532455610761,0.5625,0.4261353622166392,0.46875,0.21278317068865915,0.25
aligned_d3,aligned,3,lambda1_N1600_r013,0,1600,1189,604,585,411,True,included,50,9.80720987645878e-09,True,True,0.027777777777777776,0.02777777777777767,0.0625,0.05716174273415026,0.0434484826477491,0.16722648597784218,-9.094947017729282e-13,0.5409825315351805,0.5625,0.4300130531964126,0.46875,0.18917435214996225,0.25
aligned_d3,aligned,3,lambda1_N1600_r014,0,1600,1183,599,584,417,True,included,58,9.775688810335411e-09,True,True,0.027777777777777776,0.027777777777777728,0.0625,0.0685200330709108,0.011380134349977528,0.1509616277347891,-9.094947017729282e-13,0.5741537444631601,0.5625,0.48464341398564786,0.46875,0.2503346719868656,0.25
aligned_d3,aligned,3,lambda1_N1600_r015,0,1600,1146,582,564,454,True,included,42,9.172069847085349e-09,True,True,0.027777777777777776,0.02777777777777785,0.0625,0.05232507220802382,0.017395563256105924,0.16210527400042213,-4.547473508864641e-13,0.5483022925991496,0.5625,0.45978359986914424,0.46875,0.22498309299204283,0.25
aligned_d3,aligned,3,lambda1_N1600_r016,0,1600,1154,561,593,446,True,included,41,9.351565400733184e-09,True,True,0.027777777777777776,0.027777777777777752,0.0625,0.04748634108022876,0.01814189666970896,0.1564444962686549,-4.547473508864641e-13,0.5470362938400248,0.5625,0.4526498573325461,0.46875,0.2278856507622592,0.25
aligned_d3,aligned,3,lambda1_N1600_r017,0,1600,1167,585,582,433,True,included,44,9.414539715080046e-09,True,True,0.027777777777777776,0.027777777777777315,0.0625,0.06880649361905444,0.020937356460735555,0.15567981911332418,0.0,0.5614799139955556,0.5625,0.44688661091338516,0.46875,0.22108511924834304,0.25
aligned_d3,aligned,3,lambda1_N1600_r018,0,1600,1174,570,604,426,True,included,47,8.490794438922208e-09,True,True,0.027777777777777776,0.027777777777777683,0.0625,0.049890512809783544,0.030150169414211794,0.16689770474366694,-4.547473508864641e-13,0.5486242807569316,0.5625,0.4500387776126778,0.46875,0.2032618708186054,0.25
aligned_d3,aligned,3,lambda1_N1600_r019,0,1600,1142,572,570,458,True,included,47,7.801355063023178e-09,True,True,0.027777777777777776,0.027777777777777745,0.0625,0.05524628263869595,0.01186105054707532,0.15839586353011126,0.0,0.563137367536053,0.5625,0.46003855574796065,0.46875,0.23140542923570367,0.25
aligned_d3,aligned,3,lambda1_N400_r000,0,400,298,143,155,102,True,included,48,8.817203015435449e-09,True,True,0.027777777777777776,0.027777777777777582,0.0625,0.0991483480038377,0.032060198609500365,0.1584806911214114,7.640892363269813e-10,0.567514783599359,0.5625,0.4343895120320584,0.46875,0.20666666621758295,0.25
aligned_d3,aligned,3,lambda1_N400_r001,0,400,310,160,150,90,True,included,54,9.014087987863252e-09,True,True,0.027777777777777776,0.02777777777777776,0.0625,0.0983712762726336,0.0162563186058943,0.14147332236453705,1.1984980119450483e-08,0.5892134147331517,0.5625,0.4763919052860101,0.46875,0.2454394692476292,0.25
aligned_d3,aligned,3,lambda1_N400_r002,0,400,278,121,157,122,True,included,134,9.038332199380296e-09,True,True,0.027777777777777776,0.02777777777777808,0.0625,0.12257038074030069,0.007299832749232334,0.1477794754382616,1.9657591110444628e-08,0.5669695374774938,0.5625,0.48046392316674297,0.46875,0.24836601307189576,0.25
aligned_d3,aligned,3,lambda1_N400_r003,0,400,287,153,134,113,True,included,55,9.288434489225143e-09,True,True,0.027777777777777776,0.027777777777778213,0.0625,0.11585535054608108,0.021955727560769585,0.16966737430165166,1.642376901145326e-08,0.5340126217055526,0.5625,0.4437019476394545,0.46875,0.2473118279406574,0.25
aligned_d3,aligned,3,lambda1_N400_r004,0,400,304,154,150,96,True,included,80,9.05461717300233e-09,True,True,0.027777777777777776,0.027777777777778095,0.0625,0.09447617266626496,0.0541074129415031,0.17826246396691814,-3.410605131648481e-13,0.5194282356035144,0.5625,0.4077100992902237,0.46875,0.19341563786008278,0.25
aligned_d3,aligned,3,lambda1_N400_r005,0,400,295,145,150,105,True,included,56,8.500050965159386e-09,True,True,0.027777777777777776,0.02777777777777756,0.0625,0.1034775117350278,0.030497966993304905,0.14793523545770385,2.9259581424412318e-09,0.5799487966355525,0.5625,0.49793512515780713,0.46875,0.20957542903544418,0.25
aligned_d3,aligned,3,lambda1_N400_r006,0,400,301,140,161,99,True,included,83,9.818979773221887e-09,True,True,0.027777777777777776,0.027777777777778085,0.0625,0.0893023533069182,0.007559772117791905,0.17129694983701166,-2.2737367544323206e-13,0.5556895077889794,0.5625,0.46611937056094366,0.46875,0.23913043478253018,0.25
aligned_d3,aligned,3,lambda1_N400_r007,0,400,300,159,141,100,True,included,57,9.452322539497496e-09,True,True,0.027777777777777776,0.027777777777777582,0.0625,0.08705181782641505,0.00991901320992919,0.16161171030407237,5.650235834764317e-11,0.5558074653499983,0.5625,0.45947611732436733,0.46875,0.23717948716886195,0.25
aligned_d3,aligned,3,lambda1_N400_r008,0,400,298,151,147,102,True,included,47,9.045035062474395e-09,True,True,0.027777777777777776,0.027777777777777627,0.0625,0.09119310520780526,0.02883525822117061,0.16675143799940376,-2.2737367544323206e-13,0.5486908336350982,0.5625,0.43822163408835707,0.46875,0.21296296246841462,0.25
aligned_d3,aligned,3,lambda1_N400_r009,0,400,283,144,139,117,True,included,64,9.878392241618918e-09,True,True,0.027777777777777776,0.02777777777777817,0.0625,0.11977882553674885,0.0589378821709263,0.20973292591368645,-2.2737367544323206e-13,0.48312113304122634,0.5625,0.4046081033735717,0.46875,0.2475845410606107,0.25
aligned_d3,aligned,3,lambda1_N400_r010,0,400,294,136,158,106,True,included,69,9.847072647835685e-09,True,True,0.027777777777777776,0.027777777777777825,0.0625,0.09048408203445348,0.04885291957876489,0.1836254428397509,6.681284503429197e-08,0.50988458712485,0.5625,0.4245596284506321,0.46875,0.20061728395061565,0.25
aligned_d3,aligned,3,lambda1_N400_r011,0,400,301,159,142,99,True,included,62,8.588524089035586e-09,True,True,0.027777777777777776,0.027777777777777617,0.0625,0.09927857832242995,0.03097127642016324,0.1724315323849003,-1.1368683772161603e-13,0.5156807144545659,0.5625,0.442614612469148,0.46875,0.2515987210231207,0.25
aligned_d3,aligned,3,lambda1_N400_r012,0,400,284,144,140,116,True,included,56,9.411098504565864e-09,True,True,0.027777777777777776,0.02777777777777778,0.0625,0.08249136634891902,0.021269109241215514,0.1800437897781657,1.8530954548623413e-11,0.5358681468795996,0.5625,0.44333949004391665,0.46875,0.2514749260623795,0.25
aligned_d3,aligned,3,lambda1_N400_r013,0,400,299,142,157,101,True,included,46,9.060616064190348e-09,True,True,0.027777777777777776,0.0277777777777779,0.0625,0.11678155723791656,0.03398292466389165,0.15895816036238958,0.0,0.5495233934489072,0.5625,0.4386361524010082,0.46875,0.20111972410738627,0.25
aligned_d3,aligned,3,lambda1_N400_r014,0,400,297,156,141,103,True,included,45,9.843544604192859e-09,True,True,0.027777777777777776,0.027777777777777603,0.0625,0.0882270973828875,0.057839401029942665,0.17081101834129683,0.0,0.5381779807018751,0.5625,0.4352132160187021,0.46875,0.15878644600739977,0.25
aligned_d3,aligned,3,lambda1_N400_r015,0,400,289,134,155,111,True,included,64,8.058218058992953e-09,True,True,0.027777777777777776,0.027777777777777735,0.0625,0.08671592262070166,0.05003169134362437,0.1814290950647412,-1.1368683772161603e-13,0.5205673746939095,0.5625,0.41923282912679943,0.46875,0.1925612052723565,0.25
aligned_d3,aligned,3,lambda1_N400_r016,0,400,292,165,127,108,True,included,51,7.64819693726267e-09,True,True,0.027777777777777776,0.027777777777777558,0.0625,0.10171519310171191,0.021602522556437777,0.15434188637669663,-2.2737367544323206e-13,0.5407205970366421,0.5625,0.46023028534017235,0.46875,0.22079248365439122,0.25
aligned_d3,aligned,3,lambda1_N400_r017,0,400,302,148,154,98,True,included,44,8.797721438775215e-09,True,True,0.027777777777777776,0.027777777777777665,0.0625,0.11164734858567214,0.07063597570140082,0.18539184822665145,0.0,0.4967913690260386,0.5625,0.41079238403507623,0.46875,0.16460905342451793,0.25
aligned_d3,aligned,3,lambda1_N400_r018,0,400,301,144,157,99,True,included,45,9.022729436976585e-09,True,True,0.027777777777777776,0.027777777777777467,0.0625,0.09541309973407336,0.05114357127666087,0.1725008630116651,3.403442860872019e-09,0.5249330653293806,0.5625,0.41312073064402977,0.46875,0.19219771233621463,0.25
aligned_d3,aligned,3,lambda1_N400_r019,0,400,295,151,144,105,True,included,56,8.030016588390474e-09,True,True,0.027777777777777776,0.027777777777778276,0.0625,0.12118913987991731,0.036292019641375683,0.13733375133666278,-2.2737367544323206e-13,0.6019802038875863,0.5625,0.4612020830004843,0.46875,0.20167118334872008,0.25
aligned_d3,aligned,3,lambda2_N1600_r000,3/4,1600,1143,559,584,457,True,included,53,7.565740091967672e-09,True,True,0.027777777777777776,0.027777777777777523,0.0888671875,0.041495755274947005,0.04064301043247417,0.19348449079529206,-4.547473508864641e-13,0.5622864673877618,0.5888671875,0.46174299277905695,0.501708984375,0.24537987668613195,0.296875
aligned_d3,aligned,3,lambda2_N1600_r001,3/4,1600,1120,573,547,480,True,included,49,7.953460620261207e-09,True,True,0.027777777777777776,0.027777777777777256,0.0888671875,0.05422613824810257,0.060879998167095405,0.20426043948423037,-4.547473508864641e-13,0.5379872956708304,0.5888671875,0.4478870405918056,0.501708984375,0.22181797164603917,0.296875
aligned_d3,aligned,3,lambda2_N1600_r002,3/4,1600,1115,555,560,485,True,included,47,8.679864443736798e-09,True,True,0.027777777777777776,0.027777777777777627,0.0888671875,0.05354049004506166,0.0625464794663469,0.20299502605927727,-4.547473508864641e-13,0.5289610506021819,0.5888671875,0.4443160669781358,0.501708984375,0.22720797713007207,0.296875
aligned_d3,aligned,3,lambda2_N1600_r003,3/4,1600,1118,519,599,482,True,included,44,6.949694388643566e-09,True,True,0.027777777777777776,0.027777777777778012,0.0888671875,0.046214941879901314,0.03781741825314955,0.1891897552150274,-1.3642420526593924e-12,0.558548889125806,0.5888671875,0.46832048835780915,0.501708984375,0.24937257387875517,0.296875
aligned_d3,aligned,3,lambda2_N1600_r004,3/4,1600,1072,534,538,528,True,included,54,8.730681875632983e-09,True,True,0.027777777777777776,0.027777777777777853,0.0888671875,0.05134430490364334,0.031819544053509626,0.18273796520410754,-4.547473508864641e-13,0.5762110853787659,0.5888671875,0.4677916662417183,0.501708984375,0.25531914889498264,0.296875
aligned_d3,aligned,3,lambda2_N1600_r005,3/4,1600,1087,544,543,513,True,included,44,7.474326189965518e-09,True,True,0.027777777777777776,0.02777777777777767,0.0888671875,0.0317959423602208,0.049419014806871525,0.19808196190500849,-4.547473508864641e-13,0.5538014228631907,0.5888671875,0.4538036422676436,0.501708984375,0.23521312019198248,0.296875
aligned_d3,aligned,3,lambda2_N1600_r006,3/4,1600,1118,552,566,482,True,included,54,8.122783921133823e-09,True,True,0.027777777777777776,0.02777777777777754,0.0888671875,0.04837464213491993,0.02596128773969765,0.17775990693603444,-4.547473508864641e-13,0.5832774814354462,0.5888671875,0.4924886284302973,0.501708984375,0.25322061183941524,0.296875
aligned_d3,aligned,3,lambda2_N1600_r007,3/4,1600,1073,553,520,527,True,included,51,8.09633338398532e-09,True,True,0.027777777777777776,0.027777777777778147,0.0888671875,0.04340128119679984,0.05458250221236947,0.20322218376771717,-9.094947017729282e-13,0.5453040841928557,0.5888671875,0.4444986365107215,0.501708984375,0.23549926561914494,0.296875
aligned_d3,aligned,3,lambda2_N1600_r008,3/4,1600,1128,573,555,472,True,included,47,8.03243124338991e-09,True,True,0.027777777777777776,0.027777777777777932,0.0888671875,0.05066899560183243,0.03989844849775814,0.19231811977364263,-4.547473508864641e-13,0.5618349339260396,0.5888671875,0.4691547933582019,0.501708984375,0.24223856077177336,0.296875
aligned_d3,aligned,3,lambda2_N1600_r009,3/4,1600,1146,570,576,454,True,included,42,6.7829482934004846e-09,True,True,0.027777777777777776,0.027777777777777755,0.0888671875,0.03715575966496659,0.04929838511833049,0.18841350588650455,0.0,0.5487037299263451,0.5888671875,0.466369726124427,0.501708984375,0.23032407342602795,0.296875
aligned_d3,aligned,3,lambda2_N1600_r010,3/4,1600,1122,553,569,478,True,included,45,9.887837831538913e-09,True,True,0.027777777777777776,0.027777777777777568,0.0888671875,0.06134438462098154,0.0517094777674724,0.19012196191889216,-1.3642420526593924e-12,0.5525136844452713,0.5888671875,0.4539407310268709,0.501708984375,0.23040525454635058,0.296875
aligned_d3,aligned,3,lambda2_N1600_r011,3/4,1600,1111,541,570,489,True,included,56,9.033068018954631e-09,True,True,0.027777777777777776,0.027777777777777495,0.0888671875,0.062121870172978634,0.013429497553082483,0.1688314171804117,-9.094947017729282e-13,0.589366925417912,0.5888671875,0.5125491155589753,0.501708984375,0.2763008406851616,0.296875
aligned_d3,aligned,3,lambda2_N1600_r012,3/4,1600,1120,574,546,480,True,included,45,9.493441715286671e-09,True,True,0.027777777777777776,0.02777777777777764,0.0888671875,0.04952828878611236,0.03302399754125056,0.18486710070306636,0.0,0.5579699772437626,0.5888671875,0.467793669835693,0.501708984375,0.26271556383815303,0.296875
aligned_d3,aligned,3,lambda2_N1600_r013,3/4,1600,1109,533,576,491,True,included,50,7.804383262077064e-09,True,True,0.027777777777777776,0.02777777777777788,0.0888671875,0.05620807368182653,0.0419290765130203,0.19238278937811326,-4.547473508864641e-13,0.5532230797695354,0.5888671875,0.47174868605482834,0.501708984375,0.24114331708651274,0.296875
aligned_d3,aligned,3,lambda2_N1600_r014,3/4,1600,1121,558,563,479,True,included,45,7.655419127440414e-09,True,True,0.027777777777777776,0.027777777777777544,0.0888671875,0.04966039895816782,0.049787232505003144,0.19644668854620304,-4.547473508864641e-13,0.5487539710690484,0.5888671875,0.4547579135243352,0.501708984375,0.23668503094317778,0.296875
aligned_d3,aligned,3,lambda2_N1600_r015,3/4,1600,1117,547,570,483,True,included,51,7.62722897632552e-09,True,True,0.027777777777777776,0.027777777777777467,0.0888671875,0.05479350948806401,0.013301904530571212,0.16367324563770835,-4.547473508864641e-13,0.6011631721644417,0.5888671875,0.5055725120768686,0.501708984375,0.2777777774990707,0.296875
aligned_d3,aligned,3,lambda2_N1600_r016,3/4,1600,1127,567,560,473,True,included,47,8.195450301635382e-09,True,True,0.027777777777777776,0.0277777777777775,0.0888671875,0.06647080620938257,0.06064927306104205,0.2005902427982265,-4.547473508864641e-13,0.535432152135483,0.5888671875,0.45185370887105725,0.501708984375,0.2214153984338818,0.296875
aligned_d3,aligned,3,lambda2_N1600_r017,3/4,1600,1105,528,577,495,True,included,48,7.811524269260082e-09,True,True,0.027777777777777776,0.0277777777777778,0.0888671875,0.05427353279899461,0.03299024052276204,0.18836291941072186,-4.547473508864641e-13,0.5603470782799506,0.5888671875,0.474919877354421,0.501708984375,0.25523349397097306,0.296875
aligned_d3,aligned,3,lambda2_N1600_r018,3/4,1600,1137,577,560,463,True,included,44,8.6635753604839e-09,True,True,0.027777777777777776,0.027777777777777627,0.0888671875,0.05075922034257277,0.04504492170802176,0.18905609550091734,-9.094947017729282e-13,0.548132631952035,0.5888671875,0.46878480808142603,0.501708984375,0.23904914492854562,0.296875
aligned_d3,aligned,3,lambda2_N1600_r019,3/4,1600,1101,551,550,499,True,included,43,9.507712431867491e-09,True,True,0.027777777777777776,0.027777777777777842,0.0888671875,0.04712763290816457,0.03270633155583207,0.18232235200540584,-4.547473508864641e-13,0.5734203274429749,0.5888671875,0.46557460596082806,0.501708984375,0.25607287281868557,0.296875
aligned_d3,aligned,3,lambda2_N400_r000,3/4,400,269,135,134,131,True,included,62,7.764375921221191e-09,True,True,0.027777777777777776,0.027777777777777814,0.0888671875,0.11678489373922601,0.04676661210057764,0.19392704750039438,-1.1368683772161603e-13,0.533329419318188,0.5888671875,0.4741998469905546,0.501708984375,0.2447199265378266,0.296875
aligned_d3,aligned,3,lambda2_N400_r001,3/4,400,269,115,154,131,True,included,54,8.949566804285394e-09,True,True,0.027777777777777776,0.027777777777778033,0.0888671875,0.10866663507277047,0.05023376064272562,0.16994749931932632,4.9681148084346205e-11,0.56745977738609,0.5888671875,0.4779786180381269,0.501708984375,0.21594982078694783,0.296875
aligned_d3,aligned,3,lambda2_N400_r002,3/4,400,280,137,143,120,True,included,36,7.215258181401753e-09,True,True,0.027777777777777776,0.02777777777777782,0.0888671875,0.08880977456532793,0.07546805191240283,0.19891007013929962,0.0,0.5375560313733678,0.5888671875,0.4286620931741671,0.501708984375,0.201388888333426,0.296875
aligned_d3,aligned,3,lambda2_N400_r003,3/4,400,263,122,141,137,True,included,76,8.950100044277009e-09,True,True,0.027777777777777776,0.027777777777777457,0.0888671875,0.11309180819515202,0.07868590688385138,0.19881816529489724,6.028756160958437e-08,0.5466065460998861,0.5888671875,0.4352282953401815,0.501708984375,0.18566001899335174,0.296875
aligned_d3,aligned,3,lambda2_N400_r004,3/4,400,280,149,131,120,True,included,53,8.724479170853426e-09,True,True,0.027777777777777776,0.027777777777777974,0.0888671875,0.10985831151098903,0.08240803444746095,0.2003987862048756,-1.1368683772161603e-13,0.559477813577534,0.5888671875,0.42529918864454325,0.501708984375,0.1799516907697311,0.296875
aligned_d3,aligned,3,lambda2_N400_r005,3/4,400,267,138,129,133,True,included,38,8.639265050330463e-09,True,True,0.027777777777777776,0.027777777777777943,0.0888671875,0.1145350621395746,0.08293715263196266,0.21802278114749477,2.028389189945301e-08,0.5190917887245728,0.5888671875,0.41145438848379107,0.501708984375,0.20957542665432377,0.296875
aligned_d3,aligned,3,lambda2_N400_r006,3/4,400,291,138,153,109,True,included,43,8.669508993095571e-09,True,True,0.027777777777777776,0.02777777777777767,0.0888671875,0.11598269868544665,0.0288365843375879,0.18210964276404015,1.2147438610554673e-09,0.5743614891058328,0.5888671875,0.4775408295342629,0.501708984375,0.2556423576584271,0.296875
aligned_d3,aligned,3,lambda2_N400_r007,3/4,400,295,148,147,105,True,included,60,8.255213257236114e-09,True,True,0.027777777777777776,0.027777777777777703,0.0888671875,0.14346865368225092,0.06084572202101336,0.21684892970018965,4.6606828618678264e-08,0.523510057596087,0.5888671875,0.43078837289473365,0.501708984375,0.2543859649113627,0.296875
aligned_d3,aligned,3,lambda2_N400_r008,3/4,400,289,139,150,111,True,included,68,7.923834316105083e-09,True,True,0.027777777777777776,0.02777777777777786,0.0888671875,0.1211785793531665,0.06550894925098948,0.22575879715841943,-1.1368683772161603e-13,0.5318588910716555,0.5888671875,0.420390828813216,0.501708984375,0.24199623352084482,0.296875
aligned_d3,aligned,3,lambda2_N400_r009,3/4,400,275,132,143,125,True,included,62,7.935321636151374e-09,True,True,0.027777777777777776,0.027777777777778182,0.0888671875,0.08674869445366781,0.023554542561547313,0.20114390768014367,4.990852175978944e-11,0.5640293203945607,0.5888671875,0.47347842151378783,0.501708984375,0.28104575162735407,0.296875
aligned_d3,aligned,3,lambda2_N400_r010,3/4,400,285,143,142,115,True,included,72,9.537342592873182e-09,True,True,0.027777777777777776,0.02777777777777825,0.0888671875,0.06951503892365282,0.04304207932135787,0.19049676237910723,-1.1368683772161603e-13,0.5655551881105773,0.5888671875,0.4705460732372292,0.501708984375,0.23328816621496914,0.296875
aligned_d3,aligned,3,lambda2_N400_r011,3/4,400,287,136,151,113,True,included,48,9.99474110288561e-09,True,True,0.027777777777777776,0.02777777777777834,0.0888671875,0.08880043650922023,0.06376942184378079,0.2308201378873502,7.597691364935599e-10,0.5176115687107078,0.5888671875,0.4293318284037594,0.501708984375,0.2534722170092749,0.296875
aligned_d3,aligned,3,lambda2_N400_r012,3/4,400,271,125,146,129,True,included,48,9.983865450646163e-09,True,True,0.027777777777777776,0.02777777777777753,0.0888671875,0.07059231513113517,0.06442559415645732,0.20179581461066468,-2.2737367544323206e-13,0.5325817046120233,0.5888671875,0.4320319421778218,0.501708984375,0.23032407398121668,0.296875
aligned_d3,aligned,3,lambda2_N400_r013,3/4,400,261,143,118,139,True,included,54,7.814352996100407e-09,True,True,0.027777777777777776,0.02777777777777768,0.0888671875,0.0843902102632853,0.06395094131308673,0.19753692112086038,1.0686562745831907e-11,0.544693054614948,0.5888671875,0.4559935013340092,0.501708984375,0.2061671763094702,0.296875
aligned_d3,aligned,3,lambda2_N400_r014,3/4,400,266,143,123,134,True,included,62,9.711967156971854e-09,True,True,0.027777777777777776,0.027777777777778123,0.0888671875,0.08224381896328675,0.017617051002339016,0.16822847887618325,1.375053670926718e-08,0.5803311548359491,0.5888671875,0.4850037681578755,0.501708984375,0.2728093947602721,0.296875
aligned_d3,aligned,3,lambda2_N400_r015,3/4,400,262,129,133,138,True,included,72,8.321110436825356e-09,True,True,0.027777777777777776,0.02777777777777763,0.0888671875,0.11424779833967226,0.04592960861919201,0.1881512438513816,-1.1368683772161603e-13,0.5631192929099387,0.5888671875,0.45252192265265806,0.501708984375,0.2398989898989225,0.296875
aligned_d3,aligned,3,lambda2_N400_r016,3/4,400,287,136,151,113,True,included,48,7.293042527613224e-09,True,True,0.027777777777777776,0.02777777777777793,0.0888671875,0.13760473692274205,0.02744563162447439,0.16956659098585766,1.7444904187868815e-08,0.5841912770352649,0.5888671875,0.5278343394390509,0.501708984375,0.2574365698854265,0.296875
aligned_d3,aligned,3,lambda2_N400_r017,3/4,400,289,139,150,111,True,included,59,9.711376917548982e-09,True,True,0.027777777777777776,0.027777777777777617,0.0888671875,0.10221459046968498,0.03547201510322285,0.20416970175000265,-1.1368683772161603e-13,0.5596340151141986,0.5888671875,0.4795580510884313,0.501708984375,0.24758454095115554,0.296875
aligned_d3,aligned,3,lambda2_N400_r018,3/4,400,275,136,139,125,True,included,67,9.989192490551928e-09,True,True,0.027777777777777776,0.02777777777777773,0.0888671875,0.09755665284199591,0.01844138290100993,0.19017202536423616,4.547473508864641e-11,0.5704935593997204,0.5888671875,0.47728441114482567,0.501708984375,0.28759578543941083,0.296875
aligned_d3,aligned,3,lambda2_N400_r019,3/4,400,273,138,135,127,True,included,47,8.147733376059784e-09,True,True,0.027777777777777776,0.027777777777777752,0.0888671875,0.12506238874119954,0.06457787329827398,0.19913437439007067,1.7979573385673575e-09,0.5442640419337015,0.5888671875,0.4570243162015462,0.501708984375,0.20454545437670726,0.296875
aligned_d4,aligned,4,lambda0_N1600_r000,-3/4,1600,1250,612,638,350,True,included,44,9.78385578491725e-09,True,True,0.012345679012345678,0.012345679012345703,0.0,0.05622588094584012,0.021369472225313536,0.1476838889753259,9.54283223109087e-07,0.5116600203751012,0.5361328125,0.4113893885138617,0.435791015625,0.21637664403030016,0.203125
aligned_d4,aligned,4,lambda0_N1600_r001,-3/4,1600,1246,649,597,354,True,included,62,9.415630032026237e-09,True,True,0.012345679012345678,0.012345679012345638,0.0,0.04620251065479656,0.015445308358188638,0.13936273326121631,5.296169547364116e-08,0.5330627024911527,0.5361328125,0.42490871098676786,0.435791015625,0.2273700514772166,0.203125
aligned_d4,aligned,4,lambda0_N1600_r002,-3/4,1600,1224,631,593,376,True,included,50,8.554463629836534e-09,True,True,0.012345679012345678,0.012345679012345607,0.0,0.04225894785605998,0.007594847947737547,0.1365965374613376,3.980276233050972e-07,0.528848333726958,0.5361328125,0.4263736296399284,0.435791015625,0.19753086411846849,0.203125
aligned_d4,aligned,4,lambda0_N1600_r003,-3/4,1600,1240,598,642,360,True,included,48,7.137168172595275e-09,True,True,0.012345679012345678,0.012345679012345633,0.0,0.04692129789611963,0.006147130546867509,0.12348426830909723,2.417414179944899e-07,0.5460447548847593,0.5361328125,0.43503848673249523,0.435791015625,0.20693928109974236,0.203125
aligned_d4,aligned,4,lambda0_N1600_r004,-3/4,1600,1242,617,625,358,True,included,46,9.210579712774801e-09,True,True,0.012345679012345678,0.012345679012345703,0.0,0.07597676477848438,0.009620018240693853,0.12982068788704296,1.0778544492495712e-06,0.544598640530007,0.5361328125,0.44668233539214064,0.435791015625,0.21247075638191407,0.203125
aligned_d4,aligned,4,lambda0_N1600_r005,-3/4,1600,1223,659,564,377,True,included,50,7.57336535629834e-09,True,True,0.012345679012345678,0.012345679012345645,0.0,0.032270117031447,0.02092333707053959,0.11834587597327084,1.6089506971184164e-07,0.5595799682925133,0.5361328125,0.46136031707679936,0.435791015625,0.21360354050003474,0.203125
aligned_d4,aligned,4,lambda0_N1600_r006,-3/4,1600,1205,594,611,395,True,included,50,9.335239857850167e-09,True,True,0.012345679012345678,0.012345679012345718,0.0,0.061273845595302565,0.019312748862986315,0.1303696916021048,2.9076500140945427e-07,0.5389710636011668,0.5361328125,0.4540208557029679,0.435791015625,0.231027760927062,0.203125
aligned_d4,aligned,4,lambda0_N1600_r007,-3/4,1600,1238,643,595,362,True,included,48,7.866653852830137e-09,True,True,0.012345679012345678,0.012345679012345658,0.0,0.04398273049255925,0.014055839201012728,0.14329053053736573,7.870776244089939e-07,0.5190147222192918,0.5361328125,0.42899739250356395,0.435791015625,0.18720276658381146,0.203125
aligned_d4,aligned,4,lambda0_N1600_r008,-3/4,1600,1216,612,604,384,True,included,60,7.628908686061359e-09,True,True,0.012345679012345678,0.012345679012345666,0.0,0.046109786044392316,0.047455852143097735,0.11095202055784587,4.6090463001746684e-08,0.5799623186959382,0.5361328125,0.4856410834772988,0.435791015625,0.25160302419265956,0.203125
aligned_d4,aligned,4,lambda0_N1600_r009,-3/4,1600,1266,599,667,334,True,included,49,7.232145975646599e-09,True,True,0.012345679012345678,0.012345679012345751,0.0,0.050041863282612384,0.021199158921724654,0.1491863856342044,2.709966793190688e-07,0.5212748304739083,0.5361328125,0.40875417415709986,0.435791015625,0.18321363162618937,0.203125
aligned_d4,aligned,4,lambda0_N1600_r010,-3/4,1600,1231,639,592,369,True,included,50,8.249980263162524e-09,True,True,0.012345679012345678,0.012345679012345708,0.0,0.0693676774632721,0.03701976382203297,0.11629616955738464,6.447999112424441e-07,0.569103976229982,0.5361328125,0.4699629368327482,0.435791015625,0.2462129438309543,0.203125
aligned_d4,aligned,4,lambda0_N1600_r011,-3/4,1600,1233,608,625,367,True,included,54,9.734467105692236e-09,True,True,0.012345679012345678,0.012345679012345677,0.0,0.04413241638691773,0.008639798728548516,0.13660790517634103,7.776225174893625e-08,0.5244081101419777,0.5361328125,0.4282771816290842,0.435791015625,0.19764667730896648,0.203125
aligned_d4,aligned,4,lambda0_N1600_r012,-3/4,1600,1241,609,632,359,True,included,49,7.688856299611137e-09,True,True,0.012345679012345678,0.012345679012345654,0.0,0.04642503272973568,0.00861193668431735,0.13466807263923264,4.984131010132842e-07,0.5337384060395637,0.5361328125,0.444703963874302,0.435791015625,0.2148434696770337,0.203125
aligned_d4,aligned,4,lambda0_N1600_r013,-3/4,1600,1254,654,600,346,True,included,58,7.651065794036774e-09,True,True,0.012345679012345678,0.012345679012345716,0.0,0.042998112687579866,0.03273464717833444,0.12151684359189234,6.830214260844514e-08,0.5671786557274408,0.5361328125,0.4671987624750692,0.435791015625,0.23868312753463344,0.203125
aligned_d4,aligned,4,lambda0_N1600_r014,-3/4,1600,1259,614,645,341,True,included,51,8.807339364741549e-09,True,True,0.012345679012345678,0.012345679012345744,0.0,0.03335739724297582,0.012773868123764312,0.12958963432359655,4.329704097472131e-07,0.5433824023431455,0.5361328125,0.4525828978193556,0.435791015625,0.21557454858647535,0.203125
aligned_d4,aligned,4,lambda0_N1600_r015,-3/4,1600,1230,583,647,370,True,included,56,9.327817405562193e-09,True,True,0.012345679012345678,0.012345679012345635,0.0,0.04343796821898868,0.012856667671678128,0.1396105883463456,3.3022706702467985e-07,0.5301877437073194,0.5361328125,0.4189572151687203,0.435791015625,0.18981481479811896,0.203125
aligned_d4,aligned,4,lambda0_N1600_r016,-3/4,1600,1239,638,601,361,True,included,48,7.866447232823362e-09,True,True,0.012345679012345678,0.012345679012345718,0.0,0.04988647336496668,0.00666885955972285,0.1381733083822799,3.380996531632263e-07,0.5272034726717302,0.5361328125,0.43111326824186086,0.435791015625,0.2087647369737187,0.203125
aligned_d4,aligned,4,lambda0_N1600_r017,-3/4,1600,1260,595,665,340,True,included,47,8.860599827751267e-09,True,True,0.012345679012345678,0.012345679012345711,0.0,0.049955690323997826,0.0036134000556552162,0.12589006419460402,3.582244971767068e-07,0.5413701500424715,0.5361328125,0.4392113722318127,0.435791015625,0.20332855843160835,0.203125
aligned_d4,aligned,4,lambda0_N1600_r018,-3/4,1600,1242,638,604,358,True,included,47,7.772556916210593e-09,True,True,0.012345679012345678,0.012345679012345633,0.0,0.04770624078826794,0.013852221741084343,0.14434357082236332,3.634818313003052e-07,0.5141217841057054,0.5361328125,0.42650220709674735,0.435791015625,0.20091484013168104,0.203125
aligned_d4,aligned,4,lambda0_N1600_r019,-3/4,1600,1240,618,622,360,True,included,51,8.417987373832147e-09,True,True,0.012345679012345678,0.012345679012345663,0.0,0.03975713444245024,0.01830435903703175,0.11970912173491573,1.088533281290438e-07,0.554123093267112,0.5361328125,0.44675173815038,0.435791015625,0.22681805887621534,0.203125
aligned_d4,aligned,4,lambda0_N400_r000,-3/4,400,303,155,148,97,True,included,68,9.268468776480533e-09,True,True,0.012345679012345678,0.012345679012345708,0.0,0.1143664219423261,0.042551226587256664,0.1500024223220747,5.4642100622004364e-08,0.5004325207328341,0.5361328125,0.4250805834259027,0.435791015625,0.13954358398802413,0.203125
aligned_d4,aligned,4,lambda0_N400_r001,-3/4,400,292,141,151,108,True,included,47,8.694416218942984e-09,True,True,0.012345679012345678,0.012345679012345645,0.0,0.09256171449334356,0.022104037573599425,0.13395853858188483,3.050558916584123e-08,0.5017600962538005,0.5361328125,0.44546935140117916,0.435791015625,0.21693121691945577,0.203125
aligned_d4,aligned,4,lambda0_N400_r002,-3/4,400,303,148,155,97,True,included,65,9.120194875805603e-09,True,True,0.012345679012345678,0.012345679012345597,0.0,0.11357897990587829,0.0703527082898033,0.17720995005703122,4.297135092201643e-09,0.4549465762315321,0.5361328125,0.3696432867837977,0.435791015625,0.14082103783994343,0.203125
aligned_d4,aligned,4,lambda0_N400_r003,-3/4,400,317,157,160,83,True,included,51,8.268718600114944e-09,True,True,0.012345679012345678,0.012345679012345673,0.0,0.09524840887848429,0.022818001360184192,0.1253913012924319,1.3719841263082344e-08,0.5284271597629505,0.5361328125,0.4498753402092134,0.435791015625,0.23923923922945944,0.203125
aligned_d4,aligned,4,lambda0_N400_r004,-3/4,400,306,143,163,94,True,included,58,7.68836051903753e-09,True,True,0.012345679012345678,0.01234567901234574,0.0,0.08427227887590624,0.006961535081460688,0.13324142064842298,6.378365924319951e-08,0.5255893140319983,0.5361328125,0.4314936594615279,0.435791015625,0.2070944183617675,0.203125
aligned_d4,aligned,4,lambda0_N400_r005,-3/4,400,304,157,147,96,True,included,89,9.857773170850984e-09,True,True,0.012345679012345678,0.012345679012345612,0.0,0.0849441225306619,0.05373652074139703,0.10232920031328696,3.264426595706027e-08,0.598154335103075,0.5361328125,0.4765968565743469,0.435791015625,0.2592592592592495,0.203125
aligned_d4,aligned,4,lambda0_N400_r006,-3/4,400,311,146,165,89,True,included,56,9.622377178725678e-09,True,True,0.012345679012345678,0.012345679012345791,0.0,0.08257122122609907,0.014998955469955586,0.1351106154423424,4.234493644617032e-09,0.5203406566337249,0.5361328125,0.43901579546205793,0.435791015625,0.22349936142967206,0.203125
aligned_d4,aligned,4,lambda0_N400_r007,-3/4,400,300,133,167,100,True,included,64,9.366736435367784e-09,True,True,0.012345679012345678,0.01234567901234564,0.0,0.1330070900164127,0.07156735694066726,0.08652651533985328,1.6994590623653494e-08,0.6088186020162639,0.5361328125,0.5147275037448686,0.435791015625,0.2651851851763096,0.203125
aligned_d4,aligned,4,lambda0_N400_r008,-3/4,400,321,182,139,79,True,included,41,7.944957019035966e-09,True,True,0.012345679012345678,0.01234567901234565,0.0,0.09973788004554832,0.015918706576925453,0.11985435084734809,5.3366761676443275e-08,0.5561172070789461,0.5361328125,0.41731888498610203,0.435791015625,0.19869555079956586,0.203125
aligned_d4,aligned,4,lambda0_N400_r009,-3/4,400,305,151,154,95,True,included,52,7.213777250593116e-09,True,True,0.012345679012345678,0.01234567901234565,0.0,0.094510811970815,0.03232021142411169,0.14757655372243972,1.3709268387174234e-08,0.4984204502088907,0.5361328125,0.4069621504988111,0.435791015625,0.17345241222174973,0.203125
aligned_d4,aligned,4,lambda0_N400_r010,-3/4,400,300,140,160,100,True,included,50,8.709978184621529e-09,True,True,0.012345679012345678,0.012345679012345685,0.0,0.07754378753024176,0.009932847328195788,0.1254225631150127,1.6724641227483517e-07,0.5532802563277035,0.5361328125,0.4369019451367243,0.435791015625,0.20227920219232273,0.203125
aligned_d4,aligned,4,lambda0_N400_r011,-3/4,400,325,165,160,75,True,included,42,8.433067845404507e-09,True,True,0.012345679012345678,0.012345679012345727,0.0,0.07862323657059586,0.021687259238205112,0.1006858172160712,7.071264462865656e-08,0.5653380668042398,0.5361328125,0.45899542771986823,0.435791015625,0.1986955508072048,0.203125
aligned_d4,aligned,4,lambda0_N400_r012,-3/4,400,317,153,164,83,True,included,51,7.180712431254621e-09,True,True,0.012345679012345678,0.012345679012345692,0.0,0.08350041905419317,0.016101968962881946,0.13995172375273876,5.7176976042683236e-08,0.5170936561875664,0.5361328125,0.44890928597148566,0.435791015625,0.2187212086249215,0.203125
aligned_d4,aligned,4,lambda0_N400_r013,-3/4,400,312,158,154,88,True,included,69,8.70926551390137e-09,True,True,0.012345679012345678,0.012345679012345746,0.0,0.07671986244911409,0.04079145089258653,0.10965472553018595,1.8457967598806135e-08,0.5846342140624855,0.5361328125,0.4736329884470969,0.435791015625,0.23787304364526304,0.203125
aligned_d4,aligned,4,lambda0_N400_r014,-3/4,400,311,154,157,89,True,included,57,8.339058404148372e-09,True,True,0.012345679012345678,0.012345679012345706,0.0,0.08792079205608583,0.023267966634046136,0.1309699725393953,9.305188086727867e-08,0.5511803698932922,0.5361328125,0.449587366530888,0.435791015625,0.23787304357120603,0.203125
aligned_d4,aligned,4,lambda0_N400_r015,-3/4,400,304,150,154,96,True,included,52,7.495948002662388e-09,True,True,0.012345679012345678,0.01234567901234564,0.0,0.10065341680734921,0.03206016215431056,0.12761067140543375,3.183231456205249e-08,0.5350682755395589,0.5361328125,0.46213389084230955,0.435791015625,0.25199709508939816,0.203125
aligned_d4,aligned,4,lambda0_N400_r016,-3/4,400,305,155,150,95,True,included,45,8.654483392957281e-09,True,True,0.012345679012345678,0.012345679012345652,0.0,0.09790436329405067,0.01678326046544086,0.13741274932574835,7.73575266066473e-08,0.5300610107934409,0.5361328125,0.4073955878825215,0.435791015625,0.2017588364261921,0.203125
aligned_d4,aligned,4,lambda0_N400_r017,-3/4,400,335,166,169,65,True,included,67,9.184513920214403e-09,True,True,0.012345679012345678,0.012345679012345623,0.0,0.1074639112434088,0.012194238900801886,0.12426962814192097,4.831395017390605e-08,0.5570904981853775,0.5361328125,0.4348772253800103,0.435791015625,0.20558239398765754,0.203125
aligned_d4,aligned,4,lambda0_N400_r018,-3/4,400,300,141,159,100,True,included,63,8.917371303596155e-09,True,True,0.012345679012345678,0.012345679012345652,0.0,0.10495431993895918,0.009489337920527516,0.1470348929059285,5.238030098553281e-08,0.5305248657299884,0.5361328125,0.42839237652854223,0.435791015625,0.216687952298632,0.203125
aligned_d4,aligned,4,lambda0_N400_r019,-3/4,400,317,151,166,83,True,included,48,7.665370896735709e-09,True,True,0.012345679012345678,0.012345679012345597,0.0,0.12968831815026355,0.024129874008550156,0.12836157325836633,9.371797204948962e-08,0.5312598648174534,0.5361328125,0.4510281321074402,0.435791015625,0.2417363600018081,0.203125
aligned_d4,aligned,4,lambda1_N1600_r000,0,1600,1167,582,585,433,True,included,49,7.986731035831893e-09,True,True,0.012345679012345678,0.01234567901234564,0.0,0.06064961067459819,0.009579127058123879,0.13985875069758424,1.8714945326792076e-07,0.5634980528497375,0.5625,0.4796669109931173,0.46875,0.26245407445234403,0.25
aligned_d4,aligned,4,lambda1_N1600_r001,0,1600,1226,638,588,374,True,included,46,8.370562399462214e-09,True,True,0.012345679012345678,0.0123456790123457,0.0,0.0541283236645331,0.021083671309049822,0.15006400933527395,1.0322601156076416e-06,0.5674877289690534,0.5625,0.47597441041265265,0.46875,0.2854470597021103,0.25
aligned_d4,aligned,4,lambda1_N1600_r002,0,1600,1205,602,603,395,True,included,55,8.691306287484124e-09,True,True,0.012345679012345678,0.012345679012345694,0.0,0.04293186551244914,0.012833140658107874,0.1441806196105319,1.4607303455704823e-07,0.5757143313332443,0.5625,0.4748538356617952,0.46875,0.2667986051528506,0.25
aligned_d4,aligned,4,lambda1_N1600_r003,0,1600,1185,624,561,415,True,included,60,7.560611419445533e-09,True,True,0.012345679012345678,0.012345679012345604,0.0,0.04311889070112983,0.01818160919012841,0.135689251902664,6.854043022030964e-08,0.5816282974627736,0.5625,0.4879496524332406,0.46875,0.2660372790973436,0.25
aligned_d4,aligned,4,lambda1_N1600_r004,0,1600,1194,584,610,406,True,included,56,8.286933338685332e-09,True,True,0.012345679012345678,0.012345679012345593,0.0,0.04903636756361408,0.010531489597873086,0.13964002052850394,7.154494596761651e-08,0.5745114092241648,0.5625,0.4802813749129421,0.46875,0.24255082148709362,0.25
aligned_d4,aligned,4,lambda1_N1600_r005,0,1600,1202,602,600,398,True,included,50,9.289221177069868e-09,True,True,0.012345679012345678,0.012345679012345689,0.0,0.046312149710714956,0.017418298382060313,0.14818801325596098,2.428628249617759e-07,0.5662028017718927,0.5625,0.4637940902411701,0.46875,0.27952828428947163,0.25
aligned_d4,aligned,4,lambda1_N1600_r006,0,1600,1191,623,568,409,True,included,59,9.157582069832678e-09,True,True,0.012345679012345678,0.01234567901234572,0.0,0.0534230416686074,0.018838514588833496,0.13769942975757476,2.84313500742428e-07,0.5784546787501106,0.5625,0.49243673107367447,0.46875,0.2657815047687244,0.25
aligned_d4,aligned,4,lambda1_N1600_r007,0,1600,1185,606,579,415,True,included,47,8.548842075308844e-09,True,True,0.012345679012345678,0.012345679012345751,0.0,0.049667163352258695,0.013129804856590956,0.1554024142723064,5.901051736145746e-07,0.5479023381116709,0.5625,0.454808448186185,0.46875,0.23952542472778904,0.25
aligned_d4,aligned,4,lambda1_N1600_r008,0,1600,1191,585,606,409,True,included,56,9.367717537027255e-09,True,True,0.012345679012345678,0.012345679012345687,0.0,0.05827531487437632,0.02411506316801935,0.13947554961277853,2.9165630621719174e-07,0.580628466558297,0.5625,0.5037633775306675,0.46875,0.26378516989131245,0.25
aligned_d4,aligned,4,lambda1_N1600_r009,0,1600,1203,600,603,397,True,included,46,7.997999825555594e-09,True,True,0.012345679012345678,0.012345679012345706,0.0,0.04747679261310869,0.010811952812433046,0.15466474571388109,4.766761776409112e-07,0.5447893683129492,0.5625,0.4650579824788468,0.46875,0.2451629034820497,0.25
aligned_d4,aligned,4,lambda1_N1600_r010,0,1600,1198,623,575,402,True,included,52,8.343527505696302e-09,True,True,0.012345679012345678,0.012345679012345668,0.0,0.0378239958691307,0.006040304815432695,0.14812016420618143,1.3611861504614353e-07,0.5667256695698409,0.5625,0.4591988518131722,0.46875,0.2506124800321601,0.25
aligned_d4,aligned,4,lambda1_N1600_r011,0,1600,1176,573,603,424,True,included,48,7.897338933975841e-09,True,True,0.012345679012345678,0.01234567901234566,0.0,0.03288376328717854,0.008187121700054291,0.14024754196921377,2.226861397502944e-07,0.571755843382117,0.5625,0.47845273290043955,0.46875,0.24538770959902267,0.25
aligned_d4,aligned,4,lambda1_N1600_r012,0,1600,1203,583,620,397,True,included,47,7.666940919027013e-09,True,True,0.012345679012345678,0.012345679012345647,0.0,0.06877987485533042,0.024616257262956534,0.1654691498255893,2.0266134015400894e-07,0.5289042337115136,0.5625,0.44504361602675435,0.46875,0.23872116090589882,0.25
aligned_d4,aligned,4,lambda1_N1600_r013,0,1600,1230,628,602,370,True,included,53,8.451670842854272e-09,True,True,0.012345679012345678,0.0123456790123457,0.0,0.05878201625063886,0.008164249360990063,0.14236937113403617,9.664290701039135e-08,0.5686479879979545,0.5625,0.4643667546124053,0.46875,0.23804364995768285,0.25
aligned_d4,aligned,4,lambda1_N1600_r014,0,1600,1207,613,594,393,True,included,59,9.793721894225701e-09,True,True,0.012345679012345678,0.012345679012345703,0.0,0.07044773858630753,0.026921833175231717,0.13655786132913558,5.972833605483174e-08,0.587284198447874,0.5625,0.5005338106892465,0.46875,0.2734496948788584,0.25
aligned_d4,aligned,4,lambda1_N1600_r015,0,1600,1178,597,581,422,True,included,48,7.859818469715211e-09,True,True,0.012345679012345678,0.012345679012345668,0.0,0.05122555187406944,0.011697946054941042,0.14216886610654184,3.655004547908902e-07,0.5691015571186541,0.5625,0.48465887292924714,0.46875,0.2606701935991409,0.25
aligned_d4,aligned,4,lambda1_N1600_r016,0,1600,1184,572,612,416,True,included,45,7.567013970377023e-09,True,True,0.012345679012345678,0.012345679012345644,0.0,0.048022171578749745,0.006286892733227908,0.13796653702859976,3.997620297013782e-07,0.5651759511323184,0.5625,0.4745693706553569,0.46875,0.2588062064153843,0.25
aligned_d4,aligned,4,lambda1_N1600_r017,0,1600,1199,598,601,401,True,included,46,7.979044238041043e-09,True,True,0.012345679012345678,0.012345679012345696,0.0,0.06783021591867612,0.010995958105497337,0.13613389790004932,2.8994600143050775e-07,0.5806759447758518,0.5625,0.4710989149294936,0.46875,0.25518178677028924,0.25
aligned_d4,aligned,4,lambda1_N1600_r018,0,1600,1210,591,619,390,True,included,49,7.613635709035895e-09,True,True,0.012345679012345678,0.01234567901234568,0.0,0.0498042389300247,0.00925057827971353,0.14476581462328714,2.479637259966694e-07,0.5733272607535491,0.5625,0.4801371646181296,0.46875,0.24686591288225815,0.25
aligned_d4,aligned,4,lambda1_N1600_r019,0,1600,1185,595,590,415,True,included,54,7.420793494181648e-09,True,True,0.012345679012345678,0.012345679012345614,0.0,0.058102676959902094,0.029907266391485172,0.13184346366242508,1.0703115549404174e-07,0.5922092095471403,0.5625,0.4959713014468743,0.46875,0.282552993175072,0.25
aligned_d4,aligned,4,lambda1_N400_r000,0,400,303,145,158,97,True,included,53,9.070697577722853e-09,True,True,0.012345679012345678,0.012345679012345703,0.0,0.1023462233055246,0.02080846437299104,0.1462803095820636,6.362040494423127e-08,0.5775480184245251,0.5625,0.44751112321394904,0.46875,0.22507122499904555,0.25
aligned_d4,aligned,4,lambda1_N400_r001,0,400,317,163,154,83,True,included,57,9.390641282456622e-09,True,True,0.012345679012345678,0.012345679012345675,0.0,0.099820228201153,0.030545597156577724,0.12554402765547498,3.768400347325951e-08,0.6034103623262532,0.5625,0.49448800922680464,0.46875,0.2715173802385743,0.25
aligned_d4,aligned,4,lambda1_N400_r002,0,400,293,125,168,107,True,included,134,9.50573500535209e-09,True,True,0.012345679012345678,0.012345679012345803,0.0,0.12903008821093548,0.06131063024184845,0.11085634421803009,1.9658045857795514e-08,0.6093390188851707,0.5625,0.5312974696562345,0.46875,0.32190897365026866,0.25
aligned_d4,aligned,4,lambda1_N400_r003,0,400,299,158,141,101,True,included,57,8.90317519299918e-09,True,True,0.012345679012345678,0.012345679012345588,0.0,0.11705848086611399,0.03204910681715399,0.14042255947017165,4.102776074432768e-08,0.5683851735196971,0.5625,0.48473607112350703,0.46875,0.30283224399937286,0.25
aligned_d4,aligned,4,lambda1_N400_r004,0,400,310,157,153,90,True,included,81,9.78776744241552e-09,True,True,0.012345679012345678,0.012345679012345671,0.0,0.09763752103424997,0.03695736235954481,0.163767146872934,8.496044756611809e-09,0.5325745758185606,0.5625,0.42391255876353173,0.46875,0.21548025566938137,0.25
aligned_d4,aligned,4,lambda1_N400_r005,0,400,300,147,153,100,True,included,56,9.970640917345008e-09,True,True,0.012345679012345678,0.012345679012345677,0.0,0.10625288679314886,0.03115925877116626,0.13574831183726252,3.6096707844990306e-08,0.5899500157581049,0.5625,0.5098890507431051,0.46875,0.2283950616677223,0.25
aligned_d4,aligned,4,lambda1_N400_r006,0,400,307,142,165,93,True,included,90,9.739653779827881e-09,True,True,0.012345679012345678,0.01234567901234567,0.0,0.09010182108280462,0.01364340547513083,0.15682307100497567,4.780804374604486e-08,0.5710185986261567,0.5625,0.4845387075074,0.46875,0.26538108356289314,0.25
aligned_d4,aligned,4,lambda1_N400_r007,0,400,303,161,142,97,True,included,58,8.564645383074682e-09,True,True,0.012345679012345678,0.012345679012345689,0.0,0.09583307089503058,0.005718250524940913,0.15436547574293497,1.6583953765803017e-08,0.5589352087291337,0.5625,0.46328216954068724,0.46875,0.2425508214908402,0.25
aligned_d4,aligned,4,lambda1_N400_r008,0,400,304,154,150,96,True,included,52,8.298124947415139e-09,True,True,0.012345679012345678,0.012345679012345689,0.0,0.0934639653323559,0.010898089715959507,0.15211518911490876,4.4028638512827456e-08,0.5623668693494133,0.5625,0.45524522135045287,0.46875,0.2368125700673741,0.25
aligned_d4,aligned,4,lambda1_N400_r009,0,400,291,148,143,109,True,included,67,9.099657598642782e-09,True,True,0.012345679012345678,0.012345679012345578,0.0,0.11693338847739858,0.041945380738245865,0.18912588655818915,1.665023319219472e-08,0.5090684655318188,0.5625,0.4344967919985847,0.46875,0.28535581652029224,0.25
aligned_d4,aligned,4,lambda1_N400_r010,0,400,303,143,160,97,True,included,70,8.021965765659567e-09,True,True,0.012345679012345678,0.012345679012345635,0.0,0.08779643634050398,0.02055109042633499,0.16147399282529265,5.431775207398459e-08,0.5332234165552363,0.5625,0.4519615511918256,0.46875,0.23868312757201496,0.25
aligned_d4,aligned,4,lambda1_N400_r011,0,400,308,162,146,92,True,included,65,7.895353773365768e-09,True,True,0.012345679012345678,0.012345679012345585,0.0,0.10018188619177147,0.023820184325805658,0.15598729813526882,1.6018248061300255e-08,0.531582478344574,0.5625,0.46091537209633643,0.46875,0.2761711483172495,0.25
aligned_d4,aligned,4,lambda1_N400_r012,0,400,294,151,143,106,True,included,62,9.047265636588057e-09,True,True,0.012345679012345678,0.0123456790123457,0.0,0.08338284255604467,0.030549848794224073,0.15496175555556038,4.043909029860515e-08,0.566834229459096,0.5625,0.48047892622722466,0.46875,0.3014152363468465,0.25
aligned_d4,aligned,4,lambda1_N400_r013,0,400,304,147,157,96,True,included,49,7.522217515543161e-09,True,True,0.012345679012345678,0.012345679012345722,0.0,0.12152199310738449,0.020837275833622958,0.1467937229685069,9.701750514068408e-08,0.5594486066738265,0.5625,0.4510045102907912,0.46875,0.21872120868305794,0.25
aligned_d4,aligned,4,lambda1_N400_r014,0,400,308,166,142,92,True,included,46,7.32158091729864e-09,True,True,0.012345679012345678,0.012345679012345637,0.0,0.08791703917865384,0.024708052080328533,0.1439866202470575,3.3080937100749e-08,0.5647993003518157,0.5625,0.4677698479922876,0.46875,0.20727745287618493,0.25
aligned_d4,aligned,4,lambda1_N400_r015,0,400,304,140,164,96,True,included,69,9.506973547582961e-09,True,True,0.012345679012345678,0.012345679012345673,0.0,0.09380299353845516,0.013966561851739738,0.14434069091248405,1.9955109564762097e-08,0.5678869571908427,0.5625,0.4765540429930035,0.46875,0.2722547108510265,0.25
aligned_d4,aligned,4,lambda1_N400_r016,0,400,304,171,133,96,True,included,53,8.029961818285875e-09,True,True,0.012345679012345678,0.012345679012345708,0.0,0.10251159509107151,0.02111094951051566,0.1257228923933313,2.1094137991894968e-08,0.5712604114870737,0.5625,0.49612230841615157,0.46875,0.2726059392694674,0.25
aligned_d4,aligned,4,lambda1_N400_r017,0,400,313,156,157,87,True,included,47,7.895580663538417e-09,True,True,0.012345679012345678,0.012345679012345692,0.0,0.11131788988633008,0.03128388982160376,0.15880536570790835,5.880303888261551e-08,0.5273187028749038,0.5625,0.4465368774693541,0.46875,0.21528834767480898,0.25
aligned_d4,aligned,4,lambda1_N400_r018,0,400,304,146,158,96,True,included,50,7.866531192528208e-09,True,True,0.012345679012345678,0.012345679012345673,0.0,0.10092186050412973,0.0473123225483876,0.16513299870082337,3.455500063864747e-08,0.5278083134736706,0.5625,0.4166727006990404,0.46875,0.19708677501564315,0.25
aligned_d4,aligned,4,lambda1_N400_r019,0,400,304,157,147,96,True,included,63,9.005692565946638e-09,True,True,0.012345679012345678,0.012345679012345618,0.0,0.11883485726029624,0.03728735518711096,0.11588491008142462,4.8576566769042984e-08,0.6232309003497447,0.5625,0.48996907171578485,0.46875,0.2442947998475891,0.25
aligned_d4,aligned,4,lambda2_N1600_r000,3/4,1600,1193,585,608,407,True,included,55,8.564950225071487e-09,True,True,0.012345679012345678,0.012345679012345727,0.0,0.040792087568714844,0.006589223682099364,0.16273259994750347,2.358283381909132e-07,0.5967409954359556,0.5888671875,0.504111779146173,0.501708984375,0.30477963990789736,0.296875
aligned_d4,aligned,4,lambda2_N1600_r001,3/4,1600,1159,594,565,441,True,included,51,9.435008970058923e-09,True,True,0.012345679012345678,0.012345679012345599,0.0,0.05469581791823187,0.024092329468395714,0.17922348412770314,3.336899681016803e-07,0.5658547288607083,0.5888671875,0.4811890924012414,0.501708984375,0.2687559353213633,0.296875
aligned_d4,aligned,4,lambda2_N1600_r002,3/4,1600,1163,577,586,437,True,included,54,7.841450998985816e-09,True,True,0.012345679012345678,0.0123456790123457,0.0,0.05192161960349821,0.01979367963270237,0.1724865723011737,1.513080860604532e-07,0.562869388622695,0.5888671875,0.4843176818305658,0.501708984375,0.2828383939447841,0.296875
aligned_d4,aligned,4,lambda2_N1600_r003,3/4,1600,1172,546,626,428,True,included,45,9.642436637542844e-09,True,True,0.012345679012345678,0.012345679012345696,0.0,0.04721931020386394,0.012650482919490778,0.15560262220301924,7.123612704162952e-07,0.5963046615840868,0.5888671875,0.5137931809680778,0.501708984375,0.3135711171006126,0.296875
aligned_d4,aligned,4,lambda2_N1600_r004,3/4,1600,1138,571,567,462,True,included,55,9.271408969985309e-09,True,True,0.012345679012345678,0.012345679012345713,0.0,0.05848529753244505,0.033161036442526354,0.14072392746034107,8.34820639283862e-08,0.6224955416867346,0.5888671875,0.5259172389667307,0.501708984375,0.3366500828803808,0.296875
aligned_d4,aligned,4,lambda2_N1600_r005,3/4,1600,1138,571,567,462,True,included,51,8.506009637709397e-09,True,True,0.012345679012345678,0.012345679012345677,0.0,0.03299195222284307,0.0025816493821542333,0.16499593989736688,2.2805261323810555e-07,0.5916069380495572,0.5888671875,0.50008176986975,0.501708984375,0.3000119858905065,0.296875
aligned_d4,aligned,4,lambda2_N1600_r006,3/4,1600,1175,580,595,425,True,included,56,8.188282392554957e-09,True,True,0.012345679012345678,0.01234567901234565,0.0,0.050956546731528,0.031824797367106555,0.14271051063270807,1.4633997125201859e-07,0.621348427655062,0.5888671875,0.5388538649582018,0.501708984375,0.321444901644513,0.296875
aligned_d4,aligned,4,lambda2_N1600_r007,3/4,1600,1128,577,551,472,True,included,52,9.344378156986988e-09,True,True,0.012345679012345678,0.012345679012345644,0.0,0.044913599176243754,0.0066982946959837425,0.1670841287551444,1.6648937162244692e-07,0.5879987362387653,0.5888671875,0.4966586331434877,0.501708984375,0.30728370790962806,0.296875
aligned_d4,aligned,4,lambda2_N1600_r008,3/4,1600,1182,600,582,418,True,included,50,7.23435150175708e-09,True,True,0.012345679012345678,0.012345679012345706,0.0,0.05204235045589978,0.012417972581568156,0.158799876812049,2.175252120650839e-07,0.6002317896021347,0.5888671875,0.5156733051107175,0.501708984375,0.3086419747411941,0.296875
aligned_d4,aligned,4,lambda2_N1600_r009,3/4,1600,1189,592,597,411,True,included,43,8.799219537471833e-09,True,True,0.012345679012345678,0.012345679012345682,0.0,0.03972895946639487,0.013763151238437354,0.1620113885307861,3.6704523154185154e-07,0.5760652836571654,0.5888671875,0.4987230921547558,0.501708984375,0.2769886051109257,0.296875
aligned_d4,aligned,4,lambda2_N1600_r010,3/4,1600,1167,580,587,433,True,included,46,8.987364978099065e-09,True,True,0.012345679012345678,0.012345679012345663,0.0,0.06065100848864986,0.010675641820636315,0.16185617591308923,2.596111698949244e-07,0.5830146191812651,0.5888671875,0.4911604571948387,0.501708984375,0.28286129230890356,0.296875
aligned_d4,aligned,4,lambda2_N1600_r011,3/4,1600,1154,558,596,446,True,included,58,9.21657853598922e-09,True,True,0.012345679012345678,0.012345679012345638,0.0,0.061473407070559996,0.0335452618682698,0.14229678805068371,6.432492227759212e-08,0.6165660373145438,0.5888671875,0.5448364104150991,0.501708984375,0.3242365172009798,0.296875
aligned_d4,aligned,4,lambda2_N1600_r012,3/4,1600,1173,599,574,427,True,included,51,8.231055760440136e-09,True,True,0.012345679012345678,0.012345679012345663,0.0,0.04866684383939393,0.01535871344414386,0.1522390428401342,1.7481943359598517e-07,0.5933014175540622,0.5888671875,0.5103328984297573,0.501708984375,0.3216466762892984,0.296875
aligned_d4,aligned,4,lambda2_N1600_r013,3/4,1600,1159,557,602,441,True,included,55,7.649661453794954e-09,True,True,0.012345679012345678,0.012345679012345729,0.0,0.054827204909499466,0.007405853517939213,0.1607903078257941,1.0906796887866221e-07,0.5887081764204205,0.5888671875,0.5137048573467853,0.501708984375,0.30141523634945144,0.296875
aligned_d4,aligned,4,lambda2_N1600_r014,3/4,1600,1175,580,595,425,True,included,48,8.823575471785474e-09,True,True,0.012345679012345678,0.012345679012345609,0.0,0.05009967600404481,0.003272517467211876,0.16262812943571944,3.848281266982667e-07,0.5876026148866873,0.5888671875,0.5016988598074237,0.501708984375,0.30240029323370365,0.296875
aligned_d4,aligned,4,lambda2_N1600_r015,3/4,1600,1167,569,598,433,True,included,51,9.6733090774875e-09,True,True,0.012345679012345678,0.01234567901234567,0.0,0.053494039098747906,0.041212719307583405,0.13326026720536263,1.9403978512855247e-07,0.6323479446631834,0.5888671875,0.5442314514022122,0.501708984375,0.33424782773102535,0.296875
aligned_d4,aligned,4,lambda2_N1600_r016,3/4,1600,1176,592,584,424,True,included,50,8.797924686584591e-09,True,True,0.012345679012345678,0.01234567901234575,0.0,0.06449038182908831,0.013774940384183063,0.16970780690868728,2.393157956248615e-07,0.5716082573345538,0.5888671875,0.49453810466551207,0.501708984375,0.28204412809374657,0.296875
aligned_d4,aligned,4,lambda2_N1600_r017,3/4,1600,1152,555,597,448,True,included,52,8.318777173283504e-09,True,True,0.012345679012345678,0.01234567901234567,0.0,0.052092050204806985,0.010816621013153744,0.158677387059065,1.784874257282354e-07,0.5929754086633948,0.5888671875,0.5138880881919925,0.501708984375,0.31050547392844985,0.296875
aligned_d4,aligned,4,lambda2_N1600_r018,3/4,1600,1178,595,583,422,True,included,46,8.015969174984524e-09,True,True,0.012345679012345678,0.012345679012345573,0.0,0.05266090067975048,0.011396405938869227,0.16368168425183757,2.3766551748849452e-07,0.5745085025099457,0.5888671875,0.49979227650645947,0.501708984375,0.2834664728149008,0.296875
aligned_d4,aligned,4,lambda2_N1600_r019,3/4,1600,1159,586,573,441,True,included,45,8.447656146457279e-09,True,True,0.012345679012345678,0.012345679012345678,0.0,0.04766455142165217,0.021726283235805954,0.14611979579700565,5.466044967761263e-07,0.6121824560222615,0.5888671875,0.514136380414888,0.501708984375,0.3236714966204541,0.296875
aligned_d4,aligned,4,lambda2_N400_r000,3/4,400,286,143,143,114,True,included,62,8.198626076407166e-09,True,True,0.012345679012345678,0.012345679012345815,0.0,0.11919094869543476,0.024765691701892016,0.15075289850435578,6.285119980020681e-08,0.5843228690130233,0.5888671875,0.5316544300775161,0.501708984375,0.32724995526887357,0.296875
aligned_d4,aligned,4,lambda2_N400_r001,3/4,400,286,122,164,114,True,included,57,9.393959102440944e-09,True,True,0.012345679012345678,0.012345679012345663,0.0,0.10950051712114886,0.023355123276451093,0.12719616963834784,2.0730453798023518e-08,0.6135720809254219,0.5888671875,0.5336303404755585,0.501708984375,0.29953594256130545,0.296875
aligned_d4,aligned,4,lambda2_N400_r002,3/4,400,289,141,148,111,True,included,40,7.2351318446594645e-09,True,True,0.012345679012345678,0.012345679012345704,0.0,0.09358825541488855,0.0470132812306687,0.17585565571859213,6.421737452910747e-08,0.5585918870895895,0.5888671875,0.45465136448938637,0.501708984375,0.2377164635747102,0.296875
aligned_d4,aligned,4,lambda2_N400_r003,3/4,400,274,130,144,126,True,included,76,9.25759502147263e-09,True,True,0.012345679012345678,0.012345679012345652,0.0,0.10904716161927783,0.03461641523339448,0.16887955416896935,6.033542376826517e-08,0.5789917928070385,0.5888671875,0.4755691313873124,0.501708984375,0.24382716049382724,0.296875
aligned_d4,aligned,4,lambda2_N400_r004,3/4,400,291,154,137,109,True,included,67,9.802665748999792e-09,True,True,0.012345679012345678,0.012345679012345656,0.0,0.10601710820490037,0.03862237837393989,0.17208877117888394,2.7642158784146886e-08,0.5915541335692192,0.5888671875,0.46714563340404436,0.501708984375,0.2396629433662887,0.296875
aligned_d4,aligned,4,lambda2_N400_r005,3/4,400,280,145,135,120,True,included,40,9.553610068126415e-09,True,True,0.012345679012345678,0.0123456790123457,0.0,0.11113412487476056,0.033055232848540186,0.18312865734156925,1.2355098988336977e-07,0.558157162383421,0.5888671875,0.45926341671388193,0.501708984375,0.2737835860268765,0.296875
aligned_d4,aligned,4,lambda2_N400_r006,3/4,400,306,147,159,94,True,included,47,8.541364193994026e-09,True,True,0.012345679012345678,0.012345679012345635,0.0,0.11395204227222616,0.024559453077482696,0.14663039278934312,7.332869245146867e-08,0.6129614086312922,0.5888671875,0.5249211332854462,0.501708984375,0.32314598889328083,0.296875
aligned_d4,aligned,4,lambda2_N400_r007,3/4,400,308,153,155,92,True,included,60,8.865748816185862e-09,True,True,0.012345679012345678,0.012345679012345658,0.0,0.13745507845569227,0.024978532822373774,0.185588435297194,4.926789642922813e-08,0.5590473592363518,0.5888671875,0.4732409904411464,0.501708984375,0.3099949264321039,0.296875
aligned_d4,aligned,4,lambda2_N400_r008,3/4,400,298,144,154,102,True,included,70,8.822642816170591e-09,True,True,0.012345679012345678,0.012345679012345701,0.0,0.12082998600919281,0.03404752605956691,0.20294498190350718,1.4206307241693139e-08,0.5581300269529957,0.5888671875,0.4529173277681253,0.501708984375,0.2845338777092531,0.296875
aligned_d4,aligned,4,lambda2_N400_r009,3/4,400,289,141,148,111,True,included,63,8.163890564725287e-09,True,True,0.012345679012345678,0.01234567901234572,0.0,0.08661430285039587,0.03200851816909953,0.1658455033365021,9.41896587391966e-08,0.603729240258746,0.5888671875,0.5214239954950005,0.501708984375,0.3465144342280332,0.296875
aligned_d4,aligned,4,lambda2_N400_r010,3/4,400,297,148,149,103,True,included,77,9.39034370052658e-09,True,True,0.012345679012345678,0.012345679012345631,0.0,0.06671228437325159,0.007997759502484096,0.16083804148734931,4.019432253699051e-08,0.5978895286074719,0.5888671875,0.5099516388622666,0.501708984375,0.2903520804755316,0.296875
aligned_d4,aligned,4,lambda2_N400_r011,3/4,400,299,142,157,101,True,included,63,8.753742780067248e-09,True,True,0.012345679012345678,0.012345679012345697,0.0,0.08640142342522825,0.025575504290597312,0.2004800777812973,1.7045294953277335e-08,0.5573783600346209,0.5888671875,0.4763761616109356,0.501708984375,0.31501393863529986,0.296875
aligned_d4,aligned,4,lambda2_N400_r012,3/4,400,287,131,156,113,True,included,72,9.691549001959475e-09,True,True,0.012345679012345678,0.012345679012345704,0.0,0.07410066455002028,0.010849614360754574,0.16059973325165094,3.588820618460886e-08,0.5810256183243317,0.5888671875,0.49089698008387705,0.501708984375,0.3100944081336202,0.296875
aligned_d4,aligned,4,lambda2_N400_r013,3/4,400,275,150,125,125,True,included,61,9.173860979155342e-09,True,True,0.012345679012345678,0.012345679012345696,0.0,0.08621982753727031,0.008314132184387247,0.15977781293601992,2.7003807190340012e-08,0.5901121114882595,0.5888671875,0.5102607653640252,0.501708984375,0.28535581651688824,0.296875
aligned_d4,aligned,4,lambda2_N400_r014,3/4,400,277,152,125,123,True,included,64,8.571569549609779e-09,True,True,0.012345679012345678,0.012345679012345753,0.0,0.08029958268884259,0.021175083765036365,0.14003046128194155,1.827822870836826e-08,0.6086670044471254,0.5888671875,0.5197760795902182,0.501708984375,0.3219089736500917,0.296875
aligned_d4,aligned,4,lambda2_N400_r015,3/4,400,268,133,135,132,True,included,75,9.021041877015556e-09,True,True,0.012345679012345678,0.01234567901234579,0.0,0.1191542175361914,0.024419160721549343,0.1717514862091108,1.757882728270488e-08,0.5791406434162767,0.5888671875,0.4725991154180227,0.501708984375,0.2677735206470604,0.296875
aligned_d4,aligned,4,lambda2_N400_r016,3/4,400,303,145,158,97,True,included,49,9.112632074668522e-09,True,True,0.012345679012345678,0.012345679012345668,0.0,0.13673241837875705,0.05040807738708635,0.13190930758786393,1.3601834325527307e-07,0.6248536685700798,0.5888671875,0.5740079377745475,0.501708984375,0.3300526628940361,0.296875
aligned_d4,aligned,4,lambda2_N400_r017,3/4,400,300,146,154,100,True,included,61,9.114874046645127e-09,True,True,0.012345679012345678,0.012345679012345671,0.0,0.09875277283814918,0.0097659590895223,0.17696233029531364,8.6571958490822e-08,0.5916989608800238,0.5888671875,0.5174536729996198,0.501708984375,0.3023711541510976,0.296875
aligned_d4,aligned,4,lambda2_N400_r018,3/4,400,285,143,142,115,True,included,70,9.184524068379623e-09,True,True,0.012345679012345678,0.012345679012345625,0.0,0.09550550072537825,0.022625869755961016,0.1647492698042298,1.5984255696821492e-08,0.5983048860924781,0.5888671875,0.5111312004408878,0.501708984375,0.3337252596507324,0.296875
aligned_d4,aligned,4,lambda2_N400_r019,3/4,400,283,144,139,117,True,included,51,8.822523627247967e-09,True,True,0.012345679012345678,0.012345679012345647,0.0,0.12364111284079059,0.02750634848532246,0.1729110049391526,3.094862677244237e-08,0.5723713488145923,0.5888671875,0.4905120932969545,0.501708984375,0.2536047497437397,0.296875
